{"type": "FeatureCollection", "features": [{"type": "Feature", "properties": {"kind": "boundary"}, "geometry": {"type": "LineString", "coordinates": [[-124.75984697151819, 48.49453379983197], [-123.85636287498748, 48.2600003118753], [-123.53909541893152, 48.21721222593763], [-123.38711503156112, 48.24894155536484], [-123.200304728826, 48.332037258490175], [-123.14201371320077, 48.40006928160243], [-123.21544592348752, 48.54602936461082], [-123.23549637921677, 48.637858384793475], [-123.21247452863074, 48.68529734963742], [-123.0139595139815, 48.764052232450226], [-123.00514868227575, 48.786169745471156], [-123.02943660545291, 48.82185232196869], [-123.31360530662593, 48.99303050393553]]}}, {"type": "Feature", "properties": {"kind": "boundary"}, "geometry": {"type": "LineString", "coordinates": [[23.605257195741984, 51.517915147500304], [23.60856448740867, 51.6104934759512], [23.70680138519552, 51.641318467813306], [23.864311150821152, 51.62398102477938], [23.95117923350378, 51.5850686712636], [23.97830936045702, 51.59132151957091], [24.126827426863855, 51.664624538776934], [24.280048048609274, 51.77472117777478], [24.361903517359593, 51.86753205017098], [24.86636884939287, 51.89910635030131], [25.06671837738847, 51.93049978291863], [25.785795932729883, 51.92380768493683], [26.39438927583126, 51.84443268493651], [26.453403761508582, 51.81342682556139], [26.77348758312445, 51.77069041605601], [27.141992221797807, 51.75203522399865], [27.29634972505363, 51.597393500365214], [27.601344028440252, 51.601605129597004], [27.68971072765936, 51.57243378356824], [27.676791619586396, 51.489932359414254], [27.70004601411773, 51.47799510355483], [27.74128380708666, 51.48256846781267], [27.85853763195692, 51.59240672464905], [28.010776401488783, 51.55974721944058], [28.080281202921356, 51.56501821553435], [28.18373742036968, 51.60785797790432], [28.59900923026717, 51.54264232035197], [28.647740105918416, 51.45652354593757], [28.731300896934357, 51.4334241807031], [28.79326093925232, 51.51034455016955], [28.849536574018174, 51.54018768981811], [28.977694126102023, 51.57178782816459], [29.06078982922736, 51.625427964883556], [29.102079298628553, 51.62752086039137], [29.17421959810801, 51.58062449808649], [29.29881147636371, 51.41303782816395], [29.346508823369135, 51.38254873311175], [29.553162876104324, 51.434586900429665], [30.063777703580314, 51.4820258652736], [30.16077436699217, 51.47789175069026], [30.308982374805254, 51.39960195576806], [30.333373650847022, 51.325549628293814], [30.44954227063917, 51.27433828389256], [30.544523553191624, 51.26506236429617], [30.576924676238633, 51.31834076598909], [30.632528517384685, 51.35541860615851], [30.602401157358514, 51.47122549092461], [30.532948032358235, 51.596334133503234], [30.667306756317117, 51.81409861918118], [30.75531172051018, 51.89517894144713], [30.980672641735026, 52.04617747660399], [31.079322950980213, 52.076976630249945], [31.21797081881931, 52.0502340765389], [31.346025018038574, 52.105372829794334], [31.76336388522776, 52.101083685914105]]}}, {"type": "Feature", "properties": {"kind": "boundary"}, "geometry": {"type": "LineString", "coordinates": [[80.20934736523927, 42.19003489843956], [80.25911176953633, 42.23540680599183], [80.20578169141112, 42.39942780208622], [80.16185672396304, 42.625538031579325], [80.16500898633282, 42.66550975195709], [80.20221601758297, 42.73447195085059], [80.25027509961441, 42.797284654301365], [80.4240112649797, 42.855782375655764], [80.53893965039683, 42.87350739193188], [80.54369388216767, 42.91169627539557], [80.4506763040423, 42.93554494889827], [80.38334191276599, 42.973759670578104], [80.37130130404199, 42.99561880143757], [80.39021487826082, 43.043135280929945], [80.61702273958986, 43.128272203130805], [80.75122643425183, 43.102511501633316], [80.77778812044986, 43.11894460710212], [80.7857462910228, 43.16155182552677], [80.7297807148507, 43.2742839625715], [80.66776899610048, 43.31006989193362], [80.66539188021505, 43.352987168952026], [80.70383914584019, 43.42706533464242], [80.65081912630873, 43.56416290951276], [80.49599653516228, 43.89210154883699], [80.4315560240943, 43.951761989917955], [80.39579593294835, 44.04718252214491], [80.35522993359922, 44.097282823251874], [80.36535851432842, 44.223295803395615], [80.33631635938039, 44.43839895281053], [80.35502322787005, 44.55198375098807], [80.3910417011775, 44.62681122494671], [80.38148156120349, 44.65541413022025], [80.40055016471919, 44.67691152605367], [80.45543053581315, 44.6840687119261], [80.48152713412057, 44.714635321626744], [80.45543053581315, 44.746080430676344], [80.25502933138529, 44.808117987642746], [79.99716393424882, 44.79721426042916], [79.8752592304723, 44.86082794858045], [79.87184858594102, 44.883772284518045], [80.05922732943137, 45.006452134778954], [80.63479943229825, 45.12649648699298], [80.85333906446058, 45.129312852552886], [81.60207889193754, 45.31082632097808], [81.69204756055768, 45.34937693946782], [81.75886518751108, 45.31082632097808], [81.78966434115705, 45.22602529558712], [81.86748904818859, 45.18210032813903], [81.94490034376182, 45.16086131446707], [82.26658613477875, 45.21910065366001], [82.3233785338675, 45.20587148699329], [82.47871788933688, 45.12357676856848], [82.52145429884226, 45.125488796563275], [82.59700524285299, 45.2159483912902], [82.621086460301, 45.29310130470198], [82.62578901563955, 45.37441417091324], [82.61162967319157, 45.424256089858744], [82.32663414910189, 45.519935004247145], [82.31521365756538, 45.594943345718804], [82.42972863152417, 45.81193268491238], [82.5116874531391, 46.00579682065535], [82.55509565626426, 46.15868154559085], [82.6922449075669, 46.3866779648626], [82.97491499220345, 46.96602244728679], [83.00406050001607, 47.03351186785997], [83.02943362827136, 47.185957343121004], [83.09030846551121, 47.209366766949216], [83.71393965040951, 47.02105784767764], [84.01604007358782, 46.97051829689619], [84.33886274611515, 46.996149807312946], [84.66664635614251, 46.97237864845869], [84.71956302280938, 46.93933157000804], [84.74602135614282, 46.86437490496867], [84.7861739440336, 46.83073354754666], [84.85826256708077, 46.843187567729004], [85.01220665887826, 46.909230048198026], [85.23348514195206, 47.036354071636026], [85.48478763218745, 47.06351003680541], [85.52974612828137, 47.100794582704], [85.5772367695576, 47.188489488303304], [85.65661176955791, 47.2546353216369], [85.66984093622463, 47.33840281838202], [85.58664188023474, 47.49366465920296], [85.56163048700546, 47.746465765974804], [85.52597374872406, 47.91562856708225], [85.56225060419297, 48.05187348081978], [85.62638105666719, 48.20398305927091], [85.74937096552185, 48.38508311623778], [85.82983117060027, 48.40805329039152], [86.26556684768536, 48.454562079454206], [86.54942549026461, 48.528614406928455], [86.71794233596842, 48.69718292906455], [86.75783654169774, 48.86073883726833], [86.72858768102054, 48.93933869078427], [86.75313398635919, 49.008817654000694], [86.8083244160469, 49.04969371194356], [86.88599409378159, 49.09056976988643], [87.04851647333953, 49.10992259377974], [87.2299524271163, 49.105840155628684], [87.3228149759448, 49.085789699899436]]}}, {"type": "Feature", "properties": {"kind": "boundary"}, "geometry": {"type": "LineString", "coordinates": [[23.484644402772744, 53.9398086615074], [23.559110141705332, 53.919809882210444], [23.733673129987295, 53.91226512309582], [23.872527703555562, 53.935700385140194], [24.00848839691548, 53.93164378520528], [24.19131961436412, 53.950454006559525], [24.317926873479223, 53.89298981385096], [24.62075076670959, 53.979832058317456], [24.768183628038315, 53.974638576872124], [24.789215935981105, 53.99822886821336], [24.825647820746866, 54.11899669047946], [24.86952111176268, 54.145170803435306], [25.046047804471698, 54.13307851827901], [25.111418491320933, 54.15493764913846], [25.17952802908161, 54.21426219340954], [25.283656040149737, 54.25126251893052], [25.370575799264685, 54.251210842498224], [25.46116458507234, 54.29278453227704], [25.50560631684334, 54.26495677348787], [25.527362094838224, 54.215140692758496], [25.49738976410893, 54.17524648702917], [25.51041222504648, 54.15961436626088], [25.573044060984245, 54.13987396912539], [25.749260695099537, 54.156978868214], [25.765073683380848, 54.22118683533664], [25.748123813589103, 54.2596857773941], [25.70259687673996, 54.29299123800621], [25.55754113129666, 54.310690416066166], [25.547360874135165, 54.33182607687354], [25.6203279965313, 54.46039704041573], [25.724766066193183, 54.56424083110625], [25.722492303172345, 54.71787486430999], [25.780834995229867, 54.83326833761774], [25.859279819448915, 54.91928375916757], [26.09301232270508, 54.962304389050544], [26.175177850049153, 55.003283799857996], [26.250780470492145, 55.1244908717986], [26.291759881299612, 55.13958039002782], [26.601198357863353, 55.13020111756684], [26.648430616978118, 55.20420176860881], [26.775709669712995, 55.27311229107002], [26.76020674002544, 55.29334361431229], [26.495313348097312, 55.318019110731655], [26.457641228956533, 55.342462063205716], [26.5665751482278, 55.546480617894034], [26.59355024588416, 55.6675068223216]]}}, {"type": "Feature", "properties": {"kind": "boundary"}, "geometry": {"type": "LineString", "coordinates": [[116.68329674689559, 49.82378082945968], [116.03439578660652, 48.84001658791928], [116.02550744025234, 48.78229401304927], [115.9537805522312, 48.68937978778847], [115.82055870978274, 48.577241929715115], [115.79167158413159, 48.455698960964625], [115.78552208868888, 48.24821808531276], [115.52507286993782, 48.13086090757791], [115.5576290222817, 47.94503245705633], [115.61638512579756, 47.874804185571676], [115.71167646694377, 47.79894318296721], [115.89822838751743, 47.68693451597457], [115.99388146368969, 47.71132579201634], [116.07485843309107, 47.789538072290085], [116.23117964077397, 47.85821605080598], [116.51343631395218, 47.83956085874861], [116.76055301317194, 47.86979157163937], [116.90116458543812, 47.85307424579294], [117.06973310757422, 47.80638458921723], [117.19706383674139, 47.74029043231593], [117.28589562385113, 47.66634145770625], [117.35080122280971, 47.652182115258285], [117.76839847216033, 47.98787221942629], [117.97918663947888, 47.99962860777269], [118.14703169156289, 48.02890330666604], [118.23968753466224, 47.99949941669196], [118.49837975471536, 47.983996487004404], [118.56778120328332, 47.9432754583584], [118.7599141785445, 47.75760203713371], [119.0175728699518, 47.685358384789666], [119.08196170458748, 47.65414581968537], [119.12294111539492, 47.55849274351311], [119.16242190966591, 47.52521312111715], [119.29083784391122, 47.472632351260174], [119.3259261414374, 47.41018138283545], [119.5269474630528, 47.25592723244419], [119.71117394417331, 47.14999054624586], [119.75726932177767, 47.09004588478729], [119.75985314339226, 47.0270006373912], [119.78853356331425, 46.97881236427902], [119.89782921761156, 46.857811998067604], [119.88413496305421, 46.791433620788695], [119.89586551318448, 46.73285838478586], [119.86723676969478, 46.67219025327519], [119.70662641813163, 46.60601858172545], [119.4740824728182, 46.62666331642606], [119.33186893115098, 46.613795884785375], [119.16206017463986, 46.63867808693392], [118.95716312060259, 46.73484792742909], [118.8439400574511, 46.7602210556844], [118.79029992073214, 46.74709524188226], [118.72291385302353, 46.691878973978405], [118.30867557177189, 46.717045396504545], [118.07127404182302, 46.66658336037153], [117.9104569845307, 46.61932526304061], [117.81351199755116, 46.53770233823559], [117.74126834520712, 46.51814280861312], [117.67104007372245, 46.52209605568345], [117.54686160692509, 46.58826772723319], [117.43813439338297, 46.58625234637381], [117.40557824103911, 46.570878607766986], [117.35638227749723, 46.436649074888834], [117.35689904182016, 46.391303005552714], [117.33343794155965, 46.36202830665937], [116.97878258674052, 46.36176992449791], [116.85904829312025, 46.38794403745375], [116.78701134650538, 46.376678575214115], [116.68887780158312, 46.321979071633166], [116.56258060106177, 46.28981049253147], [116.51669192918658, 46.209066067075426], [116.3576318705922, 46.096566473976026], [116.21298953660724, 45.886889349951744], [116.24058475145111, 45.795990505550336], [116.19764163621656, 45.739378973974596], [116.10984337775267, 45.68669485125302], [116.03956342983571, 45.67692800554987], [115.9341435079603, 45.6261559108231], [115.6810323425947, 45.458259182306804], [115.16261437384262, 45.3902529974107], [114.91921837774791, 45.37828990333513], [114.73876427618467, 45.41960521095248], [114.56017052618395, 45.389994615249236], [114.51722741094943, 45.364621486993926], [114.48725508022014, 45.27173309994929], [114.41909386602714, 45.20259003354276], [114.16742964076573, 45.04986033790412], [114.08030317592164, 44.9711571315236], [113.8770597677177, 44.8961746282681], [113.65262902227408, 44.76346955014256], [113.58699995326342, 44.7457186956503], [113.3009192240956, 44.79163320574163], [113.04946170456333, 44.81034007423129], [112.70674360560363, 44.88346222592429], [112.59677615768652, 44.917672024101506], [112.49931440638406, 45.01092214617219], [112.411309442191, 45.05818024350312], [112.11292972213772, 45.06293447527396], [112.03267622278844, 45.081615505547475], [111.89800744023583, 45.06404551856825], [111.75103966679774, 44.969555162122546], [111.62128014531282, 44.827134914726145], [111.48945356653627, 44.51157278093582], [111.41090538945261, 44.41920115821411], [111.4022237488276, 44.36726634376076], [111.48619795130188, 44.271613267588506], [111.51973595585929, 44.19187653256215], [111.60262495325546, 44.10712718360348], [111.83692589726681, 43.93468292904549], [111.93175215052241, 43.814948635425225], [111.94286258346517, 43.75242015235206], [111.93314741419428, 43.71144074154461], [111.87816369023574, 43.68017650000802], [111.77114179895926, 43.66459605567202], [111.54733117070316, 43.49631175391353], [111.00720910038851, 43.34138580990249], [110.40042443241734, 42.77366852474398], [109.69803836470618, 42.55378530534206], [109.44317020064267, 42.45596181901354], [109.33981733605893, 42.43836599381815], [108.68735070194171, 42.416119289716505], [108.17120649621049, 42.4473318548208], [106.77005171104864, 42.28873688411704], [105.86757449750337, 41.99400035254034], [105.31432661338656, 41.77088735612017], [105.19712446494859, 41.73804698339869], [105.05057010296883, 41.615935573893], [104.98204715374982, 41.5955233831377], [104.86029747927017, 41.64373749446602], [104.49825239463331, 41.65869782161451], [104.49825239463331, 41.876979071615395], [103.71111697796348, 41.751301988281554], [103.07280968629425, 42.00596344661591], [102.15668989462392, 42.158098863283186], [101.97292850139402, 42.21587311458549], [101.71382286988256, 42.465806179365146], [101.65997602743445, 42.50004181575851], [101.49528323772023, 42.53874746354512], [101.09194868368218, 42.55130483659204], [99.98379926961525, 42.677343654951926], [99.46786176961317, 42.56820302995149], [97.20567426960412, 42.789791571619034], [96.38546593626751, 42.72033844661877], [96.35239301960073, 42.746796779952206], [96.34247114460067, 42.84932282161928], [96.29947635293382, 42.92869782161959], [95.9125232279323, 43.20651032162071], [95.8596065612654, 43.27596344662099], [95.84203657428617, 43.383708807949546], [95.52557010293074, 43.95395823829037], [95.47130984902427, 43.986178493824355], [95.35643314003943, 44.00597056739214], [95.3255306335289, 44.03935354265269], [95.3255306335289, 44.104879258798775], [95.36682010293009, 44.2615363632916], [95.35028364459671, 44.27807282162499], [95.04983686725174, 44.25941762956762], [94.71197635292748, 44.350833238291955], [94.49431522011412, 44.47253123633931], [94.36471072792608, 44.519505113292624], [94.19934614459211, 44.645182196626465], [93.95791385292446, 44.67494782162659], [93.86815189003349, 44.72419546160074], [93.75523888547573, 44.8319408229293], [93.65643354693367, 44.90098053647124], [93.51623538612583, 44.944466254244844], [93.29438846229681, 44.98317190203146], [92.78785607297186, 45.0357268336723], [92.42379560747563, 45.00893260352896], [92.17259647010482, 45.03523590756552], [92.0297628112501, 45.06851552996149], [91.58436364132643, 45.07652537696673], [91.44106489458107, 45.12473948829505], [91.31208051958055, 45.11812490496169], [91.04997765499616, 45.217447007826664], [90.95360110877184, 45.21589671485792], [90.91396528520394, 45.193934231133866], [90.87727501827672, 45.19610464129012], [90.853245477261, 45.26287059181122], [90.6618359720519, 45.52523183855706], [90.70963667192188, 45.73080068621414], [90.79593631384932, 45.85353221290734], [90.85247033077664, 45.885416571631424], [91.00171186723557, 46.03576915138463], [90.99680260616782, 46.10498973243959], [90.94755496619368, 46.17731089943207], [90.91153649288623, 46.270638536151196], [90.91825442908419, 46.32425283465402], [90.97142947791252, 46.387969875669896], [91.03390628455338, 46.528994859394416], [91.02889367062107, 46.56607269956383], [91.00424401241787, 46.59573497169937], [90.98569217322509, 46.749033108093215], [90.86993696489128, 46.95449860288571], [90.71552778520316, 47.003849595724446], [90.49621300655645, 47.28517609312139], [90.46748091020217, 47.408166001976056], [90.42520958858742, 47.50407746030977], [90.34748823442044, 47.59699168557056], [90.33064171749328, 47.65515351011507], [90.31333011267552, 47.67618581805786], [90.19096032100836, 47.70210154885223], [90.10321373897676, 47.745406399112824], [90.0278695006952, 47.877698065780024], [89.95867475785639, 47.88632802997276], [89.91046064652807, 47.84431509051947], [89.83134402868922, 47.82330862079283], [89.77816897986088, 47.827003485701695], [89.63848758337593, 47.909065660181184], [89.56097293493812, 48.00394358986907], [89.47922081905239, 48.029058335962915], [89.32987592972887, 48.02487254494727], [89.19634402868667, 47.98089590106689], [89.04767093298295, 48.002548326197186], [88.91780805863348, 48.08900299742149], [88.83832970576856, 48.1017153997653], [88.57602013545502, 48.220183620794415], [88.56682173050706, 48.317412828151575], [88.51710900264229, 48.38448883726642], [88.41396284378771, 48.40342824970139], [88.30998986201647, 48.47208039000115], [87.9797257832391, 48.555124416694184], [87.97223270055676, 48.603338528022505], [88.05016076045291, 48.67503957782748], [88.06008263545294, 48.70715648049688], [88.02793989456742, 48.73560435647356], [87.83182783401975, 48.791647447294096], [87.80914188024363, 48.835727444039065], [87.74320275263918, 48.88161611591424], [87.75472659704027, 48.91856476500293], [87.85983646032196, 48.96553864195624], [87.8721871276397, 49.00013601337565], [87.8346700377958, 49.03191701923515], [87.81632490433219, 49.080260321644204], [87.81410281774365, 49.16330434833725]]}}, {"type": "Feature", "properties": {"kind": "boundary"}, "geometry": {"type": "LineString", "coordinates": [[13.81474368658823, 48.76694611265857], [13.769888543358888, 48.81598704690356], [13.547628208071558, 48.959673366891124], [13.44076134609196, 48.955590928740065], [13.40117719895639, 48.9776050888964], [13.339113803773841, 49.06077830667017], [13.28878095872156, 49.09744273538125], [13.140521274476157, 49.15834341083722], [12.916658969787761, 49.33047760680145], [12.813409458068605, 49.32936656350718], [12.68111779140142, 49.41450348570804], [12.500301954812159, 49.639709377636024], [12.390489536191922, 49.73965159768851], [12.497563103900688, 49.853055528353025], [12.512032504942397, 49.895791937858405], [12.457565545306778, 49.95550405537166], [12.276439650123763, 50.04234629983816], [12.207813348040133, 50.09751089130974], [12.174998813534813, 50.175852362664216], [12.089732700253222, 50.26855988219583], [12.089836053117807, 50.30173615172721], [12.134846225644026, 50.310934556675164], [12.174792107805644, 50.28840363219591], [12.231171095436082, 50.244892076206156], [12.277318149472705, 50.18143341735174], [12.452656284239055, 50.349795233758655], [12.549032830463375, 50.39341014261299], [12.706439243224423, 50.40911977802973], [12.765453728901747, 50.43097890888919], [12.942703891662887, 50.4064584417667], [12.966836785543194, 50.41619944925371], [13.016446160543381, 50.490380967808704], [13.181138950257576, 50.510483099970244], [13.237672967184892, 50.57675812438457], [13.306092563539323, 50.58631826435857], [13.374615512758368, 50.621716620478495], [13.436162143617963, 50.601097723994044], [13.472594028383753, 50.6169365504915], [13.526544223696476, 50.69282339131212], [13.55672326015491, 50.704657294306955], [13.701417270572165, 50.71649119730179], [13.898511183333369, 50.76129466409884], [14.201800164454369, 50.861236884151324], [14.369076775783157, 50.89875397399523], [14.377034946356105, 50.91405019795363], [14.299416945053707, 50.952600816443365], [14.255853712631676, 51.00184845641752], [14.283242221746377, 51.02946950947752], [14.319725782944431, 51.03781525329266], [14.545706821356788, 50.99396780049301], [14.59521284349239, 50.918597723995305], [14.62384158698211, 50.91474782978956], [14.613609653388323, 50.85555247659923], [14.65815473802391, 50.832608140661634], [14.766468540107667, 50.818319607132935], [14.809411655342217, 50.858963121130486]]}}, {"type": "Feature", "properties": {"kind": "boundary"}, "geometry": {"type": "LineString", "coordinates": [[27.351953566199683, 57.52811676699049], [27.18710574718861, 57.538348700584294], [26.966033969843977, 57.60914541282416], [26.8997847836458, 57.608783677798115], [26.532675408644337, 57.53101064719884], [26.462085402133624, 57.544472357810875], [26.29806440603923, 57.60108388938663], [26.030380486767314, 57.78556875266861], [25.991106398225497, 57.83820119895789], [25.793805779735123, 57.86856110292936], [25.72089033377128, 57.91382965761704], [25.571287062286302, 57.94276845970049], [25.339983351347882, 58.039429226302445], [25.282622511503916, 58.048498440169666], [25.25828291189444, 57.996150214257995], [25.228723992623486, 57.996563625716334], [25.111056756294886, 58.06343292910202], [24.911275669054504, 58.004573472721574], [24.45890018077145, 57.907861029687325], [24.36247195811481, 57.86618398704394], [24.322526075953192, 57.870602322004885]]}}, {"type": "Feature", "properties": {"kind": "boundary"}, "geometry": {"type": "LineString", "coordinates": [[27.351953566199683, 57.52811676699049], [27.469672478960575, 57.52403432883945], [27.511116977658645, 57.50816966412583], [27.538712192502516, 57.42980235455521], [27.82861697765992, 57.29329905865623], [27.830218947060985, 57.19446788189802], [27.814560988076522, 57.16689850527031], [27.76278120292008, 57.135117499410796], [27.717409295367816, 57.05463145611621], [27.711104770628197, 56.978072821675795], [27.639481235471663, 56.84565196392788], [27.806086053180678, 56.86707184511286], [27.84866743338918, 56.8534292669878], [27.881533644326794, 56.8241804063106], [27.892075636514335, 56.741084703185265], [27.991604445108493, 56.645328274148426], [28.00752078625439, 56.599853013731575], [28.103173862426644, 56.54572195090584], [28.169268019327944, 56.38686859804062], [28.202030877401, 56.26039053000626], [28.1479256527914, 56.14292999940683]]}}, {"type": "Feature", "properties": {"kind": "boundary"}, "geometry": {"type": "LineString", "coordinates": [[21.046085239351555, 56.070066229875295], [21.653490024510234, 56.31454743104814], [22.084574822689035, 56.40676402447299], [22.586921420998323, 56.37511220969422], [22.773214959410524, 56.377282619850476], [22.875534295348444, 56.39645457623077], [22.96829349131235, 56.380434882220285], [23.04296593597411, 56.32405589458985], [23.119860467224413, 56.330670477923206], [23.195876499125774, 56.367154039121274], [23.812738071393852, 56.32924937603518], [24.12067793142114, 56.26426626242815], [24.473679640406914, 56.28405833599594], [24.52897342295921, 56.29630565044911], [24.699505649522422, 56.381287543353096], [24.840995721137546, 56.41118235943395], [24.903059116320094, 56.398211574928695], [24.94383182139839, 56.325606187558606], [25.06987063975828, 56.2003941921154], [25.58575646332804, 56.130165920630745], [25.66321943533356, 56.10484446880773], [26.085519240022734, 55.89689850526523], [26.28121788911207, 55.75044749615006], [26.401107212029217, 55.7037836777905], [26.59355024588416, 55.6675068223216]]}}, {"type": "Feature", "properties": {"kind": "boundary"}, "geometry": {"type": "LineString", "coordinates": [[20.622183465261315, 69.03687164984903], [20.116736281014482, 69.02090363227084], [20.337136264739343, 68.89964488389798], [20.34803999195293, 68.84871775987433], [20.31941124846321, 68.7540465359156], [20.239984572030608, 68.67312124294655], [20.14743208179587, 68.60733714463898], [19.968838331795155, 68.54201813422206], [20.2400362484629, 68.4775259467218], [19.969820184008682, 68.35639638942966], [19.052615187260244, 68.4927188178156], [18.76984174975911, 68.50003103298492], [18.378651157309633, 68.56237864854505], [18.303048536866612, 68.55540233018566], [18.16259199389731, 68.52840139431315], [18.14703738777746, 68.46775910101864], [18.176647983480677, 68.20064362250194], [18.12497155118882, 68.1334642605225], [17.916663852620275, 67.9648957383864], [17.32465864428457, 68.10380198838696], [17.17045617032562, 68.03011139593876], [16.783606398188653, 67.89502920192781], [16.57411014167741, 67.61956797959597], [16.45711469896861, 67.55176850042905], [16.19356489428006, 67.50518219671791], [16.127419060946437, 67.4258071967176], [16.36068647631197, 67.25201935492002], [16.434273715895586, 67.15507436794046], [16.40347456224964, 67.05497711859111], [16.237696567457306, 66.9764031032913], [15.884126417716317, 66.768844712991], [15.557014601308765, 66.55208791774275], [15.422965935943637, 66.48984365504718], [15.483737420318874, 66.3059789089527], [15.374906853912194, 66.25202871363997], [15.040043572660863, 66.16753774684277], [14.54322635260678, 66.12934886337906], [14.635210402086301, 65.84502513290919], [14.63459028489882, 65.79327118596886], [14.549530877346399, 65.64640676539538], [14.47966434088778, 65.30144074163097], [14.426230909897981, 65.2643370632454], [14.352436964585195, 65.1708543972294], [14.11513878750091, 64.94616526962433], [13.650257602603205, 64.58153636337288], [14.077621697657008, 64.46399831812501], [14.119893019271757, 64.38774974227836], [14.148004998438523, 64.2603156602466], [14.141183709376008, 64.17352509221239], [13.960522902083625, 64.01399994572738], [13.203463169007676, 64.07508148869637], [12.987559034892229, 64.05048350692543], [12.792738885151863, 63.99999563257627], [12.662462599344053, 63.9404902207922], [12.301916131243644, 63.671204332119245], [12.175205519263983, 63.59596344670227], [12.212102491920376, 63.49224884709248], [11.999919060929926, 63.291692613367715], [12.138618605201316, 63.08917267521586], [12.218200310930825, 63.00065094669988], [12.10864627447205, 62.91946727156936], [12.139807163144042, 62.72133983016231], [12.114537387753302, 62.591890367271176], [12.303466424212417, 62.285604153077244], [12.291994256243612, 62.16742015242572], [12.155361769263891, 61.72072907169478], [12.486814405983978, 61.57298615177231], [12.596058383848998, 61.54130849877738], [12.880795525777216, 61.35227610945371], [12.828188917704097, 61.221844794349025], [12.776409132547627, 61.17399241804675], [12.706025831766084, 61.05983917911401], [12.68302981939621, 61.046816718176444], [12.467590773171395, 61.04151988386653], [12.294164666399865, 61.0026850449992], [12.314628533587438, 60.89214915632688], [12.55378706223425, 60.54563283959372], [12.588616977598946, 60.45072907168969], [12.552856886452986, 60.35450755476222], [12.515856560932008, 60.305208238355775], [12.486090935931884, 60.10677073835498], [12.29194257981132, 59.96724437116693], [12.169211053118119, 59.91288076439588], [11.988291863664273, 59.891331692130166], [11.932119581763004, 59.863684800854], [11.834296095434496, 59.69718333600959], [11.680765415095323, 59.59228017845709], [11.79817426926246, 59.289869696685045], [11.712184685928776, 59.0186717800173], [11.642731560928496, 58.926067613350256], [11.54351281092812, 58.89299469668346], [11.470752394261154, 58.909531155016865], [11.341768019260627, 59.08812490501758], [11.235934685926878, 59.10466136335097], [11.143330519259848, 59.08812490501758], [11.113564894259724, 59.02197907168397], [11.057340935926163, 58.95914053001705], [10.911820102592259, 58.94591136335033]]}}, {"type": "Feature", "properties": {"kind": "boundary"}, "geometry": {"type": "LineString", "coordinates": [[20.622183465261315, 69.03687164984903], [20.675875278412548, 69.06947947862521], [20.889298943777987, 69.0714431830523], [21.06572228362245, 69.04172923448446], [21.12783735523729, 69.08082245551329], [21.052596469820315, 69.18655243598245], [21.06613569508079, 69.21412181261017], [21.266846958102434, 69.27370473904269], [21.593752068780816, 69.2736013861781], [21.62181237151532, 69.27070750596975], [21.81968143076088, 69.15448720974534], [22.30042728037219, 68.8558491075306], [22.38290286631002, 68.77662913682717], [22.4109114926122, 68.71988841417068], [23.071698032328385, 68.67436147732154], [23.144355096130766, 68.64258047146204], [23.32398237477733, 68.64898834906624], [23.70700809092469, 68.71384227159253], [23.854027540795073, 68.80592967393666], [23.99732628754043, 68.79843659125434], [24.331982863062592, 68.7115168321394], [24.70322635264742, 68.65281240505583], [24.802445102647823, 68.60651032172233], [24.941351352648383, 68.5932811550556], [25.086872185982287, 68.63958323838911], [25.172861769315972, 68.76526032172295], [25.249136183378766, 68.82132925075963], [25.357139926868797, 68.86246369086398], [25.57526614757279, 68.88716502549947], [25.748330519318273, 68.99015615505719], [25.768174269318337, 69.07614573839085], [25.74869225434432, 69.23143341742794], [25.7672440935371, 69.28267060004534], [25.850236443797854, 69.36648977322274], [25.961547478954543, 69.58862091742937], [26.011518588980778, 69.652648017039], [26.072445102652893, 69.6915603705548], [26.308192986768432, 69.78194245063328], [26.525440708123455, 69.91506094021715], [26.740207960728497, 69.93304433865471], [27.12752282075607, 69.90648265245669], [27.348026157345515, 69.96004527452722], [27.591732212033975, 70.04223664008744], [27.747898390420005, 70.06481924099897], [27.88990522635808, 70.06166697862919], [28.047208286254545, 69.97169831000902], [28.411733839641414, 69.82276683214384], [28.800340610476326, 69.73150625271641], [29.14161176933183, 69.67145823839324], [29.333434685999265, 69.47302073839246], [29.23881513847286, 69.39392995876973], [29.024874708784495, 69.28796743435525], [28.84628095878378, 69.17688894314388], [28.83263838065872, 69.11898550076081], [28.891911248497507, 69.060591132271], [28.96586022310717, 69.02198883734899]]}}, {"type": "Feature", "properties": {"kind": "boundary"}, "geometry": {"type": "LineString", "coordinates": [[6.344295281610442, 49.452744045604035], [6.378350050490781, 49.59960846617753], [6.4067720882513015, 49.644980373729794], [6.484803501012038, 49.707818915396714], [6.487283969762046, 49.79848521585281], [6.3246065609072275, 49.837888495475354], [6.204923943719251, 49.915144761751705], [6.138157993198149, 49.974314276725906], [6.109735955437628, 50.034362291049064], [6.116505568067851, 50.120971991570244]]}}, {"type": "Feature", "properties": {"kind": "boundary"}, "geometry": {"type": "LineString", "coordinates": [[2.5249418473503624, 51.09713979756373], [2.53605228029312, 51.04949412699062], [2.601422967142355, 50.95528799092254], [2.579253777689132, 50.911776434932776], [2.596772088236065, 50.87591299092222], [2.7593978206585916, 50.750649319046715], [2.839754672872459, 50.71178864196324], [3.1068701513891597, 50.7794330918333], [3.182007683941549, 50.73168406839561], [3.234976027040716, 50.66295441344741], [3.2733199398012687, 50.53154124612918], [3.3162113786035263, 50.50735667581658], [3.5953674658442196, 50.47735850687114], [3.626786736677701, 50.457333889358054], [3.6673010595945073, 50.32478384052939], [3.6893152197508527, 50.30607697203973], [3.748019646834422, 50.34349070901905], [3.9497127620696233, 50.33594594990444], [4.04412560386686, 50.32134735778199], [4.174556918971547, 50.24649404560721], [4.13528283042973, 50.143812974643254], [4.192178582383093, 50.09415192321076], [4.183858676784098, 50.05281077737726], [4.136833123398475, 49.99999746357497], [4.149338820013128, 49.971575425814436], [4.368705275092111, 49.94496206318412], [4.545025262071988, 49.96025828714252], [4.6561812679317995, 50.00245209410883], [4.706617465848666, 50.09704580341911], [4.818651971057449, 50.15319224710423], [4.860561557646179, 50.1359064805026], [4.790023227567758, 49.95958649352272], [4.841544630562765, 49.914498806348064], [4.867589552437863, 49.78812409117829], [5.006909213896762, 49.77835724547512], [5.12411136233473, 49.72146149352177], [5.278778924184309, 49.677924099315874], [5.507292107778966, 49.51088003193239], [5.7897038102540535, 49.538268541047074]]}}, {"type": "Feature", "properties": {"kind": "boundary"}, "geometry": {"type": "LineString", "coordinates": [[6.116505568067851, 50.120971991570244], [6.089065382520886, 50.15458751077611], [5.976307407260009, 50.167170722039174], [5.8669084000981115, 50.082834784538846], [5.788101840853017, 49.961240139356065], [5.744073520540326, 49.9196406113611], [5.724953240592328, 49.80827789977212], [5.787998487988432, 49.75887523050109], [5.880395948926292, 49.644773668000624], [5.8376078629886194, 49.57834361428942], [5.7897038102540535, 49.538268541047074]]}}, {"type": "Feature", "properties": {"kind": "boundary"}, "geometry": {"type": "LineString", "coordinates": [[46.42991051614578, 41.89095754655034], [46.21266279479076, 41.989892076173135], [45.95402225116993, 42.03539317480613], [45.84601850767993, 42.10993642838716], [45.638589308460325, 42.20507274023649], [45.63424848814782, 42.23473501237203], [45.72757612486694, 42.475030422529244], [45.70525190611684, 42.49807811133141], [45.56293501158504, 42.53575023047219], [45.343723585802906, 42.529781602542485], [45.16027225116676, 42.675018215498795], [44.870987583196865, 42.75638275814235], [44.85052371600926, 42.74682261816835], [44.77104536314437, 42.616778876305844], [44.69177371600864, 42.70964142513435], [44.644334751164706, 42.73473033301205], [44.50589358905478, 42.748657131514705], [44.32952192564261, 42.70349192969161], [44.102714064313574, 42.61636546484752], [44.004683872255896, 42.59559153906618], [43.9574516131411, 42.56654938411815], [43.825986769390596, 42.57151032161816], [43.759840936057, 42.59383454036826], [43.73834354022358, 42.616985582035014], [43.74991906105694, 42.65749990495185], [43.79539432147379, 42.7029751653687], [43.79870161314048, 42.72777985286879], [43.782578566265414, 42.747003485681375], [43.557786085795755, 42.84446523698384], [43.347979770690756, 42.89665843359863], [43.08918419777305, 42.989055894536506], [43.00014570493417, 43.049672349614866], [42.991619093606005, 43.091478583339], [42.76062544126131, 43.16956167253201], [42.56601199725014, 43.15514394792258], [42.41904422381205, 43.224235337896815], [42.27967288592086, 43.228059393886426], [42.04997114438348, 43.190128892584184], [41.580542433444094, 43.21924856218065], [41.35823042172447, 43.33337596289725], [41.08310509620253, 43.37448456478545], [40.64798953630495, 43.53390635840587], [40.51900516130445, 43.51202138933026], [40.150138787605044, 43.56979564063258], [40.08461307145896, 43.55310415300231], [39.97831465023458, 43.41983063412157]]}}, {"type": "Feature", "properties": {"kind": "boundary"}, "geometry": {"type": "LineString", "coordinates": [[20.9642814470335, 40.8499099798144], [20.933482293387556, 40.90313670507504], [20.870178663830018, 40.917916164710505], [20.74078087737115, 40.905255438799], [20.709309930105405, 40.928354804033475], [20.656031528412484, 41.06167999934651], [20.567871534922546, 41.1278258326801], [20.488961622812866, 41.27262319596193], [20.4924239437764, 41.391427313800946], [20.44860232919291, 41.521264349934285], [20.51619510263066, 41.57477529557251], [20.505136346120224, 41.706498521484505], [20.566166212656924, 41.873697618164854]]}}, {"type": "Feature", "properties": {"kind": "boundary"}, "geometry": {"type": "LineString", "coordinates": [[20.566166212656924, 41.873697618164854], [20.58141076018302, 41.91744171809992], [20.575416294037154, 42.01309479427218], [20.522809685964035, 42.17148305924678], [20.48544762541701, 42.22336619726782], [20.34824669768207, 42.30881317806242], [20.24050133635353, 42.33896637630474], [20.103558790780056, 42.52466563574558], [20.063974643644485, 42.547274074873286]]}}, {"type": "Feature", "properties": {"kind": "boundary"}, "geometry": {"type": "LineString", "coordinates": [[41.510055779797995, 41.517491970376966], [41.82352501808049, 41.432355048176106], [41.925741001153824, 41.49565867773366], [42.211149936701844, 41.48671865494717], [42.4663798357914, 41.43984813085844], [42.507927687354055, 41.47005300553303], [42.56735558448972, 41.5592982041011], [42.606836378760704, 41.578806057291274], [42.75411421079255, 41.57890941015586], [42.787858921079135, 41.56371653906206], [42.82170698423033, 41.492403062499264], [42.90676639178275, 41.46684906673093], [43.05714480975209, 41.35285085709506], [43.14897382993476, 41.3071430527329], [43.17124637225254, 41.287945258136475], [43.14096398292952, 41.264845892902], [43.152849562356636, 41.23642385514147], [43.205507846862076, 41.19916514745903], [43.40239505389411, 41.17655670833133], [43.433400913269224, 41.15552440038854], [43.43944705584738, 41.10710358333105]]}}, {"type": "Feature", "properties": {"kind": "boundary"}, "geometry": {"type": "LineString", "coordinates": [[73.9561622495517, 40.0], [74.0205261575322, 40.05936391861333], [74.24268313995498, 40.092023423821786], [74.41192345571085, 40.13718862564488], [74.67986575714423, 40.31061473241641], [74.83050255727503, 40.328494777989405], [74.84176801951466, 40.344979559890504], [74.80125369659783, 40.428540350906474], [74.83510175974902, 40.48259389908377], [74.86559085480121, 40.493497626297355], [75.00454878123406, 40.449495144200824], [75.24102013540167, 40.48029429784678], [75.52079633982987, 40.62754629166247], [75.58353152863222, 40.60532542577697], [75.61743126821568, 40.51659699153183], [75.6559818867054, 40.32926992447378], [75.6771692239451, 40.30580882421327], [75.87198937368544, 40.303199164382534], [76.00428104035265, 40.371437893223955], [76.06231367381642, 40.387535101882875], [76.1566231627491, 40.37647634537241], [76.25832238149948, 40.43073659927887], [76.31852542511953, 40.352265936843665], [76.4801693053285, 40.44952098241697], [76.57788943879245, 40.57788524022999], [76.66119184764693, 40.7796558701136], [76.70842410676173, 40.8181289739549], [76.82407596223092, 40.982304999346184], [76.90774010611148, 41.02418874771875], [76.98665001822116, 41.03914907486724], [77.18209028514903, 41.01072703710672], [77.58175581249438, 40.992769476885286], [77.81522993358905, 41.055608018552206], [77.95640994661045, 41.05069875748448], [78.12342817577778, 41.07563263606531], [78.34625695182035, 41.281459865883846], [78.36237999869542, 41.371609402017015], [78.44289188020616, 41.41754975032448], [78.74261518749901, 41.56004751236932], [79.29358930859496, 41.78282461197959], [79.35441246940252, 41.78106761328168], [79.76611860547186, 41.898864040690995], [79.84042931510757, 41.99573151302211], [79.90967573437868, 42.01500682226698], [80.21622033073407, 42.032421779949345], [80.24619266146337, 42.05981028906403], [80.20934736523927, 42.19003489843956]]}}, {"type": "Feature", "properties": {"kind": "boundary"}, "geometry": {"type": "LineString", "coordinates": [[43.43944705584738, 41.10710358333105], [43.79322391131754, 41.13108144791448], [44.227357619001566, 41.213350328123155], [44.47302737811714, 41.19100027115691], [44.56485639829978, 41.208208523110116], [44.84137698749362, 41.21136078547991], [44.84850833514989, 41.220171617185684], [44.81135298033203, 41.25936819107906], [45.00141889830155, 41.29096832942554]]}}, {"type": "Feature", "properties": {"kind": "boundary"}, "geometry": {"type": "LineString", "coordinates": [[80.20934736523927, 42.19003489843956], [79.9210445494829, 42.41312205664357], [79.80342898958659, 42.43846934668274], [79.49011478060098, 42.45756378841459], [79.4282580911476, 42.4835053574251], [79.36779666536611, 42.547222398440994], [79.2030005227873, 42.66600067806385], [79.16481163932363, 42.759018256189236], [79.12667443229222, 42.77573558203565], [79.05985680533882, 42.76379832617623], [78.88513878776001, 42.77488292090284], [78.52423058463356, 42.86467072200996], [78.02312422069926, 42.857513536137546], [77.80169070832858, 42.895237331710604], [77.23552371613883, 42.91262645117682], [77.05734337759645, 42.9706590846406], [76.98809695832534, 42.97360464128124], [76.50915978384424, 42.918879299484146], [75.84036339712281, 42.93748281510922], [75.7895654641799, 42.93293528906753], [75.68176842641907, 42.83048676204889], [75.63567304881471, 42.81459625911914], [75.36618045441259, 42.83697215430152], [75.04764692576549, 42.90438406022626], [74.81753177276977, 42.97815216732292], [74.20909345896524, 43.24035838477188], [74.18682091664746, 43.205295925461854], [74.14589318227229, 43.19408213965451], [73.94916100453713, 43.19503815365191], [73.88606408070876, 43.132561347011034], [73.61202396026496, 43.04791535091695], [73.556265089822, 43.00280182552615], [73.42190636586315, 42.59352448177451], [73.49296146026447, 42.409039618492514], [73.41162275583707, 42.41976247819308], [73.31596967966482, 42.46699473730786], [73.282896762998, 42.504124253909566], [73.1908093606539, 42.52686188411799], [72.85511925648589, 42.5611233587275], [72.75295494984485, 42.63791453711322], [72.54320031117214, 42.677757066410265], [72.27582645049398, 42.75767466894965], [72.16182824085811, 42.760671902022565], [71.7605607441117, 42.82149506283011], [71.51421919137636, 42.76692475032989], [71.42202843616764, 42.783176988285675], [71.25666385283364, 42.73356761328549], [71.02277632028063, 42.535440171878435], [71.0020023944993, 42.459062404951055], [70.89286176949886, 42.339999904950574], [70.89286176949886, 42.29369782161706], [70.94681196481159, 42.248661810874694]]}}, {"type": "Feature", "properties": {"kind": "boundary"}, "geometry": {"type": "LineString", "coordinates": [[8.393110792686343, 55.096843980522436], [8.461892124066821, 55.071160793673386], [8.54121544763484, 54.95460460063906], [8.594545525760054, 54.91595062928474], [8.902950473677976, 54.89690786398518], [9.185827264043667, 54.844662990938104], [9.25497033045022, 54.80802440044316], [9.341941765997433, 54.80631907817752], [9.615775180712063, 54.8554116888548], [9.739746941780282, 54.82551687277396]]}}, {"type": "Feature", "properties": {"kind": "boundary"}, "geometry": {"type": "LineString", "coordinates": [[45.00141889830155, 41.29096832942554], [45.02291629413497, 41.24569977473786], [45.08472130715603, 41.19547028255016], [45.188590936062695, 41.14741120051872], [45.19019290546376, 41.12635305435978], [45.07066531757266, 41.100824896807595], [45.07045861184349, 41.075580959633015], [45.27339196145368, 41.00625702571347], [45.36894168476135, 41.00488760025773], [45.41917117694905, 40.985715643877455], [45.44423424661059, 40.94799184830438], [45.58753299335598, 40.84691274674148], [45.57936811705386, 40.804486395829855], [45.401342807808334, 40.70715383560811], [45.37896691262597, 40.673589992834536], [45.37617638528221, 40.63808828385001], [45.454414503772114, 40.532358303380846], [45.56949791848609, 40.41686147720851], [45.964615919789765, 40.2337718775984], [45.967561476430404, 40.17480906835337], [45.88596438984155, 40.02484406184236], [45.858110792836214, 40.01127899836574], [45.630166049996774, 40.01419871679023], [45.5929013102648, 40.0]]}}, {"type": "Feature", "properties": {"kind": "boundary"}, "geometry": {"type": "LineString", "coordinates": [[20.241844923593106, 46.10860708270003], [20.280963982838074, 46.13299835874179], [20.508081902760836, 46.16692393654141], [20.61365685393315, 46.13351512306471], [20.707397902110614, 46.172815049822674], [20.760211215912904, 46.24622142189328], [20.837002394298622, 46.25970897072146], [21.03988406747652, 46.24224233660681], [21.121636183362256, 46.28244660092989], [21.151918572685304, 46.30435740822165], [21.19181277841463, 46.39153554949803], [21.264573195081596, 46.41230947527937], [21.25222252776382, 46.48636180275362], [21.320177036227648, 46.607801418639525], [21.497117140395005, 46.704281317728444], [21.477066684665772, 46.753373928405736], [21.494429965915828, 46.78972829852306], [21.652663201593555, 46.9637745224821], [21.66144819508318, 47.04389883075065], [21.785471632583665, 47.13815664325102], [21.869290805761096, 47.304606431663146], [21.995277947688663, 47.39571198179371], [21.999722120865783, 47.50503347430717], [22.111963331803736, 47.57203196877359], [22.290660434669007, 47.727836412133584], [22.491371697690653, 47.77256236428221], [22.60836714039945, 47.76630951597488], [22.67678673675391, 47.79904653583179], [22.876619500426585, 47.947254543644874]]}}, {"type": "Feature", "properties": {"kind": "boundary"}, "geometry": {"type": "LineString", "coordinates": [[70.95797407418664, 40.23888784439529], [71.09450320830175, 40.27123729101001], [71.30467125843279, 40.286895249994444], [71.37619144072477, 40.27519053808034], [71.52042036325136, 40.208967190098306], [71.62987104684555, 40.21713206640041], [71.69250288278332, 40.15235565852255], [71.84541344593498, 40.23434031835362], [71.95563927601353, 40.25860240331464], [72.01258670439918, 40.34074209244258], [72.13123579294131, 40.43861725520338], [72.23277998239485, 40.4543785670524], [72.25396731963451, 40.42419953059395], [72.3576819192443, 40.4016686061147], [72.40594770700491, 40.463060207677444], [72.36977420440061, 40.51974925390162], [72.36905073434852, 40.54346873632359], [72.40202029815075, 40.57809194595916], [72.56748823434933, 40.524348456375606], [72.60407514841197, 40.52543366145373], [72.67962609242267, 40.55561269791218], [72.74887251169378, 40.60868439387595], [72.77388390492305, 40.65038727473548], [73.11288130075775, 40.786037909501644], [73.13696251820576, 40.81063589127258], [73.13210493357033, 40.82851593684558], [72.98999474476767, 40.86011607519205], [72.86659142445467, 40.8423135442675], [72.83098636260559, 40.862157294267575], [72.65833540231841, 40.8699345973275], [72.6204049010162, 40.883809719397874], [72.5059416034897, 40.98168488215869], [72.36403812041621, 41.04343821874747], [72.21309126169166, 41.01424103450256], [72.18735639841029, 41.02594574641667], [72.16425703317583, 41.173740342771424], [72.11537112822771, 41.186581936195964], [72.05242923369622, 41.16474864355264], [71.87864139189864, 41.19500519465953], [71.8579708189819, 41.31138052018083], [71.79244510283579, 41.41313141536354], [71.70066775908543, 41.454007473306405], [71.69720543812187, 41.515579942382175], [71.66490766793945, 41.54121145279895], [71.60227583200171, 41.50325511328056], [71.61963911325176, 41.43545563411362], [71.58558434437143, 41.3332396510403], [71.54558678577752, 41.30807322851416], [71.50005984892837, 41.3074789495428], [71.42083987822494, 41.34186961523304], [71.4083858580426, 41.13604238541451], [71.39308963408419, 41.123381659502996], [71.29883182158383, 41.15247549088332], [71.22338423043769, 41.1399181178364], [71.1107296080414, 41.152630520180196], [70.86046064645186, 41.224900010740384], [70.78248091012341, 41.262494615232725], [70.73442182809197, 41.400522365884314], [70.68884321481056, 41.44982168229076], [70.64584842314372, 41.4603636744783], [70.47138878772634, 41.412666327472905], [70.29005618681416, 41.49684723567637], [70.20091434111069, 41.5144688990879], [70.17698815295955, 41.53999705664009], [70.18096723824601, 41.57141632747354], [70.45495568225752, 41.72505036067729], [70.56290774931526, 41.8308061793626], [70.63091393421135, 41.875506293295075], [70.80335818876935, 41.922635199545255], [70.85658491402998, 42.030819810548294], [71.03218143095776, 42.07779368750161], [71.22855187366687, 42.162904771486325], [71.23232425322419, 42.186262518882245], [71.21263553252098, 42.20644216569222], [71.03600548694735, 42.28468028418213], [70.94681196481159, 42.248661810874694]]}}, {"type": "Feature", "properties": {"kind": "boundary"}, "geometry": {"type": "LineString", "coordinates": [[18.832215203535384, 49.5107766790678], [18.938151889733746, 49.498270982453164], [18.96833092619218, 49.396235866892866], [19.149456821375196, 49.399982408234024], [19.25017418791208, 49.51144847268759], [19.441635369553467, 49.59769643818274], [19.479720900152557, 49.57637990986234], [19.6302543474188, 49.40662282978353], [19.773914829190204, 49.372180487661], [19.7879708187736, 49.269964504587676], [19.756654900804705, 49.204387112009286], [19.80223351408614, 49.19234650328528], [19.91612837085745, 49.22138865823331], [20.057618442472602, 49.181287746774814], [20.10764122893113, 49.27073965107205], [20.163710157967813, 49.31639577900192], [20.363026157317563, 49.38525462503084], [20.61613732268316, 49.39171417906732], [20.72899865080862, 49.36990672464016], [20.79948530445472, 49.328668931671245], [20.868473341564368, 49.31469045673629], [20.94727990080949, 49.317093410837856], [21.0011267432576, 49.33983104104628], [21.0794165381798, 49.41827586526534], [21.350459425550667, 49.428766181020606], [21.639640740656006, 49.41194550230959], [21.890116407974716, 49.34344839130672], [21.96768273284482, 49.299084174184145], [22.02008263518877, 49.20950307880618], [22.53865563323771, 49.072715562529595]]}}, {"type": "Feature", "properties": {"kind": "boundary"}, "geometry": {"type": "LineString", "coordinates": [[-7.2186236230662075, 55.09201223410315], [-7.376908535176227, 55.02770091411591], [-7.401429002298713, 55.00330963807414], [-7.451245083028084, 54.87711579041739], [-7.550412156596181, 54.76794932720081], [-7.7374808414927685, 54.7104592962761], [-7.872924770529764, 54.717849026093845], [-7.910596889670543, 54.69831533468751], [-7.886153937196482, 54.66606924093739], [-7.746265834982381, 54.61583974874968], [-7.754404873068353, 54.59493663188762], [-7.793808152690914, 54.5712429876818], [-8.044335496441917, 54.51246104594979], [-8.118956264671382, 54.47695933696528], [-8.14479448081731, 54.45349823670476], [-8.118232794619288, 54.41424998637909], [-7.884448614930861, 54.28376699484211], [-7.854941372092199, 54.21526988383923], [-7.6787764144091994, 54.18666697856567], [-7.606532762065157, 54.14382721619572], [-7.409438849303953, 54.13731598572693], [-7.35517859539749, 54.12124461528417], [-7.324508632832263, 54.13344025330504], [-7.155449184589401, 54.23950613058412], [-7.20257809083958, 54.30180206971197], [-7.049693365904076, 54.408255520233226], [-7.007732102883082, 54.40670522726447], [-6.877223273129957, 54.329087225962084], [-6.8583355371272745, 54.26867747661288], [-6.8026025049004915, 54.214365546274124], [-6.766584031593055, 54.19560700135217], [-6.669535691748919, 54.184703274138585], [-6.646849737972786, 54.16343842225048], [-6.664213019222856, 54.0847610540861], [-6.649821132829558, 54.058638617562565], [-6.402575242529096, 54.060628160205795], [-6.303666551122447, 54.0948896348153], [-6.218012864598663, 54.088740139372575]]}}, {"type": "Feature", "properties": {"kind": "boundary"}, "geometry": {"type": "LineString", "coordinates": [[18.832215203535384, 49.5107766790678], [18.80689375171238, 49.61371613219322], [18.594658644289666, 49.75779002542296], [18.562412550539534, 49.87933299417344], [18.51621382007059, 49.90238068297562], [18.34847212085117, 49.92984670673874], [18.30532229988745, 49.91405955667358], [18.205276726970396, 49.96475413675191], [18.099185011475157, 49.99278860127025], [18.028284946370718, 50.03524079039802], [17.983843214599716, 49.99906728779371], [17.874754266031573, 49.97224721943424], [17.791710239338528, 50.00661204690833], [17.681070997801612, 50.10076650654412], [17.627069126056625, 50.11642446552855], [17.589345330483553, 50.15745555276831], [17.70928632983299, 50.19355154072417], [17.735486281004967, 50.23078441019048], [17.720086704181995, 50.29863556578971], [17.70225833504128, 50.30716217711786], [17.554618767983413, 50.26406403258645], [17.41519575365993, 50.25476227477391], [17.151956007565133, 50.378320624383775], [16.880034620845294, 50.42702566181886], [16.869182570063998, 50.41449412698809], [16.99341271329365, 50.25969737405778], [16.989692010168653, 50.23693390563321], [16.841742384517005, 50.18670441344551], [16.67911665209448, 50.09748505309359], [16.639119093500568, 50.102161770216], [16.59664106615665, 50.12190216735149], [16.4876037940208, 50.248406073602], [16.334124790113947, 50.36690013284726], [16.230720249097914, 50.394081936232794], [16.210308058342605, 50.42371837015219], [16.282551710686647, 50.48299123799096], [16.356604038160896, 50.50048371032176], [16.419700961989292, 50.57365753844705], [16.359963006259875, 50.62140656188474], [16.282241652092893, 50.65561636006197], [16.007219679435565, 50.611639716181585], [15.948515252351996, 50.67024079040057], [15.893893263419471, 50.67690705016622], [15.730544060944851, 50.739719753616995], [15.354391310292328, 50.811782538448], [15.277031691151393, 50.883018500362354], [15.25863488125546, 50.95854360615692], [14.993741489327334, 51.01437999124829], [14.982889438546039, 50.88655833597434], [14.895762973701949, 50.8613919134482], [14.809411655342217, 50.858963121130486]]}}, {"type": "Feature", "properties": {"kind": "boundary"}, "geometry": {"type": "LineString", "coordinates": [[70.95797407418664, 40.23888784439529], [70.94639855335325, 40.18757314712947], [70.73860761910763, 40.13114248306674], [70.64429813017495, 40.08344513606134], [70.62434274901288, 40.0]]}}, {"type": "Feature", "properties": {"kind": "boundary"}, "geometry": {"type": "LineString", "coordinates": [[70.48297542550074, 40.0], [70.4513900084294, 40.04923533788411], [69.96676842639621, 40.202223415684216], [69.53025760282674, 40.097294419915556], [69.46871097196711, 40.02073578547515], [69.4702772802262, 40.0]]}}, {"type": "Feature", "properties": {"kind": "boundary"}, "geometry": {"type": "LineString", "coordinates": [[20.353941996697642, 40.0], [20.40803632984378, 40.04944204361328], [20.60626712411542, 40.08266998957696], [20.65737511565206, 40.117396552077096], [20.717888217865863, 40.29268301041114], [20.806099887788093, 40.44543854426591], [20.95017378101784, 40.49440196386246], [21.001901889741987, 40.56339000097212], [21.030892368257724, 40.62248200129787], [21.031099073986894, 40.65865550390218], [20.955754835705335, 40.77528921158493], [20.9642814470335, 40.8499099798144]]}}, {"type": "Feature", "properties": {"kind": "boundary"}, "geometry": {"type": "LineString", "coordinates": [[22.131858758236092, 48.40531443948005], [22.142865838314265, 48.56850861265778], [22.295207960710712, 48.68581411396033], [22.38946577321107, 48.87347707782827], [22.52413455576371, 49.031374416696096], [22.53865563323771, 49.072715562529595]]}}, {"type": "Feature", "properties": {"kind": "boundary"}, "geometry": {"type": "LineString", "coordinates": [[13.81474368658823, 48.76694611265857], [13.988738234114976, 48.69242869729369], [14.049147983464167, 48.60251170510584], [14.18986290859496, 48.5785855169547], [14.367629835678997, 48.576208401069266], [14.431088494533412, 48.61625763609547], [14.48870771653884, 48.625559393908006], [14.691331007555277, 48.59920441343915], [14.706678907945985, 48.67191315367383], [14.785950555081712, 48.74736074481996], [14.821865675524549, 48.77399994566642], [14.92253136562914, 48.77139028583568], [14.94733605312922, 48.82774343524997], [14.972140740629328, 48.98393545185215], [14.99343143073358, 49.001117865589194], [15.066811964588027, 48.99783641213867], [15.161689894275924, 48.94626333271138], [15.310931430734854, 48.974013576852116], [15.700778435944756, 48.860428778674574], [15.825215284903578, 48.86445954039334], [16.05724246589409, 48.75480215106998], [16.367301059645314, 48.73898916278867], [16.477888624749937, 48.800122382189954], [16.543517693760606, 48.796246649768065], [16.712706333084213, 48.734234931017824], [16.883651971105735, 48.70369415953333], [16.953105096106015, 48.59884267841311]]}}, {"type": "Feature", "properties": {"kind": "boundary"}, "geometry": {"type": "LineString", "coordinates": [[16.093054233472344, 46.863289699890544], [16.252579379957353, 46.97191356056807], [16.33185102709311, 47.0021959498911], [16.453393995843584, 47.006769314148926], [16.4926680843854, 47.1226795517796], [16.482849562249953, 47.14037872983957], [16.43835615404666, 47.1459081080948], [16.416858758213237, 47.223422756532614], [16.46259240079155, 47.273135484397386], [16.434325392327878, 47.367444973330066], [16.442903680088335, 47.39953603778332], [16.51478559740633, 47.40454865171563], [16.622996046625502, 47.44756928159862], [16.676532830479886, 47.53601349546615], [16.639739210688077, 47.60887726499769], [16.432103305739332, 47.656316229841636], [16.42130293139033, 47.67445465757608], [16.551010776442922, 47.74737010353992], [16.59095665860454, 47.75054820412586], [16.785983514074076, 47.67864044859172], [16.82308719245964, 47.693988348982415], [17.06663821785125, 47.70755341245902], [17.030102980220903, 47.8371320664309], [17.03992150235635, 47.87294383400916], [17.077748650794007, 47.90090078387907], [17.089065789465934, 47.9636359726814], [17.147356805091164, 48.00595897072844]]}}, {"type": "Feature", "properties": {"kind": "boundary"}, "geometry": {"type": "LineString", "coordinates": [[7.021101515337108, 45.92577586525138], [7.129001905962525, 45.880403957699116], [7.327956170286257, 45.91233999285549], [7.538589308307934, 45.97817576759533], [7.787876417683918, 45.9218484563972], [7.99313520674724, 46.015899563168404], [8.125220167685285, 46.16095530861169], [8.127287224976953, 46.18759450945815], [8.081501905966348, 46.256014105812596], [8.09566124841433, 46.27102610939339], [8.231932000367976, 46.34120270444575], [8.370683221071658, 46.445124009784706], [8.422566359092713, 46.44602834734981], [8.4429268734157, 46.402801011737665], [8.438482700238609, 46.28286001238823], [8.458429803103257, 46.24591136329953], [8.641674432010262, 46.11080333107243], [8.818511183313035, 46.07713613543427], [8.826779412479738, 46.06101308855921], [8.777996860396229, 45.9962108424652], [8.885173780969552, 45.91869619402739], [8.90429406091755, 45.86195547137092], [8.953696730188597, 45.83004527443069], [9.023769972376357, 45.845677395198976], [9.046714308313966, 45.87559804949596], [8.998913608443985, 45.983110866879215], [9.003047723027322, 46.014891872738716], [9.02237470870449, 46.051478786801354], [9.203448927455213, 46.21924632423692], [9.251094598028317, 46.28676158302626], [9.260137973679406, 46.47519969337857], [9.304372999721238, 46.49556020770157], [9.427621290737363, 46.482331041034854], [9.481054721727162, 46.34879913999265], [9.528700392300266, 46.30621775978415], [9.63949466313403, 46.295882473325776], [9.884440952197508, 46.36776439064377], [9.939269646859202, 46.36179576271405], [10.041020542041906, 46.238108222023456], [10.080553012745185, 46.227979641294255], [10.128353712615166, 46.23821157488804], [10.145200229542297, 46.25353363706259], [10.109646844125507, 46.36285512957605], [10.08189659998476, 46.42073273374294], [10.045619744515875, 46.44791453712847], [10.038230014698144, 46.483183702167665], [10.087012566781652, 46.59989492449887], [10.195533074594607, 46.621082261738536], [10.272272576548033, 46.564858303404975], [10.430609165090317, 46.55005300555335], [10.43825727706951, 46.618834336933844], [10.397949659881874, 46.665033067402774], [10.406011183319407, 46.73487376564523], [10.452830030975832, 46.86494334572389]]}}, {"type": "Feature", "properties": {"kind": "boundary"}, "geometry": {"type": "LineString", "coordinates": [[10.452830030975832, 46.86494334572389], [10.454587029673746, 46.89943736427871], [10.41489952967359, 46.96439463966959], [10.349425489959799, 46.98478099220874], [10.17977176274556, 46.86233368589315], [10.133469679412059, 46.851507473328], [9.99688886886463, 46.885329698263035], [9.877723015999578, 46.93767792417469], [9.845321892952569, 47.00736359312029], [9.745017937874053, 47.03712921812041], [9.580221795295245, 47.057386379578816]]}}, {"type": "Feature", "properties": {"kind": "boundary"}, "geometry": {"type": "LineString", "coordinates": [[23.484644402772744, 53.9398086615074], [23.48138878753838, 54.0790249701017], [23.45363854339763, 54.14346548116967], [23.37007775238166, 54.2004645859876], [23.17029666514128, 54.281441555388966], [23.042190789489723, 54.30417918559739], [23.015525750427116, 54.348362535206945], [22.89393110524435, 54.39053050395711], [22.823754510191975, 54.39577566183473], [22.76623864105113, 54.356785793670525]]}}, {"type": "Feature", "properties": {"kind": "boundary"}, "geometry": {"type": "LineString", "coordinates": [[7.1973181494524, 53.282277737025595], [7.189928419634668, 52.99950429952446], [7.117064650103117, 52.88700470642506], [7.050867140337232, 52.74479116475783], [7.0329870947642235, 52.65136017517412], [7.01314334476416, 52.63353180603342], [6.748456658565175, 52.634100246788634], [6.710732862992103, 52.61787384704898], [6.718794386429636, 52.573587144574844], [6.691612583044133, 52.53017894144968], [6.702981398148324, 52.49922475850684], [6.748818393591222, 52.46403310811607], [6.832482537471776, 52.4422773301212], [6.968133172237941, 52.44411184346755], [7.035157504920505, 52.38021393493865], [7.019602898800628, 52.26603485778976], [6.977279900753587, 52.205495917359826], [6.724478793981746, 52.080232245484325], [6.715642124059855, 52.03620392517165], [6.802406853877898, 51.98018667256727], [6.800339796586229, 51.967396755575024], [6.74184207523183, 51.91088857686387], [6.5175663590850945, 51.853941148478214], [6.424962192418064, 51.85838532165532], [6.3557157731469545, 51.82466644958487], [6.166528354526406, 51.8807612168377], [5.948763868848431, 51.80267812764468], [5.948505486686969, 51.762396348673164], [6.08937544111464, 51.63777863220132], [6.091132439812554, 51.59891795511783], [6.193245070021305, 51.48889883076842], [6.198877801141094, 51.44998647725264], [6.1662182959326515, 51.354850165403306], [6.075836215854167, 51.224108791704865], [6.082450799187512, 51.1799771185276], [6.136917758823159, 51.16483592386608], [6.129993116896031, 51.14742096618373], [5.939203728874446, 51.040812486365596], [5.868407016634563, 51.04530833597498], [5.857503289421004, 51.03011546488118], [5.894710320671152, 50.98422679300599], [6.006848178744519, 50.94996531839648], [6.048447706739466, 50.90490346943797], [5.993929070671527, 50.75044261331756]]}}, {"type": "Feature", "properties": {"kind": "boundary"}, "geometry": {"type": "LineString", "coordinates": [[9.580221795295245, 47.057386379578816], [9.610504184618293, 47.107150783875895], [9.555778842821212, 47.18549225523037], [9.52751183435754, 47.27075836851196]]}}, {"type": "Feature", "properties": {"kind": "boundary"}, "geometry": {"type": "LineString", "coordinates": [[7.493114047891083, 43.76714793555524], [7.482003614948326, 43.86489390723533], [7.651502312865659, 44.033643296884435], [7.677133823282446, 44.08314931902005], [7.637239617553121, 44.164849758473494], [7.370899285520807, 44.1273843450619], [7.318551059609121, 44.13797801368173], [6.96725467288897, 44.28001068783594], [6.900230340206406, 44.33574372006272], [6.8748572119511095, 44.39201935482858], [6.893874139034523, 44.42819285743289], [6.842921176794732, 44.510694281586865], [6.96033003096187, 44.677169908215134], [7.007872348670389, 44.688977972993825], [7.030713331743385, 44.71670237891841], [6.992679477576587, 44.82728994402302], [6.939866163774269, 44.85876089128878], [6.801114943070587, 44.883152167330536], [6.7382247249713885, 44.92139272722653], [6.691405877314963, 45.022601019870166], [6.634768507523063, 45.06817963315159], [6.627688836299086, 45.11796987566481], [6.692284376663906, 45.14429901791752], [6.842301059607223, 45.13564321550864], [6.9812073096077825, 45.215586656264165], [7.078359002316489, 45.23992625587364], [7.116806267941655, 45.34904104265793], [7.146365187212609, 45.38172638608253], [7.153393182004294, 45.40095001889512], [7.013660109087084, 45.50050466570541], [6.881471795284455, 45.67033926043264], [6.806230909867509, 45.710000922216665], [6.790934685909093, 45.74087759051106], [6.804473911169566, 45.81456818295926], [6.940796339555533, 45.86836334897511], [7.021101515337108, 45.92577586525138]]}}, {"type": "Feature", "properties": {"kind": "boundary"}, "geometry": {"type": "LineString", "coordinates": [[28.96586022310717, 69.02198883734899], [28.41400760266228, 68.90416657172351], [28.453488396933267, 68.87228221299942], [28.70592776867906, 68.86553843858532], [28.77284874849704, 68.84003611924929], [28.777602980267886, 68.81381032986117], [28.752074822715713, 68.77143565538184], [28.479326613079195, 68.53762563747726], [28.470748325318738, 68.4883779975031], [28.560096876751402, 68.35135793728118], [28.685205519330026, 68.18979157172065], [29.34387332532225, 68.06186656358211], [29.524172397588586, 67.92908397080815], [29.821570265428306, 67.75400421820329], [29.979235060350817, 67.68858185492176], [29.988071730272736, 67.66827301703107], [29.941252882616283, 67.5474793565488], [29.572283156052322, 67.32436636012865], [29.243414340946828, 67.0966024848022], [29.086989780399335, 66.97095123968451], [29.0662675310503, 66.89173126898108], [29.093087599409785, 66.84922740342101], [29.293230421676213, 66.69551585556884], [29.464331088994584, 66.53216665309422], [29.544377882614697, 66.43971751572407], [29.59073164238052, 66.3568285183279], [29.670881788865216, 66.27613576930413], [29.903425734178654, 66.09108246526695], [30.08749718600228, 65.78652741155479], [30.102741733528404, 65.72627269150247], [30.095352003710673, 65.68167593043457], [29.8826518083973, 65.66364085556471], [29.715943637823727, 65.62457347275206], [29.819451531704345, 65.56876292587684], [29.728035922980013, 65.47341990829831], [29.714806756313294, 65.3369424506155], [29.60799157076599, 65.24867910426097], [29.62969567232858, 65.22387441676086], [29.810563185350134, 65.20475413681287], [29.82694461438666, 65.14506785751577], [29.810873243943888, 65.10791250269791], [29.62251264824002, 65.03949290634345], [29.600911899542012, 65.0019499782834], [29.6042191912087, 64.96838613550985], [29.70168094251116, 64.84575796168123], [29.783226352667754, 64.80431346298316], [30.072821079231403, 64.76503937444132], [30.11023481621072, 64.73258657496204], [30.126151157356617, 64.68809316675872], [30.120156691210752, 64.64463328720127], [29.98559126152273, 64.55773936630247], [29.98662479016855, 64.5242788763935], [30.10811608248676, 64.3661231553642], [30.390682814258724, 64.2824331732675], [30.487886183399723, 64.23654450139234], [30.513776075977972, 64.20000926376197], [30.526075066863427, 64.07730357528492], [30.503905877410205, 64.0205886908446], [30.210280389127774, 63.803340969489554], [29.9915340512363, 63.735179755296585], [30.055406121549055, 63.68900686304379], [30.41853641126403, 63.50403107365504], [30.974781528453775, 63.30063263615422], [31.180867140433747, 63.20828685164865], [31.33672326022605, 63.06808869084078], [31.50927086764861, 62.955330715579905], [31.536504347466433, 62.92163768172561], [31.534023878716425, 62.88541250268902], [31.285666945121676, 62.56780914982316], [31.186758253715027, 62.48140615503115], [30.9357141456411, 62.323793036540934], [30.565607537566706, 62.12757762312869], [29.69015709811009, 61.546114406980536], [29.492339715296794, 61.4442343207171], [29.251630893681238, 61.28778392195346], [28.739052361778164, 61.05875397403587], [28.662829624147633, 61.00284007429606], [28.4074446957612, 60.89692922631387], [27.797662794717098, 60.536124376052015], [27.73100019706058, 60.456568508538666]]}}, {"type": "Feature", "properties": {"kind": "boundary"}, "geometry": {"type": "LineString", "coordinates": [[30.869775018036677, 69.78344106716973], [30.92413862480774, 69.65176951769003], [30.92248497897438, 69.60582916938257], [30.896646762828453, 69.56123240831467], [30.860731642385588, 69.53841726345782], [30.61537194186377, 69.53255198839268], [30.180153029101632, 69.63585317654413], [30.159740838346323, 69.6298587103983], [30.19653445813816, 69.58055939399183], [30.186715936002685, 69.54278392198647], [30.13188724134102, 69.46423574490284], [30.08729048027314, 69.43286815050168], [29.9940661964186, 69.39245718044943], [29.832732374803356, 69.36046946886076], [29.38831505709325, 69.29814769151675], [29.209928012821706, 69.09702301703679], [29.118564080529666, 69.04994578721887], [28.96586022310717, 69.02198883734899]]}}, {"type": "Feature", "properties": {"kind": "boundary"}, "geometry": {"type": "LineString", "coordinates": [[48.572880486857485, 41.8444745957038], [48.39139285664842, 41.601905422525746], [48.29811689636159, 41.5450096705724], [48.05606448750646, 41.45871002864497], [47.86108930846922, 41.212730210935646], [47.79101606628146, 41.19926850032361], [47.52059329609807, 41.22905996353988], [47.31765994648788, 41.28244171809739], [47.261177605992884, 41.3150753850897], [47.20531538268534, 41.455609442707456], [47.14263187031531, 41.51604503027281], [47.01018517435125, 41.587487697916316], [46.987757602736565, 41.62138743749978], [46.749322544141876, 41.812590236979716], [46.69030805846455, 41.83134878190167], [46.57124555846406, 41.80008454036508], [46.55212527851609, 41.81228017838596], [46.53765587747435, 41.87039032649818], [46.42991051614578, 41.89095754655034]]}}, {"type": "Feature", "properties": {"kind": "boundary"}, "geometry": {"type": "LineString", "coordinates": [[46.42991051614578, 41.89095754655034], [46.34826175312463, 41.790162665365045], [46.30252811054632, 41.75708974869825], [46.201862420441756, 41.736884263672124], [46.18212202330625, 41.65709585221347], [46.203516066275085, 41.612602444010165], [46.25472741067634, 41.60213796647106], [46.30542199075467, 41.507699286457665], [46.61889122903719, 41.34372996679555], [46.67258304218842, 41.2868342148422], [46.62633263528721, 41.15968435318804], [46.53434858580766, 41.08855174413827], [46.43094404479163, 41.077053737953335], [46.17075320820206, 41.197847398435584], [46.03122684101399, 41.16728078873494], [45.92198286314897, 41.18673696549284], [45.7927917824193, 41.224409084633606], [45.725509067575274, 41.261616115883754], [45.69569176614286, 41.289004624998455], [45.71558719257524, 41.33765798600125], [45.42232343931886, 41.42527537695213], [45.280988397000584, 41.4495633001293], [45.00141889830155, 41.29096832942554]]}}, {"type": "Feature", "properties": {"kind": "boundary"}, "geometry": {"type": "LineString", "coordinates": [[16.516180861078226, 46.499901028014094], [16.321205682040983, 46.53462759051423], [16.236766391676042, 46.48382965757132], [16.253302850009447, 46.389106757180315], [16.227412957431227, 46.37282868100837], [16.10643842943594, 46.38220795346935], [16.066492547274322, 46.371330064471906], [16.000708448966776, 46.30539093686748], [15.933322381258165, 46.27764069272675], [15.635976189850737, 46.200720323260285], [15.592567986725555, 46.13997467710119], [15.59690880703809, 46.10922719988753], [15.666206902741493, 46.04850739194458], [15.6756120134186, 45.983705145850564], [15.652202589590388, 45.862162177100075], [15.624762404043395, 45.83402435971716], [15.454075148183335, 45.79761831316753], [15.277031691151393, 45.73260936134436], [15.27294925300032, 45.7177265488443], [15.353719516672527, 45.65992645932583], [15.356975131906921, 45.645482896500255], [15.290105828521234, 45.61266836199492], [15.283542921620153, 45.57967295997655], [15.291191033599347, 45.54153575294515], [15.33945682135996, 45.46704417579642], [15.242098422922084, 45.441412665379644], [15.11047854987467, 45.45079193784062], [14.954570753650103, 45.499910386734044], [14.847083774482996, 45.46735423439017], [14.793081902737981, 45.47820628517147], [14.649473097398868, 45.5714822454583], [14.608545363023694, 45.61008454038033], [14.591802198961147, 45.65127065691695], [14.568857863023538, 45.65721344663051], [14.534027947658814, 45.645276190771085], [14.427367791408386, 45.50574982358303], [14.369903598699835, 45.48146190040585], [14.085579868229956, 45.47784455014542], [13.992820672266049, 45.5094446884919], [13.970341424219072, 45.50334686948146], [13.970134718489902, 45.482598781916266], [13.935614861718932, 45.44978424741093], [13.878667433333277, 45.428390204442096], [13.61522098150931, 45.47675934506729], [13.577910597394578, 45.516886094741935]]}}, {"type": "Feature", "properties": {"kind": "boundary"}, "geometry": {"type": "LineString", "coordinates": [[18.90538903166069, 45.93171865496494], [18.721782667727666, 45.89936920835024], [18.665972120852445, 45.90748240822005], [18.533577101320645, 45.79611969663107], [18.358290642986617, 45.75302155209964], [17.807161492593792, 45.79040945086281], [17.639678175535835, 45.86836334897511], [17.607018670327363, 45.91378693295967], [17.529193963295796, 45.94133047137123], [17.406307407305746, 45.9510973170744], [17.31060265470117, 45.99615916603291], [17.24218305834674, 46.07661937111136], [17.14957889167971, 46.14033641212724], [17.032686801835496, 46.18731028908054], [16.93997928230388, 46.25366282814332], [16.871456333084836, 46.33929067645094], [16.748053012771862, 46.41641775164656], [16.516180861078226, 46.499901028014094]]}}, {"type": "Feature", "properties": {"kind": "boundary"}, "geometry": {"type": "LineString", "coordinates": [[20.241844923593106, 46.10860708270003], [20.161384718514682, 46.141886705096], [19.934111769295015, 46.161472072934615], [19.844401482836332, 46.14589162859862], [19.61345950692393, 46.1691718613461], [19.53072553882464, 46.155193386411156], [19.42127485523045, 46.064449571306625], [19.27813113778197, 46.002877102230855], [19.146252882573123, 45.98701243751725], [19.087341749760384, 46.01618378354601], [19.01571821460385, 45.959727281267135], [18.90538903166069, 45.93171865496494]]}}, {"type": "Feature", "properties": {"kind": "boundary"}, "geometry": {"type": "LineString", "coordinates": [[16.516180861078226, 46.499901028014094], [16.381253696364126, 46.638652248717776], [16.384560988030813, 46.68082021746794], [16.33546837735352, 46.72161876076237], [16.30849327969716, 46.8279946966352], [16.283585239332496, 46.85726939552855], [16.093054233472344, 46.863289699890544]]}}, {"type": "Feature", "properties": {"kind": "boundary"}, "geometry": {"type": "LineString", "coordinates": [[28.01444542818149, 41.9690664739595], [27.879208204873663, 41.98663646093874], [27.831924269326606, 41.98128795019653], [27.801641880003558, 41.95653493912873], [27.661185337034254, 41.96131500911572], [27.534836460080612, 41.920774847982756], [27.47484012218976, 41.94689728450629], [27.294902784949443, 42.07955068619954], [27.24436323416799, 42.093244940756875], [27.011715935989997, 42.05864756933747], [26.88485029471343, 41.99185578060022], [26.615357700311336, 41.96488068294387], [26.579700962029932, 41.94795665136827], [26.511436394972378, 41.826362006185505], [26.360386183383213, 41.80158315690154], [26.327209913851846, 41.772799384114975], [26.320905389112227, 41.716575425781414]]}}, {"type": "Feature", "properties": {"kind": "boundary"}, "geometry": {"type": "LineString", "coordinates": [[5.993929070671527, 50.75044261331756], [6.235981479526686, 50.59670522724923], [6.168440382521197, 50.5453388535511], [6.203063592156752, 50.499114284866025], [6.294944288771688, 50.48549754495711], [6.340936313511463, 50.45175283467053], [6.364500766636553, 50.31615387633664], [6.175054965854542, 50.23264476175298], [6.116505568067851, 50.120971991570244]]}}, {"type": "Feature", "properties": {"kind": "boundary"}, "geometry": {"type": "LineString", "coordinates": [[10.452830030975832, 46.86494334572389], [10.689301385143438, 46.846391506531106], [10.759788038789566, 46.793319810567354], [10.82893110519609, 46.77523305926519], [10.993262159884239, 46.77699005796312], [11.025094842176031, 46.79698883726007], [11.133925408582712, 46.93617930763823], [11.24440962082275, 46.97568594012537], [11.527544793349932, 46.997415879904096], [11.77564334478322, 46.98607290301604], [12.169417758847288, 47.08213939064663], [12.20125044113908, 47.06090037697467], [12.130763787492953, 46.98478099220874], [12.154121534888901, 46.935274970073124], [12.388319126035668, 46.70265351011126], [12.479166294004784, 46.672500311868944], [13.168736606507537, 46.572661444681046], [13.490060662498394, 46.55555654559244], [13.699970330467977, 46.520261542337096]]}}, {"type": "Feature", "properties": {"kind": "boundary"}, "geometry": {"type": "LineString", "coordinates": [[13.699970330467977, 46.520261542337096], [13.679713169009574, 46.462900702493116], [13.5632344906237, 46.41510000262312], [13.399523553123032, 46.317534898456074], [13.378181186586488, 46.26159516050012], [13.421020948956453, 46.212295844093674], [13.491765984764044, 46.216610826190035], [13.63248090989481, 46.177026679054464], [13.616564568748913, 46.13310171160637], [13.48644331223798, 46.03954153094193], [13.480293816795239, 46.00923330340275], [13.509180942446392, 45.97378327085053], [13.600544874738432, 45.97977773699638], [13.61398074713432, 45.96169098569423], [13.569642368227875, 45.83412771258175], [13.58343997564981, 45.812371934586864], [13.721674432030568, 45.761263943050196], [13.83117679205705, 45.680416164729564], [13.87474002447911, 45.614838772151174], [13.844767693749816, 45.59285045021099], [13.719865756900361, 45.58757945411722]]}}, {"type": "Feature", "properties": {"kind": "boundary"}, "geometry": {"type": "LineString", "coordinates": [[1.4283162776845302, 42.59590159765993], [1.3494580420071145, 42.69067617448323], [1.2932857601058458, 42.70995148372809], [1.2083297054180093, 42.71315542253019], [1.0100472347141078, 42.77893952083775], [0.6968363785930478, 42.84513703060364], [0.669809604504394, 42.835731919926516], [0.6517745296345367, 42.80043691667116], [0.6316207210407185, 42.68961680762125], [0.2555196468204599, 42.692898261071775], [0.2014144222108598, 42.71935659440521], [-0.041154750967194786, 42.68912588151447], [-0.29930436848124486, 42.825319118819706], [-0.5864444645110325, 42.798989976567], [-0.7626610986263245, 42.93980825456235], [-0.9338392805931619, 42.94949758561708], [-1.1754524397738066, 43.021121120773614], [-1.2854715641232133, 43.05962006283106], [-1.3000443180295065, 43.10096120866456], [-1.3705309716756346, 43.03758006445857], [-1.4608613753218265, 43.051765245122695], [-1.4804984195927489, 43.07114390723214], [-1.4226208154258302, 43.14909780534444], [-1.4107093977825684, 43.24010000261042], [-1.471713426103122, 43.26766937923814], [-1.6271302962209404, 43.282474677089766], [-1.7128356591769887, 43.307046820644544], [-1.7532724674453846, 43.32469432227222], [-1.7927274235002244, 43.372546698574496], [-1.794019334307535, 43.40732493750693]]}}, {"type": "Feature", "properties": {"kind": "boundary"}, "geometry": {"type": "LineString", "coordinates": [[1.4283162776845302, 42.59590159765993], [1.5013350765129303, 42.64272044531637], [1.709901157242939, 42.6044282089881], [1.7401835465659872, 42.556730861982686], [1.706025424821064, 42.5032974309929]]}}, {"type": "Feature", "properties": {"kind": "boundary"}, "geometry": {"type": "LineString", "coordinates": [[1.706025424821064, 42.5032974309929], [1.9279757015146401, 42.426299546878], [1.986525099301332, 42.35850006771106], [2.032672153337984, 42.35353913021105], [2.2004138525574035, 42.420925197919644], [2.6516524593300517, 42.34049083105735], [2.6699975927936634, 42.39301992448203], [2.7018819515177483, 42.40847117773731], [2.8913794287320513, 42.45606517187812], [2.970030958680269, 42.46722728125317], [3.211411573915626, 42.431157131513444]]}}, {"type": "Feature", "properties": {"kind": "boundary"}, "geometry": {"type": "LineString", "coordinates": [[1.4283162776845302, 42.59590159765993], [1.4148287288563495, 42.548410956383705], [1.428161248387653, 42.46131032975575], [1.4488318213043954, 42.4374358180369], [1.534046258153694, 42.441699123700985], [1.706025424821064, 42.5032974309929]]}}, {"type": "Feature", "properties": {"kind": "boundary"}, "geometry": {"type": "LineString", "coordinates": [[20.9642814470335, 40.8499099798144], [21.323691033623476, 40.86714406998375], [21.404151238701928, 40.90719330500994], [21.57576867034325, 40.86892690689781], [21.7794771664378, 40.950446478838245], [21.929442172948825, 41.10741364192481], [21.99331424326158, 41.13097809504991], [22.138835076595484, 41.1405382350239], [22.18446536630921, 41.15862498632606], [22.493542107846906, 41.118524074867565], [22.603612908628605, 41.14020233821401], [22.724794142353062, 41.17852041275843], [22.755128208108374, 41.31272410742042], [22.78386030446265, 41.3319994166653], [22.915996941832987, 41.33628856054551]]}}, {"type": "Feature", "properties": {"kind": "boundary"}, "geometry": {"type": "LineString", "coordinates": [[21.560834181410883, 42.24767995866114], [21.389526808363343, 42.21980052343967], [21.331700880628716, 42.18716685644736], [21.286639031670205, 42.100402126629305], [21.256304965914893, 42.0994977890642], [21.142513462008168, 42.174997056642624], [21.059727817476585, 42.17127635351761], [20.778091261485883, 42.071024074871374], [20.750392693777457, 42.01836579036595], [20.744191521902422, 41.90431590429779], [20.72496788908984, 41.87351675065183], [20.69489220549596, 41.853802191732484], [20.566166212656924, 41.873697618164854]]}}, {"type": "Feature", "properties": {"kind": "boundary"}, "geometry": {"type": "LineString", "coordinates": [[22.344042189226514, 42.313954983075476], [22.239707472429245, 42.358138332685016], [22.05201867034515, 42.30465322526294], [21.90412072112582, 42.3220681829453], [21.81461714039628, 42.30310293229418], [21.73927290211472, 42.26770457617424], [21.61824669768717, 42.24212474218977], [21.560834181410883, 42.24767995866114]]}}, {"type": "Feature", "properties": {"kind": "boundary"}, "geometry": {"type": "LineString", "coordinates": [[22.344042189226514, 42.313954983075476], [22.42207360198725, 42.32886363379167], [22.5235144385762, 42.44097565364889], [22.524237908628294, 42.50389170996425], [22.472044712013485, 42.5432949895868], [22.436232944435233, 42.62910370540746], [22.46563683440931, 42.75077586523868], [22.439230177508165, 42.79165192318155], [22.466773715919715, 42.84250153255675], [22.558085971779462, 42.8784683294319], [22.706190626727988, 42.88392019303869], [22.79987999847313, 42.98574860286982], [22.942300245869546, 43.09705963802652], [22.976820102640517, 43.18801015886022], [22.859617954202548, 43.252347317063595], [22.767530551858442, 43.35414988867859], [22.5546236508159, 43.454505520189414], [22.49912316253443, 43.51884267839279], [22.474111769305182, 43.60224844011188], [22.394840122169427, 43.706634833341454], [22.369622023211008, 43.781281439787065], [22.365384555763058, 43.862103379891565], [22.42083336761226, 44.00744334571246], [22.59741173675357, 44.07529450131169], [22.603406202899436, 44.148571682301565], [22.626557244566186, 44.194098619150694], [22.705105421649847, 44.237791042653484]]}}, {"type": "Feature", "properties": {"kind": "boundary"}, "geometry": {"type": "LineString", "coordinates": [[22.915996941832987, 41.33628856054551], [22.929691196390337, 41.35608063411331], [22.951498650817484, 41.60562612565076], [23.005655551859377, 41.71696299902361], [23.003640171, 41.739829820312764], [22.943953891702876, 41.77509898535196], [22.836776971129552, 41.99361277929815], [22.796055942483548, 42.0257038437514], [22.582735629982693, 42.104820461590265], [22.49824466318549, 42.165101019858724], [22.344042189226514, 42.313954983075476]]}}, {"type": "Feature", "properties": {"kind": "boundary"}, "geometry": {"type": "LineString", "coordinates": [[18.436373732179646, 42.55972809505562], [18.438079054445268, 42.522960313479956], [18.517454054445608, 42.43291413021136]]}}, {"type": "Feature", "properties": {"kind": "boundary"}, "geometry": {"type": "LineString", "coordinates": [[18.436373732179646, 42.55972809505562], [18.303978712647876, 42.599415595055774], [18.12388634611068, 42.690572821618645], [17.841267937906423, 42.8450595159552], [17.801993849364607, 42.902239488286156], [17.740240512775813, 42.915468654952875], [17.66758344897343, 42.89712352148926]]}}, {"type": "Feature", "properties": {"kind": "boundary"}, "geometry": {"type": "LineString", "coordinates": [[20.344370965260197, 42.82795461686659], [20.46885949065131, 42.857901109379725], [20.486842889088877, 42.879062608403245], [20.458420851328356, 42.92456370703624], [20.475060662526346, 42.95303742122907], [20.623992140391522, 43.03416941992731], [20.65758182138123, 43.099850165370285], [20.60962609221437, 43.17839834245393], [20.623165317474843, 43.1986296656962], [20.763415154715005, 43.25860016537092], [20.800622185965153, 43.26108063412093], [20.823773227631904, 43.237929592454165], [20.844443800548646, 43.173437404953916], [21.057040642997407, 43.09168528906817], [21.222611932060573, 42.956215521815025], [21.23708133310231, 42.91322073014818], [21.403066033623816, 42.831520290694726], [21.390663689873747, 42.75142182064232], [21.75291548023978, 42.66979889583732], [21.730642937922, 42.595462347985446], [21.61907352060385, 42.42325063737279], [21.609875115655882, 42.38743886979451], [21.529983351332646, 42.350025132815205], [21.51892459482218, 42.3284243841172], [21.56331465016089, 42.24618134212467]]}}, {"type": "Feature", "properties": {"kind": "boundary"}, "geometry": {"type": "LineString", "coordinates": [[20.344370965260197, 42.82795461686659], [20.215128208098207, 42.79883494727012], [20.192597283618966, 42.75465159766057], [20.054259474373623, 42.76007762305122], [20.029506463305808, 42.73201732031673], [20.089244419035225, 42.63155833594132], [20.063974643644485, 42.547274074873286]]}}, {"type": "Feature", "properties": {"kind": "boundary"}, "geometry": {"type": "LineString", "coordinates": [[19.19436364103683, 43.53331207943451], [19.196430698328527, 43.48499461524162], [19.2187549170786, 43.449957994147724], [19.414660271897105, 43.342832750006664], [19.55155114103826, 43.2122464056051], [19.614441359137487, 43.173437404953916], [19.671027052497095, 43.163954779628355], [19.781149529711058, 43.109772040370316], [19.944033644295047, 43.081660061203536], [20.167895948983443, 42.968488674484334], [20.26845828622342, 42.93546743424983], [20.339978468515397, 42.89288605404133], [20.344370965260197, 42.82795461686659]]}}, {"type": "Feature", "properties": {"kind": "boundary"}, "geometry": {"type": "LineString", "coordinates": [[20.622183465261315, 69.03687164984903], [20.895086704194682, 68.97982086859882], [20.918547804455187, 68.90693126085112], [21.18344119638334, 68.82882233344195], [21.422393019300955, 68.72459096950924], [21.465387810967798, 68.69069122992578], [21.997448357844945, 68.52062409125323], [22.78241336435849, 68.39101959906522], [22.854140252379608, 68.36735179307551], [23.09789798350039, 68.2575910508876], [23.18254397959447, 68.13661652289231], [23.318556349386682, 68.13031199815269], [23.355504998475368, 68.0886866319416], [23.47425743988208, 68.01734731716267], [23.63889855316401, 67.95437958441501], [23.632904087018147, 67.93319224717534], [23.50185265472595, 67.87521129014387], [23.487796665142554, 67.79655976019565], [23.500199008892622, 67.69620412868481], [23.541281772564645, 67.61432282171835], [23.53699262868443, 67.59039663356721], [23.465472446392482, 67.51786876084556], [23.45493045420494, 67.46027537705628], [23.73356977712271, 67.42291331650925], [23.774910922956195, 67.32862966579272], [23.656623569440114, 67.26783234320133], [23.626082797955604, 67.23393260361787], [23.623085564882672, 67.18414236110463], [23.641534051210897, 67.1293911810914], [23.67739749522144, 67.06812877060939], [23.941825799258964, 66.87783030869456], [23.988541294050805, 66.81052175563441], [23.938880242618325, 66.77571767848583], [23.89418012868586, 66.70688467067306], [23.86549970876385, 66.57660838486522], [23.768399692487435, 66.50586334905766], [23.70111697764341, 66.4807486029638], [23.673831821393293, 66.38070303004675], [23.7209607276435, 66.21544179957733], [23.75144982269569, 66.19115387640015], [23.907305942487994, 66.1482624375979], [24.049002719832316, 65.98982249619102], [24.155507846785866, 65.80528595647674], [24.130031365665957, 65.75919057887238], [24.189976027124544, 65.65247874618966], [24.188322381291187, 65.60746857366344], [24.116027052514852, 65.50520091415784]]}}, {"type": "Feature", "properties": {"kind": "boundary"}, "geometry": {"type": "LineString", "coordinates": [[4.2261299983988465, 51.38647614196593], [4.172593214544463, 51.30710114196562], [4.039991489283523, 51.247078965858606], [3.902067091496491, 51.207675686236044], [3.8307536149337125, 51.21258494730378], [3.6818221370685364, 51.27568187113215], [3.580277947615002, 51.2861721868874], [3.4719641455312455, 51.24224721943931], [3.4324833512602595, 51.24576121683516], [3.380083448916281, 51.29113312438743], [3.350111118187016, 51.377691148476316]]}}, {"type": "Feature", "properties": {"kind": "boundary"}, "geometry": {"type": "LineString", "coordinates": [[5.993929070671527, 50.75044261331756], [5.747070753613258, 50.75958934183322], [5.693637322623459, 50.77467886006244], [5.639480421581567, 50.84361522073981], [5.6475419450191, 50.86666290954197], [5.749964633821605, 50.95022370055794], [5.749757928092436, 50.98874848083153], [5.818280877311452, 51.08641693786316], [5.827117547233371, 51.1256393499727], [5.796473422884276, 51.153053697303534], [5.608784620800208, 51.198451443071946], [5.47685468915904, 51.28503530537698], [5.310869988637563, 51.25971385355396], [5.21418338381946, 51.27896332458269], [5.099875115589839, 51.34647858337202], [5.059464145537589, 51.453138739622446], [5.0309387549124835, 51.469106757200635], [4.94391564293295, 51.40776683207018], [4.848055861031526, 51.403270982460796], [4.820667351916853, 51.41205597595041], [4.810590447619916, 51.45272532816411], [4.755658400093665, 51.491095079140834], [4.633960402046313, 51.42171946878899], [4.588795200223217, 51.42192617451816], [4.503425734077041, 51.47468781188816], [4.384776645534885, 51.42761058207026], [4.404000278347468, 51.36709747985648], [4.3737178890244195, 51.355987046913725], [4.2261299983988465, 51.38647614196593]]}}, {"type": "Feature", "properties": {"kind": "boundary"}, "geometry": {"type": "LineString", "coordinates": [[6.344295281610442, 49.452744045604035], [6.4581384619494315, 49.442848008820135], [6.5343095231476696, 49.39465973570796], [6.574668816767598, 49.31967723245245], [6.735434197627626, 49.16061717385807], [6.776258579138215, 49.15415761982159], [6.849535760128077, 49.20195831969157], [6.891186964555345, 49.207539374379095], [7.0014644710661855, 49.179866644886786], [7.03670779788925, 49.112713121123505], [7.117374708696872, 49.127544257191275], [7.199901971066993, 49.113643296904755], [7.45053266768258, 49.15219391539449], [7.5255151709380925, 49.08635814065465], [7.610936313516561, 49.061760158883715], [8.001248406617066, 49.0109622259408], [8.134831984091562, 48.973600165393776], [8.140309685914502, 48.886422024117394], [7.837950880574738, 48.636049709663254], [7.794801059611046, 48.546830349311335], [7.765138787475507, 48.410016994818605], [7.705710890339844, 48.28005076760455], [7.616620721068642, 48.156802476588425], [7.584167921589369, 48.06430166278598], [7.6084558447665245, 48.00257416441333], [7.593262973672722, 47.90565501564993], [7.538589308307934, 47.77362173114419], [7.5293909033599675, 47.673886216820875], [7.56546105309971, 47.60655182554456], [7.615587192422822, 47.59270254169034]]}}, {"type": "Feature", "properties": {"kind": "boundary"}, "geometry": {"type": "LineString", "coordinates": [[9.523997836961712, 47.52420543068746], [9.182830030970763, 47.670682278018774], [8.8811430192508, 47.656393744490074], [8.831120232792273, 47.70360016538869], [8.793086378625446, 47.71657094989396], [8.728284132531428, 47.700060329776704], [8.617903273156003, 47.76610281024571], [8.572634718468322, 47.775637112003565], [8.50984785323368, 47.7668779567301], [8.435795525759431, 47.73135040952944], [8.403446079144715, 47.68778717710738], [8.413264601280162, 47.66269826922968], [8.451711866905327, 47.65182038023224], [8.567053663780797, 47.65192373309682], [8.559508904666188, 47.62401845965921], [8.454037306358458, 47.59619070087004], [8.198290642945977, 47.606913560570604], [8.093800896851803, 47.57616608335694], [7.927092726278232, 47.56384125425532], [7.698062778360651, 47.56988739683348], [7.615587192422822, 47.59270254169034]]}}, {"type": "Feature", "properties": {"kind": "boundary"}, "geometry": {"type": "LineString", "coordinates": [[9.52751183435754, 47.27075836851196], [9.609057244514133, 47.39178457293953], [9.625903761441265, 47.4670254583565], [9.523997836961712, 47.52420543068746]]}}, {"type": "Feature", "properties": {"kind": "boundary"}, "geometry": {"type": "LineString", "coordinates": [[9.580221795295245, 47.057386379578816], [9.4877209814928, 47.06224396421426], [9.484310336961528, 47.17267650002199], [9.52751183435754, 47.27075836851196]]}}, {"type": "Feature", "properties": {"kind": "boundary"}, "geometry": {"type": "LineString", "coordinates": [[7.021101515337108, 45.92577586525138], [6.953715447628497, 46.01713979754341], [6.772021111690265, 46.165141099627334], [6.81677290205505, 46.27521190040902], [6.784165073278871, 46.31394338641178], [6.767421909216296, 46.3691854925318], [6.776051873409045, 46.40665090594341], [6.7580684749714806, 46.41577179624292], [6.578234490595747, 46.43737254494093], [6.428889601272232, 46.430499579446106], [6.32191938642805, 46.3937059596543], [6.234689568719375, 46.33262441668529], [6.224199252964127, 46.319446926450865], [6.272981805047664, 46.25226756447144], [6.199394565464019, 46.193046373064945], [6.086584913770878, 46.14700267189289], [6.006693149447642, 46.14235179298662], [5.97150149905687, 46.15124013934083], [5.97000288252039, 46.21469879819524], [6.095886671583401, 46.27939769142466], [6.123223504265809, 46.37859060320892], [6.060229933301997, 46.428174139992976], [6.067981398145804, 46.45853404396445], [6.160792270542004, 46.611057033873905], [6.410131056350281, 46.755440985697405], [6.438604770543094, 46.925869859396], [6.45622643395464, 46.94832326922682], [6.66691124840861, 47.02653554950058], [7.000637648149535, 47.32251231545227], [6.984049513383837, 47.352562160830004], [6.921469353878365, 47.361217963238886], [6.900385369503283, 47.39421336525726], [6.968391554399403, 47.45322785093457], [7.053450961951825, 47.48934967710659], [7.136029900754238, 47.48986644142951], [7.203105909869095, 47.4327123073147], [7.343149041380059, 47.43312571877303], [7.420043572630362, 47.455191555361665], [7.494871046588997, 47.54738231057037], [7.615587192422822, 47.59270254169034]]}}, {"type": "Feature", "properties": {"kind": "boundary"}, "geometry": {"type": "LineString", "coordinates": [[-6.899990739993436, 40.0], [-6.916394008807188, 40.05683177343103], [-7.027808396828476, 40.142640489251676], [-7.032614305031615, 40.1679102646424], [-7.014682583026342, 40.2083470729108], [-6.8101472640151, 40.343119208328005], [-6.852056850603816, 40.44326813410966], [-6.81836381674951, 40.6540563014282], [-6.835882127296458, 40.77751129817349], [-6.857741258155912, 40.878332017574934], [-6.9284604557473415, 41.009150905921814], [-6.8828043278174675, 41.06240346939859], [-6.775782436541007, 41.10772370051856], [-6.690154588233369, 41.214487209633575], [-6.565924445003702, 41.30373240820164], [-6.403143683284313, 41.375407619790465], [-6.289352179377602, 41.45504100195224], [-6.244316168635237, 41.515915839192076], [-6.212509324559591, 41.53203888606714], [-6.243127610692525, 41.60180206966116], [-6.3080590478672605, 41.64221303971341], [-6.391723191747801, 41.66536408138016], [-6.542179124365589, 41.672495429036445], [-6.558999803076603, 41.704069729166775], [-6.5575011865401365, 41.87413686783934], [-6.575329555680824, 41.9131008977874], [-6.618272670915374, 41.942401434896894], [-6.703590460629258, 41.93457245540468], [-6.833220791033426, 41.96415721289178], [-6.8655443994319825, 41.94524363867295], [-7.030443894875361, 41.95064382584745], [-7.1471292789904055, 41.981132920899654], [-7.195343390318726, 41.95521719010529], [-7.209606085631279, 41.895272528646714], [-7.268543056660164, 41.864421698568464], [-7.40359941245498, 41.8336742213548], [-7.512585008158538, 41.83599966080793], [-7.693039109721752, 41.888451239584185], [-7.896385870790283, 41.87057119401119], [-7.920854661480476, 41.88364533138105], [-8.094409959332737, 41.81421804459691], [-8.15249426922881, 41.81197011979221], [-8.1735265771716, 41.81997996679745], [-8.224737921572839, 41.89584096940192], [-8.21331743003634, 41.92707937272236], [-8.129963344749541, 42.01818492285294], [-8.213059047874879, 42.13370758724142], [-8.266079067406338, 42.13737661393414], [-8.589676886418047, 42.052730617840055], [-8.777133144556828, 41.94108368587345]]}}, {"type": "Feature", "properties": {"kind": "boundary"}, "geometry": {"type": "LineString", "coordinates": [[13.81474368658823, 48.76694611265857], [13.785339796614153, 48.5874738633089], [13.723948195051406, 48.5423603379181], [13.675165642967897, 48.52303335224093], [13.486650017967122, 48.58184113218908], [13.459829949607666, 48.564529527371306], [13.409342075258479, 48.394152330105], [13.374563836326075, 48.36136363381581], [13.322835727601898, 48.33126211200579], [13.082126905986343, 48.27508983010452], [12.897435336975207, 48.2036988388933], [12.814236280985284, 48.16085907652334], [12.760389438537146, 48.10698639585907], [12.7600277035111, 48.07598053648394], [12.953555942444183, 47.89061717385299], [12.954176059631664, 47.80777985288911], [12.897642042704376, 47.721893622420026], [13.033551059632003, 47.69874258075326], [13.054066603251869, 47.655127671898924], [13.047917107809127, 47.57916331642987], [13.01432742681942, 47.47808421486697], [12.968025343485891, 47.475681260765384], [12.809378696349853, 47.54216299090889], [12.782817010151831, 47.56417715106522], [12.796149529683134, 47.60701691343519], [12.771396518615319, 47.63939219826605], [12.685872023172266, 47.66931285256304], [12.482886997129782, 47.63729930275822], [12.363204379941806, 47.68820058856572], [12.209311964576614, 47.718276272159585], [12.196909620826546, 47.70907786721163], [12.203834262753674, 47.64673025165149], [12.185644158586939, 47.61952261004981], [11.716835564835065, 47.583478298526245], [11.392927687229587, 47.487179266950335], [11.374117465875344, 47.460255845726266], [11.297946404677134, 47.42490916603863], [11.211956821343449, 47.413643703798996], [11.191182895562122, 47.425193386416225], [11.041941359103191, 47.39310232196297], [10.980859816134199, 47.398166612327586], [10.89394005701925, 47.47043610288776], [10.873062778373338, 47.52020050718484], [10.741597934622831, 47.524102077822874], [10.658708937226663, 47.54722728127349], [10.439445835012236, 47.551568101586], [10.40394412602771, 47.416976833681815], [10.369114210662985, 47.366049709658185], [10.312786899464868, 47.31344310158505], [10.183027377979954, 47.278819891949496], [10.200287306365453, 47.3634142116113], [10.06634199386491, 47.39333486590829], [10.074248488005566, 47.42852651629906], [10.059830763396121, 47.449093736351216], [9.971619093473919, 47.50531769468478], [9.748893670295928, 47.57554596616943], [9.650605096076788, 47.52588491473695], [9.523997836961712, 47.52420543068746]]}}, {"type": "Feature", "properties": {"kind": "boundary"}, "geometry": {"type": "LineString", "coordinates": [[16.093054233472344, 46.863289699890544], [15.976833937247932, 46.80138133400489], [15.980451287508373, 46.70585744891335], [15.957661980867641, 46.67761627866584], [15.766924269278348, 46.71125763608785], [15.63266889818405, 46.69844188087947], [15.54533572761079, 46.654620266295964], [15.439295688547872, 46.62966054949898], [15.217035353260513, 46.64299306903028], [14.89328250495194, 46.605915228860866], [14.840572544014208, 46.58049042417326], [14.756753370836805, 46.49912588152971], [14.596969842190333, 46.43608063413363], [14.549840935940125, 46.39970042580015], [14.503538852606624, 46.41706370705022], [13.699970330467977, 46.520261542337096]]}}, {"type": "Feature", "properties": {"kind": "boundary"}, "geometry": {"type": "LineString", "coordinates": [[18.436373732179646, 42.55972809505562], [18.53492068856025, 42.62013784440482], [18.54592776863842, 42.64158356380595], [18.543292270591536, 42.67419139258212], [18.466036004315185, 42.77723419857212], [18.443866814861963, 42.96843699805204], [18.460144891033906, 42.99789256445841], [18.62359744637311, 43.02768402767468], [18.62184044767517, 43.124603176438086], [18.674240350019147, 43.23082408301403], [18.85107710132192, 43.34634674740252], [18.93468956877018, 43.33944794369155], [18.978666212650552, 43.28542023373039], [19.026673618249703, 43.29244822852209], [19.036698846114348, 43.3573021510484], [18.940218947025414, 43.49672516537187], [18.950709262780663, 43.526671657885004], [18.974170363041168, 43.5423554550856], [19.08005537280721, 43.51770579688237], [19.19436364103683, 43.53331207943451]]}}, {"type": "Feature", "properties": {"kind": "boundary"}, "geometry": {"type": "LineString", "coordinates": [[19.19436364103683, 43.53331207943451], [19.254463331792294, 43.584368394538885], [19.300765415125824, 43.59180980078892], [19.360296665126043, 43.59346344662225], [19.399622430100152, 43.56757355404403], [19.451247185959744, 43.5620441757888], [19.495068800543265, 43.642866115893284], [19.488144158616137, 43.7035600856201], [19.24505822111516, 43.96501699480082], [19.3053129411675, 43.993361517912916], [19.449386834397245, 43.97801361752224], [19.549535760178884, 43.98713450782175], [19.583693881923807, 44.01108653418903], [19.5837455583561, 44.043461819019896], [19.54715864429346, 44.07348582618147], [19.338902622157207, 44.225827948577916], [19.15183393726062, 44.30251577409905], [19.118450962000082, 44.359979966807614], [19.132403598718895, 44.48379669857894], [19.151317172937723, 44.52733409278484], [19.291877068771612, 44.69675527605375], [19.334510125412407, 44.78067780209575], [19.35688602059477, 44.85855418555961], [19.348617791428097, 44.88093008074199], [19.236789991948484, 44.91426137957025], [19.042073195072703, 44.8713182643357], [18.941304152103527, 44.86516876889297], [18.836400994551042, 44.88325552019512], [18.7883419125196, 44.914881496757744], [18.779401889733094, 44.9772291123179], [18.74607059090485, 45.0265025905082], [18.662561476321173, 45.07745555274798], [18.488308546632965, 45.08585297299541], [18.284961785564462, 45.13429962826905], [18.137218865641984, 45.11936513933669], [17.99629723478205, 45.14181854916751], [17.874392531005526, 45.07724884701882], [17.81279422371361, 45.07810150815163], [17.6901143734527, 45.15838084571706], [17.65347578295777, 45.163496812513955], [17.502632277097774, 45.120346991550235], [17.324141879961644, 45.16396190040459], [17.258719516680145, 45.170576483737946], [17.2106604346487, 45.15605540626392], [17.12539432136711, 45.17176504168066], [16.9186885921996, 45.27656484636857], [16.790789422277214, 45.19685394955836], [16.530701938552227, 45.216723537774584], [16.293403761467943, 45.00882925066438], [16.231030307691668, 45.026605943372786], [16.157288038811146, 45.0722362330865], [16.02835534024294, 45.189593410821345], [15.888260532299654, 45.21574168556104], [15.822889845450447, 45.20277090105577], [15.788111606518015, 45.17894806576922], [15.7366418799553, 44.76579498959569], [15.880043979565244, 44.68194997820213], [16.049077589591974, 44.53759186459479], [16.103441196363008, 44.52100372982909], [16.2142354671968, 44.2151309270935], [16.3001216976659, 44.12449046485355], [16.590491570713937, 43.91318553321207], [16.713429803136307, 43.778826809253204], [17.084621616288814, 43.51656891537195], [17.24807417162802, 43.47021515560614], [17.273809034909362, 43.44577220313208], [17.27525597501355, 43.34386627865251], [17.293032667721945, 43.30562571875652], [17.402224969154673, 43.1989138860738], [17.624795363035787, 43.04274770768777], [17.65053022631713, 43.00657420508345], [17.657764926837984, 42.98006419531772], [17.643450555093153, 42.959755357427014], [17.585107863035603, 42.93836131445818]]}}, {"type": "Feature", "properties": {"kind": "boundary"}, "geometry": {"type": "LineString", "coordinates": [[19.007139926843394, 44.86919953061174], [18.99546105314542, 44.90402944597646], [19.009517042728817, 44.91937734636714], [19.0605216814009, 44.911005764335854], [19.085274692468687, 44.92676707618489], [19.10005415210418, 44.97379262957048], [19.06284712085403, 45.137193508477395], [19.129716424239717, 45.15171458595141], [19.13695112476057, 45.19623383237085], [19.20599083830251, 45.167785956394184], [19.303039178146662, 45.16726919207126], [19.388098585699083, 45.17300527605566], [19.3999841651262, 45.21248607032665], [19.330272657964457, 45.2680899114727], [19.093077833744758, 45.336922919285485], [19.004659458093386, 45.39950307879094], [19.007656691166318, 45.46580394142141], [19.033288201583076, 45.502184149754896], [19.06429406095819, 45.514999904963275], [18.953706495853595, 45.55799469663012], [18.917843051843022, 45.60083445900008], [18.94729861824939, 45.655818182958626], [18.8944853044471, 45.76710337989918], [18.83908816903022, 45.83575552019893], [18.893555128665838, 45.865521145199054], [18.90538903166069, 45.93171865496494]]}}, {"type": "Feature", "properties": {"kind": "boundary"}, "geometry": {"type": "LineString", "coordinates": [[16.953105096106015, 48.59884267841311], [16.98524783699156, 48.67689992938999], [17.063330926184562, 48.78074372008051], [17.135626254960897, 48.84105011656513], [17.188439568763187, 48.8609455429975], [17.48258182136854, 48.82776927346612], [17.625415480223268, 48.8418252630495], [17.758533969807132, 48.888127346383015], [17.892685988036845, 48.97111969664377], [17.913304884521295, 48.99874074970377], [18.05086754728228, 49.03654205992528], [18.08595584480844, 49.06511912698268], [18.10998538582416, 49.17978913023835], [18.16093834806395, 49.25735545510845], [18.364801873455406, 49.336239529002], [18.41585818855978, 49.3909131943668], [18.596518995852165, 49.491449693390635], [18.832215203535384, 49.5107766790678]]}}, {"type": "Feature", "properties": {"kind": "boundary"}, "geometry": {"type": "LineString", "coordinates": [[17.147356805091164, 48.00595897072844], [17.085965203528417, 48.03957448993431], [17.067878452226267, 48.083266913437086], [16.972638787512324, 48.19809194598963], [16.865461866938972, 48.38691762958413], [16.862671339595238, 48.441410427435926], [16.943389926835124, 48.55093862567854], [16.953105096106015, 48.59884267841311]]}}, {"type": "Feature", "properties": {"kind": "boundary"}, "geometry": {"type": "LineString", "coordinates": [[17.147356805091164, 48.00595897072844], [17.31732059089913, 47.99089529071537], [17.635285678791035, 47.80989858661309], [17.76189293790611, 47.770159410180625], [18.14559044767327, 47.763415635766535], [18.72421146004538, 47.78716095640466], [18.778006626061227, 47.852893378279916], [18.748344353925688, 47.892684231144656], [18.750101352623602, 47.9394514023688], [18.791855909915455, 48.00027456317635], [18.914122348718024, 48.0508141139578], [19.26510867684442, 48.0730349798433], [19.46695682137647, 48.11070709898408], [19.49749759286098, 48.16212514911449], [19.56421186694979, 48.212819729192816], [19.625396762783367, 48.223103339218895], [19.89861006031049, 48.13132599546853], [19.950389845466958, 48.14662221942693], [20.333777296640363, 48.29555369729211], [20.489995151458686, 48.52690908466282], [20.64311242033952, 48.54969839130354], [20.86661299000187, 48.54566762958477], [21.067324253023514, 48.50592845315232], [21.196360304456306, 48.510605170274744], [21.382395460707045, 48.55347077086084], [21.4513318213844, 48.55223053648584], [21.56315962086404, 48.49572235777468], [21.64858076344248, 48.401490383490454], [21.721496209406325, 48.34655833596419], [21.766971469823176, 48.338109239284464], [22.131858758236092, 48.40531443948005]]}}, {"type": "Feature", "properties": {"kind": "boundary"}, "geometry": {"type": "LineString", "coordinates": [[14.809411655342217, 50.858963121130486], [14.963820835030333, 51.09512441670435], [15.016634148832622, 51.25273753519457], [14.93555382656669, 51.43536204691404], [14.905994907295735, 51.46331899678394], [14.724713982815842, 51.52388377543002], [14.710916375393907, 51.54491608337281], [14.738666619534655, 51.62713328714918], [14.72486901211272, 51.661704820352455], [14.623944939846695, 51.7707937689206], [14.601620721096594, 51.8323920762125], [14.674897902086485, 51.904816596069566], [14.752567579821147, 52.081834214885376], [14.704611850654288, 52.11020457621362], [14.692364536201126, 52.15004710551065], [14.705386997138675, 52.207459621786924], [14.679858839586501, 52.249989325563135], [14.57392215338814, 52.314171454469644], [14.554595167711, 52.359646714886495], [14.569684685940217, 52.431089382530004], [14.61939741380499, 52.52849945740019], [14.514029168361873, 52.64562409118972], [14.253683302475423, 52.782514960330886], [14.128626336329091, 52.87821971293543], [14.138858269922878, 52.93286754008409], [14.193686964584543, 52.98234772400356], [14.293215773178702, 53.026737779342284], [14.36856001146026, 53.10554433858739], [14.412329949611461, 53.2167520208795], [14.414552036200007, 53.2835179714006], [14.298693475001642, 53.55642121033398], [14.19823449062622, 53.919060573942204], [14.211411980860646, 53.95035065369494]]}}, {"type": "Feature", "properties": {"kind": "boundary"}, "geometry": {"type": "LineString", "coordinates": [[22.876619500426585, 47.947254543644874], [22.85610395680669, 47.96030284279858], [22.846492140400414, 47.9970447861581], [22.857240838317125, 48.02954926206969], [22.76918419769177, 48.10962189390595], [22.67632164886328, 48.104402574244475], [22.58242557138894, 48.13401316994771], [22.52015547047722, 48.20537832294279], [22.350191684669255, 48.256047064804974], [22.316705356544134, 48.28663951272176], [22.253763462012614, 48.40738149677172], [22.131858758236092, 48.40531443948005]]}}, {"type": "Feature", "properties": {"kind": "boundary"}, "geometry": {"type": "LineString", "coordinates": [[28.58531497570982, 43.742239895190565], [28.42346438977168, 43.74048289649264], [28.221977980265677, 43.77283234310735], [28.049998813598307, 43.82239004167525], [27.884272495238264, 43.98734121355092], [27.738596632607482, 43.956309515959646], [27.670900506305117, 43.997779852873876], [27.561036411252616, 44.02005239519167], [27.425334100054158, 44.0205174830823], [27.08690514497468, 44.16740774187194], [26.847746616327868, 44.14619456641613], [26.489215529086863, 44.083976141936716], [26.215795525830544, 44.00728831641558], [25.93343549978775, 43.87055247657128], [25.818817172964373, 43.76683787696149], [25.686112094838847, 43.71175080013835], [25.497079705515176, 43.67079722754704], [25.159632602649253, 43.68632599545076], [24.430581495875487, 43.79438141537305], [24.226769646916352, 43.763478908862524], [23.95076582204544, 43.78665578874542], [23.534563836366715, 43.8535767685634], [23.22460859548005, 43.87388560645411], [22.91904585133821, 43.8344564886154], [22.86767947764008, 43.86455801042543], [22.856414015400446, 43.899026190764104], [22.86829959482759, 43.947886257496066], [22.911294386494433, 43.98718618425404], [23.02446577321362, 44.0472341985772], [23.0284965349324, 44.077981675790866], [22.705105421649847, 44.237791042653484]]}}, {"type": "Feature", "properties": {"kind": "boundary"}, "geometry": {"type": "LineString", "coordinates": [[20.241844923593106, 46.10860708270003], [20.35858198414047, 45.975488593116154], [20.581152378021557, 45.86950023048553], [20.652724236745797, 45.77940237078465], [20.709258253673113, 45.735244859391244], [20.76010786304832, 45.758085842464254], [20.774990675548366, 45.74981761329755], [20.76579227060043, 45.59744965268496], [20.78604943205883, 45.5364973007967], [20.774163852631716, 45.48440745704649], [20.79400760263178, 45.46787099871308], [21.02386437346604, 45.3215233424625], [21.147887810966523, 45.29175771746239], [21.226435988050184, 45.24132151954551], [21.431488071384337, 45.192538967461985], [21.490192498467906, 45.14789052996181], [21.491846144301235, 45.12225901954504], [21.43448530445727, 45.07515595151099], [21.420739373467626, 45.03296214454468], [21.352939894300675, 45.008984279961254], [21.377744581800783, 44.97343089454445], [21.533187290134748, 44.91886058204422], [21.53236046721807, 44.90067047787748], [21.51995812346803, 44.880826727877405], [21.35790083180072, 44.86180980079399], [21.360071241956973, 44.82666982683553]]}}, {"type": "Feature", "properties": {"kind": "boundary"}, "geometry": {"type": "LineString", "coordinates": [[22.915996941832987, 41.33628856054551], [23.15598229339645, 41.32207754166525], [23.239853143006144, 41.384967759764464], [23.43343305837152, 41.39871369075411], [23.635177850038986, 41.386776434894685], [23.88089928558685, 41.455945339517356], [24.01138227712383, 41.46005361588456], [24.03287967295725, 41.469096991535636], [24.056030714624, 41.52723297786399], [24.386759881291994, 41.52353811295512], [24.48794233571948, 41.555241604166184], [24.51822472504253, 41.55255442968701], [24.595997755641775, 41.442742011066784], [24.773713006293548, 41.35608063411331], [24.846886834418825, 41.39421784114471], [24.993544549263163, 41.36496898046751], [25.133380975044986, 41.31577301692565], [25.251151564238143, 41.243529364581605], [25.52705203624447, 41.29980499934746], [25.78491743338091, 41.33042328548039], [25.923306919058547, 41.31189728450376], [26.06634728364247, 41.35068044693881], [26.13533532075212, 41.38574290624884], [26.155179070752183, 41.434887193358406], [26.143603549918822, 41.52154857031188], [26.111202426871813, 41.60820994726535], [26.065985548616425, 41.67321889908854], [26.107378370882202, 41.72567047786478], [26.20060265473674, 41.74378306738309], [26.410512322706325, 41.696318264323], [26.49505496593585, 41.633247178710775], [26.58135460786326, 41.60128530533825], [26.624866163853028, 41.40176260025932], [26.60238691580605, 41.35414276790236], [26.536396111769335, 41.34313568782419], [26.33062055838309, 41.23877513281076], [26.328450148226835, 41.097026679034144], [26.354081658643622, 41.03677195898182], [26.354133335075915, 40.99708445898166], [26.33108564627372, 40.95450307877316], [26.10918704601241, 40.749657701168175], [26.03895877452777, 40.72676504166287]]}}, {"type": "Feature", "properties": {"kind": "boundary"}, "geometry": {"type": "LineString", "coordinates": [[20.063974643644485, 42.547274074873286], [19.788280877367356, 42.47616730403966], [19.737793003018197, 42.525156561852356], [19.74073855965881, 42.606908677738105], [19.727819451585844, 42.63452973079811], [19.703376499111783, 42.647965603193995], [19.654438917731397, 42.628586941084535], [19.39957075366786, 42.34191193294538], [19.280714959396562, 42.17256826432491], [19.330841098719674, 42.12928925228046], [19.361433546636476, 42.06911204687657], [19.342416619553063, 41.86907257747474]]}}, {"type": "Feature", "properties": {"kind": "boundary"}, "geometry": {"type": "LineString", "coordinates": [[26.61897505057175, 48.259845282578425], [26.787285190546385, 48.25581452085966], [26.900973341588497, 48.21111440692718], [26.980761753047148, 48.15504547789051], [27.152069126094716, 47.95929515236888], [27.230824008907547, 47.84173126890488], [27.277952915157726, 47.717966213565845], [27.336864047970465, 47.639753933292084], [27.464814894325144, 47.53668528908595], [27.614108107216367, 47.34054739032214], [27.767948846149267, 47.22758270933211], [27.853835076618367, 47.11448883726135], [28.071806268025483, 46.97842479103684], [28.149941033650805, 46.79207957619235], [28.23949629081261, 46.64082265887403], [28.222598097453158, 46.50806590431621], [28.24435387544804, 46.451273505227434], [28.119193556437125, 46.1386827662939], [28.09971154146308, 45.97259471290782], [28.11552452974442, 45.825523586605144], [28.156297234822688, 45.71307566993802], [28.159811232218544, 45.6471365423336], [28.07470014823383, 45.59897410743757], [28.212469516723957, 45.45045604103072]]}}, {"type": "Feature", "properties": {"kind": "boundary"}, "geometry": {"type": "LineString", "coordinates": [[22.876619500426585, 47.947254543644874], [23.05479983896896, 48.006553249699806], [23.139497511495335, 48.08740102802044], [23.202646111755996, 48.08450714781209], [23.40816328298078, 47.989990953150254], [23.669077589622447, 47.9923163926034], [24.001822137149816, 47.935782375676084], [24.059751417749027, 47.944774074894866], [24.177728712671353, 47.90606842710825], [24.484066603297578, 47.94709951434801], [24.578892856553182, 47.93107982033753], [24.89334394704923, 47.717759507836675], [24.979126824653747, 47.72414154722472], [25.073849725044738, 47.74571645770658], [25.16965783051387, 47.823076076847514], [25.46431684744212, 47.91077098244682], [26.1626721534345, 47.99252309833257], [26.276928745231857, 48.11323924416638], [26.30560916515384, 48.20377635354174], [26.61897505057175, 48.259845282578425]]}}, {"type": "Feature", "properties": {"kind": "boundary"}, "geometry": {"type": "LineString", "coordinates": [[22.53865563323771, 49.072715562529595], [22.57994510263893, 49.07718557392283], [22.80980187347319, 49.02072907164397], [22.85207319508794, 49.06274201109726], [22.84706058115563, 49.08126801207389], [22.70562218597277, 49.171210842477905], [22.732442254332256, 49.29518260354611], [22.649449904071503, 49.539017849315314], [22.706138950295696, 49.60622304951089], [23.036299676208472, 49.899073391308946], [23.711762322695535, 50.37733877217023], [23.97262495290491, 50.41004995381098], [24.05262007009273, 50.50844188089471], [24.08993045420746, 50.53045604105105], [24.0947363624106, 50.61703990335609], [24.04631554535314, 50.7227957220414], [23.978412713321603, 50.785582587276025], [23.997119581811262, 50.809353746130284], [24.061611769311526, 50.81953400329179], [24.105743442488773, 50.84498464619554], [24.09582156748874, 50.87276072855242], [23.98569909027475, 50.94043101663863], [23.93810509613394, 50.99254669860498], [23.86343265147218, 51.12623362894405], [23.664426710716185, 51.31004669860624], [23.657657098085934, 51.35249888773403], [23.679722934674572, 51.39489940042951], [23.65884565602866, 51.4489529486068], [23.605257195741984, 51.517915147500304]]}}, {"type": "Feature", "properties": {"kind": "boundary"}, "geometry": {"type": "LineString", "coordinates": [[20.899789259533236, 55.286651516330494], [21.075334100028755, 55.26324209250227], [21.389216749769588, 55.275541083387736], [21.44709435393648, 55.23440664328341], [21.55468468596817, 55.195287584038454], [21.873941684667358, 55.100719712944326], [22.072379184668137, 55.063667710991055], [22.56728437672743, 55.05912018494938], [22.627435743915157, 54.97070180929798], [22.736576368915593, 54.928843899141555], [22.82468468597324, 54.87127635356842], [22.831195916442027, 54.83846181906307], [22.709652947691524, 54.6326087510284], [22.684434848733105, 54.562923082082804], [22.679835646259107, 54.49300486919189], [22.76623864105113, 54.356785793670525]]}}, {"type": "Feature", "properties": {"kind": "boundary"}, "geometry": {"type": "LineString", "coordinates": [[31.76336388522776, 52.101083685914105], [31.690603468560795, 52.22063711202135], [31.577328728976994, 52.31231110290713], [31.585545281711404, 52.532452704470515], [31.615931023899037, 52.54619863546016], [31.526169061008062, 52.63298920349436], [31.519451124810104, 52.69874746358576], [31.563479445122795, 52.731458645226525], [31.56482303236237, 52.759234727583404], [31.53516076022683, 52.79822459574763], [31.2587952003299, 53.01671255147767], [31.388399692517908, 53.18481598572312], [31.417855258924277, 53.19602977153046], [31.668279249810695, 53.20091319438204], [31.747447544081865, 53.184195868535625], [31.77741987481113, 53.14688548442089], [31.849715203587465, 53.10621613220718], [32.14199710463029, 53.09115245219411], [32.42626915866791, 53.21060252543677], [32.469367303199334, 53.27028880473388], [32.57804284030914, 53.312405097051766], [32.70428836439817, 53.3363312852029], [32.70645877455445, 53.419426988328226], [32.68568484877309, 53.448159084682516], [32.469625685360796, 53.54696442322458], [32.42523563002206, 53.61727020935767], [32.45097049330343, 53.6533403590974], [32.45014367038675, 53.692898668016824], [32.20044314955243, 53.781239529019786], [31.820828077936312, 53.791936550504204], [31.754217156712087, 53.81046255148084], [31.825272251113404, 53.93502859152039], [31.837777947728057, 54.00078685161181], [31.825944044733205, 54.030707505908794], [31.792044305149744, 54.055899766651095], [31.40359256361174, 54.19594289816206], [31.299102817517564, 54.29169932719891], [31.24556603366318, 54.391641547251396], [31.184794549287943, 54.452955634165704], [31.07482710137083, 54.49181631124918], [31.152135044079472, 54.625348212291385], [30.798874952932238, 54.78327138937536], [30.79107181165614, 54.80600901958378], [30.829932488739644, 54.91499461528734], [30.977675408662094, 55.05049022075663], [30.95886518730785, 55.13761668560073], [30.81448123548438, 55.27871918397369], [30.810553826630183, 55.306960354221204], [30.90057417168262, 55.39739411073198], [30.90687869642224, 55.57004507101912], [30.85592573418245, 55.60751048443073], [30.800735304494737, 55.601102606826544], [30.625603875457585, 55.666266587946595], [30.4562602068371, 55.78680186626738], [30.233638136523723, 55.84522207297336], [29.93701541516836, 55.84527374940565], [29.74415896985508, 55.77042043723087], [29.630057407354627, 55.75117096620214], [29.482262810999885, 55.684560044977914], [29.413016391728775, 55.72486766216558], [29.353381788863942, 55.784373073949666], [29.39792687349953, 55.88105967876777], [29.37503421399424, 55.938704738989344], [29.087403191857675, 56.021128648494894], [29.03174767427933, 56.021774603898535], [28.7947595557888, 55.94258047141123], [28.740809360476078, 55.95539622661963], [28.63688805513712, 56.0617463242763], [28.563972609173277, 56.09200287538319], [28.407082960735153, 56.089031480526415], [28.31633914563062, 56.05254791932835], [28.28429975760966, 56.05590688742731], [28.1479256527914, 56.14292999940683]]}}, {"type": "Feature", "properties": {"kind": "boundary"}, "geometry": {"type": "LineString", "coordinates": [[31.76336388522776, 52.101083685914105], [31.97379031752027, 52.04664256449462], [32.12225670749481, 52.050595811564946], [32.28281538262567, 52.114028632203215], [32.36301720554266, 52.2721326768002], [32.435467563615845, 52.30724681254253], [32.50791792168906, 52.30853872334983], [32.8065043474715, 52.25262482361002], [32.89972863132604, 52.25634552673503], [33.14844729994684, 52.34042308207391], [33.287095167785935, 52.353548895876045], [33.45183963393242, 52.33380849874055], [33.735233188621066, 52.34476390238643], [33.8188456560693, 52.315644232789964], [33.92204349135616, 52.251462103883455], [34.015319451642995, 52.15596405700808], [34.11303958510695, 51.979618231812054], [34.39782840346746, 51.780405585326875], [34.40268598810289, 51.741493231811106], [34.37932824070697, 51.716507676797974], [34.12115278497677, 51.679171454467095], [34.11541670099237, 51.64496165628988], [34.20088952000313, 51.55383026794317], [34.20657392755524, 51.41993663187492], [34.22987999851887, 51.36324758565074], [34.27499352390967, 51.340174058632414], [34.28067793146178, 51.31167450622344], [34.21386030450839, 51.255373033241455], [34.234220818831375, 51.243797512408065], [34.491052687322, 51.23707957621012], [34.71227949396351, 51.172225653683824], [35.06409264500658, 51.20343821878812], [35.092566359199395, 51.180648912147404], [35.15809207534551, 51.06099213317556], [35.19798628107483, 51.0439130723031], [35.31193281427841, 51.0439130723031], [35.33472212091911, 51.02112376566238], [35.30909061050235, 50.986913967485165], [35.31477501805446, 50.94988780374804], [35.3831429379766, 50.79891510680733], [35.44014204279455, 50.72767914489299], [35.44014204279455, 50.68210053161155], [35.391669549304765, 50.61091624612949], [35.411616652169414, 50.53968028421515], [35.488511183419746, 50.45991771097265], [35.545510288237665, 50.439970608107984], [35.5910889015191, 50.368760484409776], [35.673719516753806, 50.34597117776906], [35.89019209162447, 50.43712840433193], [36.116379835766, 50.40852549905837], [36.30608401870947, 50.28044546162296], [36.36887088394408, 50.29682689065949], [36.499818963371695, 50.28044546162296], [36.61944990412738, 50.20923533792477], [36.75907962418003, 50.29184011494333], [36.98852298355595, 50.33956330016487], [37.1312016131138, 50.35150055602429], [37.34317833837508, 50.417646389357884], [37.422811720536856, 50.41149689391516], [37.582336867021866, 50.29186595315947], [37.60512617366257, 50.21491974547686], [37.704189894366095, 50.10906057392697], [38.04690799332579, 49.92000234638715], [38.146798536945994, 49.93940684671274], [38.17759769059194, 50.02537059183028], [38.20865522639937, 50.05146719013767], [38.258574659993315, 50.05234568948663], [38.45122439957743, 49.96408234313212], [38.647749871583414, 49.95286855732478], [38.91837934749594, 49.82468516702478], [39.027675001793256, 49.818406480501324], [39.174797804528225, 49.85597524677752], [39.302955356612074, 49.742054551790076], [39.46279056169084, 49.72802440042284], [39.780548943853574, 49.57203908954982], [39.87682213721334, 49.56767243102115], [40.03066287614624, 49.59674042418533], [40.08063398617247, 49.57684499775296], [40.09489668148504, 49.54266103779189], [40.05784467953177, 49.49708242451045], [40.05784467953177, 49.431556708364354], [40.12621259945391, 49.36887319599431], [40.128279656745576, 49.30724905048626], [40.10879764177156, 49.251541856475626], [40.06998864112035, 49.20027883564208], [39.8897412452863, 49.0640597601207], [39.68654951351465, 49.00791331643558], [39.705618117030355, 48.959595852242686], [39.75336714046804, 48.91443065041959], [39.989166701015876, 48.85143707945579], [40.00358442562529, 48.82208486591401], [39.90415896989572, 48.79376618101806], [39.79289961117132, 48.80771881773687], [39.704584588384506, 48.73935089781472], [39.64474327979053, 48.59119456643391], [39.765407749192065, 48.57186758075676], [39.8356360206767, 48.54277374937644], [39.889792921718595, 48.360459296250696], [39.84989871598927, 48.33193390562559], [39.84741824723926, 48.302788397812975], [39.95790245947927, 48.268914496445646], [39.96100304541679, 48.237934475286664], [39.88503868994775, 48.168377997421814], [39.77579471208273, 47.96446279559808], [39.778688592291076, 47.88754242613162], [39.735952182785695, 47.84480601662624], [39.658489210780175, 47.841214504581956], [39.15846805192399, 47.837416286808505], [38.90029259619379, 47.855115464868476], [38.82231285986535, 47.83702871356631], [38.718908318849316, 47.71409048114394], [38.64056684749485, 47.66592804624793], [38.510962355306816, 47.62241649025816], [38.36885216650418, 47.60996247007583], [38.287410109212175, 47.559164537132915], [38.25872968929019, 47.47953115497114], [38.256507602701646, 47.40894114846044], [38.201368849446226, 47.320781154970504], [38.20798343277957, 47.29651907000947], [38.28074384944654, 47.27664948179324], [38.26534427262354, 47.23696198179309], [38.22121259944629, 47.212725735048195], [38.201368849446226, 47.175260321636586], [38.214391310383775, 47.09144114845917]]}}, {"type": "Feature", "properties": {"kind": "boundary"}, "geometry": {"type": "LineString", "coordinates": [[43.43944705584738, 41.10710358333105], [43.45526004412869, 41.06467723241943], [43.51747846860809, 41.00483592382544], [43.591685825379244, 40.96819733333051], [43.631683383973154, 40.92902659765326], [43.72263390480683, 40.719530341142004], [43.71286705910367, 40.64777761490474], [43.667856886577454, 40.57406118424039], [43.569361606629144, 40.4823871933546], [43.61576704282726, 40.393322862299556], [43.60842898944179, 40.356606757156186], [43.70986982603074, 40.166489162754374], [43.66625491717642, 40.12636241307975], [43.94205203631813, 40.02316457779287], [44.00535566587567, 40.014121202141794], [44.289214308454945, 40.04039866796221], [44.389088793139294, 40.0]]}}, {"type": "Feature", "properties": {"kind": "boundary"}, "geometry": {"type": "LineString", "coordinates": [[87.81828860875927, 49.16208995217839], [87.93476728714515, 49.1645704209284], [88.11573815303132, 49.25629608824647], [88.1342899922241, 49.29843821878049], [88.13553022659909, 49.381482245473535], [88.19258100784933, 49.45171051695819], [88.39334394730324, 49.482845567414046], [88.45241010941285, 49.4726911484687], [88.63317426956982, 49.48615285908072], [88.74789594925778, 49.44623281513525], [88.83166344600292, 49.44845490172381], [88.8603438659249, 49.4815278183906], [88.86385786332076, 49.52762319599495], [88.90013471878964, 49.53971548115125], [88.97056969600348, 49.48374990497915], [89.00839684444114, 49.47279450133327], [89.10947594600404, 49.50137156839068], [89.18001427608243, 49.53224823668508], [89.20290693558775, 49.59568105732335], [89.24398969925977, 49.62704865172452], [89.29918012894748, 49.611132310578625], [89.39560835160412, 49.61154572203695], [89.47498335160444, 49.66053497984966], [89.65409386592808, 49.71745657001915], [89.66949344275105, 49.7505036484698], [89.63425011592801, 49.8232899033529], [89.64386193233429, 49.90305247659542], [89.7442175638451, 49.94811432555393], [89.87800784704876, 49.95354035094458], [89.97732994991375, 49.98433950459054], [90.00497684118992, 50.06929555927837], [90.05375939327342, 50.09373851175242], [90.22449832556578, 50.11670868590616], [90.51688357947319, 50.213317776075826], [90.65506635942168, 50.22238698994305], [90.76069298702626, 50.30597361917515], [90.8380526061672, 50.32375031188356], [91.02155561723563, 50.41547597920163], [91.34081261593482, 50.47004629170185], [91.41501997270595, 50.46803091084246], [91.44649091997172, 50.52218781188435], [91.52168012895638, 50.562030341181384], [91.59692101437335, 50.575517890009564], [91.70637169796754, 50.665538235062], [91.80424686072834, 50.69359853779649], [92.19233686724033, 50.700574856155896], [92.26530398963644, 50.77519562438536], [92.29579308468865, 50.84981639261483], [92.35480757036598, 50.864182440791964], [92.42632775265793, 50.803075059606826], [92.62662560422123, 50.68830170348657], [92.68135094601831, 50.68318573668968], [92.73866010943001, 50.71093598083041], [92.7793294616437, 50.77865794534891], [92.85648237505546, 50.78909658467187], [92.94128340044645, 50.77821869567444], [93.00985802609776, 50.65453115498383], [93.1030823099523, 50.60391408955394], [93.27051395057796, 50.61559296325191], [94.25107425331626, 50.556397610061566], [94.28698937375913, 50.51138743753535], [94.3468823587854, 50.3034156357767], [94.35468550006146, 50.221844387403976], [94.40016076047831, 50.17965058043767], [94.45850345253584, 50.165723781935], [94.56459516803105, 50.08795075133574], [94.61472130735419, 50.02371694599694], [94.71807417193793, 50.04325063740326], [94.93030927936064, 50.043767401726186], [95.01293989459535, 50.00823985452553], [95.0443591654288, 49.96155019794982], [95.11143517454366, 49.935453599642415], [95.38563032428434, 49.94118968362682], [95.44175092975331, 49.91550649677775], [95.5226762227224, 49.91121735289752], [95.56722130735798, 49.9438251816737], [95.70778120319187, 49.96599437112691], [95.78932661334846, 50.012503160189596], [95.85190677285391, 50.012916571647935], [95.93572594603134, 49.95999990498106], [95.98952111204719, 49.973590806673826], [96.01856326699522, 49.99875722919997], [96.06553714394852, 49.998705552767674], [96.22971316933982, 49.954082953483635], [96.315082635486, 49.901140448600614], [96.381125115955, 49.89602448180372], [96.505768670643, 49.918710435579854], [96.59842451374232, 49.87840281839219], [96.71169925332612, 49.911553249707424], [96.98573937376992, 49.882795315137], [97.13694461465593, 49.761717434277145], [97.20856814981246, 49.730789089550456], [97.35977339069848, 49.74143443460258], [97.5408476094492, 49.84310781513685], [97.58937177937128, 49.911475735058985], [97.72068159382493, 49.94465200459037], [97.85395511270568, 49.94677073831434], [97.93663740437268, 49.99679352477287], [98.0039201192167, 50.014260158887524], [98.10339725137854, 50.077822170606524], [98.25026167195205, 50.302459621779306], [98.29268802286367, 50.48694448506129], [98.27945885619695, 50.533246568394816], [98.14499677937351, 50.56854157165016], [98.02981001179492, 50.64463511819994], [97.96195885619568, 50.769149481807204], [97.95317386270608, 50.855164903357036], [97.8252746927837, 50.98526032165182], [97.83571333210665, 51.05166453714688], [97.91085086465904, 51.16517182067598], [97.92325320840908, 51.2804877793353], [97.94692101439875, 51.34841644958297], [97.98914065958121, 51.37707103128881], [98.03761315307099, 51.449934800820344], [98.10308719278478, 51.483524481810065], [98.18468427937367, 51.485746568398625], [98.21992760619673, 51.50561615661485], [98.23744591674367, 51.57840241149795], [98.30307498575434, 51.67428803161552], [98.35278771361914, 51.71761872009226], [98.64052208862029, 51.80117951110822], [98.8025793802876, 51.957449042358846], [98.84867475789196, 52.07005198832283], [98.89311648966296, 52.11728424743761], [98.95812544148615, 52.101729641317746], [99.03429650268436, 52.03540294047113], [99.0913472839346, 52.03486033793206], [99.40709028523793, 51.92354930277537], [99.71926761271314, 51.87161448832204], [99.92163252156811, 51.75552338317834], [100.03454552612587, 51.73710073506629], [100.46888593953906, 51.72609365498812], [101.22320682170354, 51.51326426859404], [101.38123335165207, 51.45262197529952], [101.46432905477741, 51.47148387308606], [101.57088585816325, 51.46719472920584], [102.11152469280083, 51.353454901731425], [102.1556563659781, 51.31376740173127], [102.1600488627229, 51.26085073506438], [102.1423238464468, 51.21604726826733], [102.15193566285308, 51.10752676045439], [102.19451704306158, 51.050682684933335], [102.2261946960565, 50.901441148474404], [102.21508426311374, 50.82943004007568], [102.23503136597841, 50.79121531839584], [102.27657921754107, 50.76868439391659], [102.31657677613498, 50.71845490172889], [102.28572594605674, 50.63468740498375], [102.28841312053592, 50.585129706415856], [102.33642052613507, 50.544253648472974], [102.46943566285435, 50.52570180928019], [102.54633019410466, 50.46131297464453], [102.68332441611042, 50.38715729430568], [102.85969607952256, 50.333258775425264], [103.16174482626857, 50.290729071649054], [103.23383344931574, 50.2642707383156], [103.30437177939416, 50.20029531513826], [103.63287885947358, 50.138593654981776], [103.8026359395524, 50.176059068393386], [104.07874311728787, 50.154225775750064], [104.1796671895539, 50.169444485060026], [104.35386844280981, 50.275277818393775], [104.4663163594769, 50.306128648472026], [105.09470177614611, 50.38994782164944], [105.26668094281345, 50.46048615172785], [105.38357303265767, 50.47371531839457], [105.69254642133077, 50.414184068394334], [105.87522260948256, 50.405373236688575], [106.08249677940526, 50.33258698180546], [106.21783735557767, 50.30457835550327], [106.57445641482389, 50.32878876403201], [106.7110889018036, 50.31258820250851], [106.94130740766391, 50.196677964877836], [107.04021609907056, 50.08645213479927], [107.23327925011299, 49.98940379495514], [107.63098107303125, 49.98309927021552], [107.91654503787615, 49.947804266960176], [107.94780927941272, 49.924704901725704], [107.93675052290226, 49.690998236685715], [107.96543094282424, 49.653532823274105], [108.00951093956922, 49.6468924017246], [108.03379886274641, 49.593975735057725], [108.2130644063669, 49.52478099221889], [108.40695438032603, 49.3963650579736], [108.52250288293064, 49.341484686879625], [108.61366010949351, 49.32280365660611], [108.73303266808773, 49.33564525003064], [109.23667117720433, 49.33489594176241], [109.52869469608572, 49.26988698993924], [110.19991987512486, 49.17040985777737], [110.32135949101075, 49.215859279978076], [110.42781294153201, 49.21999339456143], [110.63110802616825, 49.13759532327204], [110.70981123254876, 49.14296967223039], [110.82794355676799, 49.166146552113304], [111.33664635624919, 49.35585073505676], [111.42925052291622, 49.342621568390044], [111.73558841354244, 49.39776032164548], [112.07970177617403, 49.424218654978915], [112.37513593958667, 49.5146007350574], [112.49492190963926, 49.53232575133352], [112.69733849492653, 49.50726268167196], [112.80642744349467, 49.52359243427618], [113.05555952357378, 49.61624827737552], [113.16418338425129, 49.79719330504551], [113.57418419805501, 50.007025458366655], [113.88114220586874, 50.10110240335402], [114.07069135951534, 50.20473948831537], [114.29703413295374, 50.27439931904482], [114.38633100795411, 50.25548574482599], [114.7431567729295, 50.233678290398814], [115.00334760951907, 50.138593654981776], [115.0980188334778, 50.05942536071062], [115.27454552618681, 49.94886363382216], [115.42921308803639, 49.89648956969434], [115.71772260952193, 49.880624904980735], [116.13454471238819, 50.010797837923974], [116.21681359259685, 50.00927338317136], [116.55116010952526, 49.920312404980905], [116.63156863817142, 49.8770592311526], [116.68329674689559, 49.82378082945968]]}}, {"type": "Feature", "properties": {"kind": "boundary"}, "geometry": {"type": "LineString", "coordinates": [[116.68329674689559, 49.82378082945968], [116.88896894741725, 49.73779124612601], [117.24563968309576, 49.62485240335211], [117.47715009976335, 49.60942698831299], [117.69848025926945, 49.53583974872936], [117.87345665900972, 49.51348969176313], [118.45150923062661, 49.844503078808714], [118.75598676969034, 49.962842108757116], [118.97953901578498, 49.9788618027676], [119.14748742073357, 50.01338165953857], [119.2598319845361, 50.066401679070026], [119.32608117073428, 50.154923407586], [119.3462349793281, 50.278946845086494], [119.30158654182793, 50.35392934834201], [119.19192915250457, 50.37984507913639], [119.16371382047322, 50.40601919209222], [119.21673384000468, 50.432529201857946], [119.25580122281733, 50.48417979593367], [119.28070926318202, 50.56099681253555], [119.34406456917185, 50.63391225849938], [119.44566043505768, 50.702848619176734], [119.50178104052665, 50.77922638610413], [119.51232303271419, 50.863123073929984], [119.57340457568318, 50.94676137959438], [119.68492231656904, 51.03011546488118], [119.74600385953804, 51.10773346618356], [119.75664920459016, 51.179486192420825], [119.81318322151748, 51.267051906939415], [119.96697228401808, 51.42210704203117], [120.06691450407058, 51.60067495381574], [120.23698164274313, 51.72299306905062], [120.51050499886401, 51.848515123087566], [120.68150231331782, 51.97305532491099], [120.7498185568077, 52.09651032165627], [120.74449588428163, 52.20547007914368], [120.66543094287505, 52.299882920940945], [120.65034142464583, 52.39592357035538], [120.69922732959395, 52.493592027387024], [120.65612918506253, 52.56666250264773], [120.52115034391613, 52.61503164327293], [120.36002322803009, 52.62702057556464], [120.17274783740433, 52.602474270226], [120.06753462125809, 52.63291168884592], [120.04428022672673, 52.718229478559806], [120.09450971891445, 52.787217515669454], [120.2181197449566, 52.839875800174866], [120.42131147672825, 52.96808502869101], [120.70408491422938, 53.17184520121786], [120.98546308805862, 53.28457733826258], [121.4054374532947, 53.31705597595803], [122.08880659392241, 53.45146637634919], [122.33778364470467, 53.48500438090662], [122.380158319184, 53.46252513285965], [122.51586063038246, 53.45699575460442], [122.95759077361339, 53.497716783250425], [123.15406456918708, 53.54458730733914], [123.30961063038563, 53.555594387417315], [123.53471316944905, 53.5264488796047], [123.60778364470974, 53.546525173550094], [124.15431359262857, 53.358681342169135], [124.21994266163927, 53.37010183370563], [124.29146284393124, 53.34085297302843], [124.3691325216659, 53.270934760137536], [124.46592247934859, 53.22964529073633], [124.63986535044302, 53.21065420186906], [124.81236128143331, 53.1338371852672], [124.88212446502735, 53.12972890889999], [124.90661909393367, 53.17267202413453], [124.97095625213706, 53.19732168233776], [125.07503258677292, 53.203677883509656], [125.2255660340391, 53.16579905863972], [125.54595991424873, 53.047615057988196], [125.59598270070728, 53.05748525655595], [125.64905439667103, 53.04226654724599], [125.69168745331183, 53.003690090540104], [125.69535648000453, 52.95630280212846], [125.68078372609824, 52.93082632100857], [125.72811933807759, 52.89072540955007], [125.87188317271358, 52.87152761495365], [125.94164635630761, 52.800705064497635], [126.04815148326117, 52.739468492231765], [126.0601404155529, 52.691977850955524], [126.01595706594333, 52.61022573506979], [126.04592939667265, 52.57335460062953], [126.15662031464183, 52.54663788513463], [126.19444746307948, 52.51914602315536], [126.20297407440762, 52.483825181683855], [126.2375972840432, 52.4448094753035], [126.31283816946012, 52.39974762634499], [126.34167361867901, 52.36202383077192], [126.32420698456434, 52.331663926800445], [126.38353152883542, 52.28649872497735], [126.39479699107505, 52.17301727966439], [126.45556847545032, 52.126456814169416], [126.46807417206492, 52.031294664103925], [126.51055219940883, 51.92582306579621], [126.65369591685732, 51.781284084675846], [126.70082482310755, 51.703045966185954], [126.68873253795124, 51.609925035195985], [126.70919640513881, 51.5662842881255], [126.77451541555575, 51.54507111266969], [126.80541792206628, 51.505641994830995], [126.80180057180587, 51.4480486110417], [126.84774092011332, 51.37417715108046], [126.83383995982683, 51.31487844502554], [126.85440717987899, 51.261367499387305], [126.88773847870726, 51.23012909606686], [126.92484215709283, 51.10013703063666], [127.0203918804005, 50.98588043883933], [127.19826216034909, 50.829455878291824], [127.30698937389121, 50.70796458597363], [127.34683190318822, 50.62135488545245], [127.34719363821426, 50.55009308532196], [127.30822960826623, 50.494179185582155], [127.30605919810995, 50.45350983336844], [127.34078576061012, 50.42808502868084], [127.35117272350078, 50.39361684834216], [127.33722008678194, 50.3501569687847], [127.39525272024571, 50.29858388935742], [127.59027957571527, 50.208976955763305], [127.51235151581909, 50.071672675163796], [127.49178429576693, 49.975037746778], [127.50242964081906, 49.87341604267603], [127.55079878144426, 49.801792507519494], [127.69017011933545, 49.716758938183204], [127.71115075084595, 49.671542059927816], [127.81429690970054, 49.622139390656784], [127.99960859589919, 49.568602606802415], [128.23706180228032, 49.55930084898988], [128.70401004446973, 49.60012523050045], [128.7690189962929, 49.57697418883369], [128.7910331564492, 49.54183421487522], [128.77025923066788, 49.49470530862503], [128.81935184134517, 49.463751125682194], [128.93831098848108, 49.448919989614424], [129.02026981009595, 49.4192577174789], [129.06512495332532, 49.374660956411006], [129.1201086772839, 49.3620519069318], [129.18511762910703, 49.38137889260895], [129.24842125866462, 49.37864004169748], [129.30986453665963, 49.353835354197386], [129.38469201061827, 49.38944041604648], [129.49817345593124, 49.388820298858974], [129.53372684134803, 49.32342377379362], [129.59139773978575, 49.286655992217945], [129.6710827983798, 49.27849111591583], [129.79252241426576, 49.19885773375405], [130.0370552918709, 48.97225657815419], [130.1960119976007, 48.89164134377887], [130.35527876192424, 48.866371568388146], [130.55314782116983, 48.86120392515896], [130.61717492077946, 48.77317312274975], [130.56560184135213, 48.68012970640822], [130.55211429252398, 48.60251170510584], [130.5972794943471, 48.57465810810052], [130.65923953666504, 48.483397528673066], [130.74688276583203, 48.43037750914161], [130.80424360567605, 48.34149404559959], [130.78719038301972, 48.254574286484655], [130.71205285046733, 48.12765696877581], [130.7325683940872, 48.019239813827454], [130.84863366101473, 47.92942617450419], [130.91539961153586, 47.84291982684759], [130.93286624565053, 47.75979828550611], [130.96196007703082, 47.70931041115695], [131.00278445854138, 47.6914562038001], [131.31935428276142, 47.72781057391744], [131.46425499890785, 47.722617092472106], [131.55675581271026, 47.68202525490685], [131.78526899630498, 47.680500800154235], [132.380168084849, 47.72949005796693], [132.4762862489119, 47.71496898049291], [132.56186242078724, 47.768505764347296], [132.63689660047504, 47.89010040953006], [132.707176548392, 47.947254543644874], [132.77280561740264, 47.94007151955631], [132.87708865776767, 47.97908722593668], [133.02012902235157, 48.064405015650564], [133.1440491069875, 48.10564280861948], [133.46837039605128, 48.097167873723606], [133.57327355360377, 48.133031317734165], [133.6717688335521, 48.20770376239592], [133.8421977072507, 48.27374624286493], [134.29338463759103, 48.373430080755966], [134.4561653993104, 48.3553433294538], [134.56354902561293, 48.321727810247936], [134.66519656793105, 48.253928331081], [134.6808028504832, 48.21044261330739], [134.66933068251438, 48.153340155624875], [134.56597781793067, 48.02249542906185], [134.75232303277517, 47.715408230167384], [134.69578901584782, 47.62487112079202], [134.54189660048263, 47.485163886090945], [134.48350223199282, 47.447388414085594], [134.2908524924087, 47.413592027366704], [134.16765587782493, 47.30217763934543], [134.16295332248632, 47.258717759787956], [134.20212405816358, 47.12805390073795], [134.13690840061122, 47.0690135768445], [134.07138268446516, 46.95077789976068], [134.03856814995981, 46.85817373309365], [134.02260013238163, 46.713169664082656], [133.86658898329244, 46.49912588152971], [133.90276248589674, 46.366937567727106], [133.88023156141753, 46.33603506121656], [133.86131798719867, 46.24777171486204], [133.75021365777116, 46.18591502540866], [133.70070763563552, 46.139767971372024], [133.71114627495848, 46.06964305275196], [133.64779096896865, 45.95523143165775], [133.60800011610394, 45.92029816342844], [133.513122186416, 45.878801988298065], [133.44914676323867, 45.70506582293278], [133.4655798687075, 45.65121898048466], [133.4364343608949, 45.60471019142197], [133.26693566297757, 45.54528229428631], [133.1860103700085, 45.49484609636944], [133.11335330620608, 45.32141998959791], [133.09692020073726, 45.22047007911574], [133.11345665907066, 45.1307339544409], [132.9359997905804, 45.02991323503946], [131.97750532443075, 45.24398285580854], [131.90924075737314, 45.27372264259252], [131.85182824109688, 45.32684601498856], [131.79488081271126, 45.30529694272285], [131.74206749890897, 45.242613430352804], [131.65401085828358, 45.205354722670364], [131.5787699728666, 45.08365672462301], [131.44689171765776, 44.98402456316428], [131.22799035046938, 44.92015249285153], [131.08231448783863, 44.91002391212231], [130.9817004741663, 44.84431732846319], [130.96774783744752, 44.79995311134063], [131.0869136903126, 44.59567617449085], [131.2552755067195, 44.07157379818666], [131.2133142436985, 44.002921657886915], [131.17424686088583, 43.70474864356281], [131.18246341362027, 43.50558767350992], [131.24390669161528, 43.46902659766343], [131.2617867371883, 43.433059800788286], [131.2573425640112, 43.37807607682973], [131.17564212455773, 43.14219900163347], [131.0861902202605, 43.03809682878149], [131.06856855684896, 42.9022653265023], [130.94283979708285, 42.851751613937], [130.8032617534625, 42.8568159043016], [130.5772807150501, 42.81159902604621], [130.49294477754978, 42.77909455013463], [130.4247835633568, 42.72703054460057], [130.41997765515367, 42.69987457943118], [130.43920128796623, 42.68553436947019], [130.52059166882594, 42.67432058366285], [130.576557244998, 42.623238430342326], [130.5844637391387, 42.56732453060252], [130.52694786999785, 42.53538849544614]]}}, {"type": "Feature", "properties": {"kind": "boundary"}, "geometry": {"type": "LineString", "coordinates": [[130.52694786999785, 42.53538849544614], [130.49821577364355, 42.57052846940462], [130.3607047873149, 42.63083486588924], [130.246706577679, 42.74483307552511], [130.24035037650708, 42.891775010747054], [130.1512602072359, 42.91794912370288], [130.12480187390247, 42.95598297786971], [130.0826339051523, 42.974173082036444], [130.02227583223538, 42.96259756120307], [129.89825239473493, 42.99815094661987], [129.86104536348478, 42.96507802995308], [129.8415116720784, 42.894229641280916], [129.77918989473443, 42.776562404952315], [129.71976199759877, 42.47497874609695], [129.6977995138747, 42.44813283952132], [129.6039034364004, 42.43591136328429], [129.56752322806693, 42.39208974870078], [129.5237016134834, 42.38464834245076], [129.42365604056636, 42.43591136328429], [129.36577843639947, 42.43921865495098], [129.3136885926492, 42.413587144534205], [129.2177771343155, 42.31271474870047], [129.19545291556545, 42.218456936200084], [128.92342817598103, 42.03820954036604], [128.74896854056362, 42.04069000911605], [128.42723107311446, 42.010717678386754], [128.3078585145202, 42.02565216731911], [128.0452388856129, 41.98751496028771], [128.02870242727948, 41.951625678061006], [128.03293989472746, 41.8984764674488], [128.18176801972805, 41.70003896744801], [128.25783572806165, 41.65539052994784], [128.28925499889516, 41.60743480078098], [128.29090864472846, 41.56278636328079], [128.20026818248851, 41.43300100357976], [128.14941857311334, 41.38773244889208], [128.11122968964963, 41.38925690364469], [128.01309614472734, 41.44868480078034], [127.9186833029301, 41.46113882096269], [127.68763797415312, 41.440003160155314], [127.5721928244131, 41.454756781574645], [127.51700239472541, 41.48175771744714], [127.4203674663396, 41.48377309830653], [127.17965864472404, 41.53136709244734], [127.1366638530572, 41.554518134114105], [127.12839562389047, 41.60743480078098], [127.06126793834335, 41.68735240332036], [127.00690433157229, 41.74205190690131], [126.9547628113898, 41.76949209244829], [126.90349979055628, 41.78106761328168], [126.78774458222244, 41.71822907161476], [126.72159874888888, 41.716575425781414], [126.60124433808107, 41.64097280533841], [126.49039839081502, 41.35807017675654], [126.45143436086693, 41.351843166665375], [126.41185021373138, 41.321328233397026], [126.25361697805369, 41.13779938411243], [126.14447635305322, 41.07826813411219], [126.06675499888627, 40.97408844661177], [125.98903364471926, 40.904635321611494], [125.72827436737447, 40.866704820309266], [125.64507531138457, 40.77895823827767], [125.593812290551, 40.77895823827767], [125.41687218638367, 40.659895738277186], [125.31444949758117, 40.644625352534945], [125.07291385304893, 40.54744782161008], [125.02599165252792, 40.523883368484974], [124.99684614471528, 40.46476552994308], [124.88935916554823, 40.45980459244305], [124.77195031138109, 40.38373688410941], [124.71241906138084, 40.31924469660916], [124.48101199757781, 40.181656195632044], [124.38665083221287, 40.10427073827496], [124.36215620330648, 40.00404429784487]]}}, {"type": "Feature", "properties": {"kind": "boundary"}, "geometry": {"type": "LineString", "coordinates": [[130.52694786999785, 42.53538849544614], [130.5541296733834, 42.47469452571934], [130.65153974825353, 42.37250438086217], [130.65794762585773, 42.32777842871354], [130.68735151583184, 42.302534491538964]]}}, {"type": "Feature", "properties": {"kind": "boundary"}, "geometry": {"type": "LineString", "coordinates": [[70.95797407418664, 40.23888784439529], [70.65308312366457, 40.20116404882222], [70.60275027861229, 40.21413483332749], [70.53355553577347, 40.324489854486785], [70.39826663603336, 40.36136098892703], [70.37154992053846, 40.38415029556775], [70.3825570006166, 40.453500067703445], [70.7120459329096, 40.66909414322514], [70.75106163928996, 40.721752427730564], [70.75100996285767, 40.73958079687125], [70.63913048694576, 40.77854482681933], [70.6573205911125, 40.839652208004466], [70.44146813342934, 41.02343943945051], [70.40193566272606, 41.03509247493233], [70.37268680204886, 41.0276510686823], [70.29207156767353, 40.89171621353853], [69.71283043811394, 40.65700185806884], [69.62844282418132, 40.679067694657476], [69.49821821480577, 40.76707265885054], [69.41388227730545, 40.7971483424444], [69.35719323108125, 40.76738271744428], [69.30939253121127, 40.72392283788682], [69.31394005725298, 40.63475515396719], [69.25998986194026, 40.587652085933144], [69.206298048789, 40.56656810155806], [69.30422488798209, 40.32738373469513], [69.29445804227893, 40.29655874283303], [69.219578891888, 40.28813548436945], [69.2748726744403, 40.198089301100865], [69.22826053251305, 40.187598985345616], [68.95173994331921, 40.22260976822335], [68.65258507678158, 40.18266388606173], [68.63067426948982, 40.16710927994188], [68.62240604032311, 40.147265529941805], [68.6397176451409, 40.12920461685579], [68.92688357938684, 40.136310126295925], [68.96605431506407, 40.119566962233364], [68.97204878120993, 40.08995636653012], [68.95561567574111, 40.07135285090504], [68.80472049344885, 40.050320542962254], [68.78942426949044, 40.01332021744126], [68.79830878245176, 40.0]]}}, {"type": "Feature", "properties": {"kind": "boundary"}, "geometry": {"type": "LineString", "coordinates": [[52.493881463435685, 41.78036998144573], [52.69691816591046, 41.94436513932399], [52.87049930197884, 42.06058543554842], [53.0559143410421, 42.147737738608654], [53.250114373594954, 42.205847886720875], [53.68538496278941, 42.296850083986854], [53.926403842998695, 42.32976797135679], [54.1209656105776, 42.335193996747435], [54.27191246930218, 42.28000356705971], [54.6779858742517, 42.07820709895995], [54.85384077334095, 41.96519074153761], [54.903656854070306, 41.91906952571712], [54.95233605328926, 41.81000641536512], [55.24957889183213, 41.45808991145746], [55.43437381370785, 41.2962910019516], [55.545219760973936, 41.26275299739419], [55.97744144066314, 41.32223257096213]]}}, {"type": "Feature", "properties": {"kind": "boundary"}, "geometry": {"type": "LineString", "coordinates": [[55.97744144066314, 41.32223257096213], [56.77362023298406, 41.28799693456877], [57.01794640486003, 41.26347646744627], [57.11881880069376, 41.35029287369662], [57.11385786319374, 41.37179026953004], [57.01820478702149, 41.450570990559], [56.96409956241189, 41.8565668808601], [57.11359948103228, 41.95712921810008], [57.228786248610874, 42.08445994726726], [57.29064293806425, 42.12378571224137], [57.3817484881948, 42.15631602636911], [57.68612267439394, 42.16481679948113], [57.81428022647779, 42.189828192710394], [57.92342085147823, 42.33521983496358], [57.94574507022833, 42.419995022138394], [58.02894412621825, 42.48763947200845], [58.282882114500495, 42.428857530276446], [58.32722049340694, 42.39891103776331], [58.39708702986553, 42.292457587242055], [58.474394972574174, 42.29938222916917], [58.485815464110686, 42.31684886328381], [58.47697879418877, 42.34015493424745], [58.41817101424064, 42.40668834082324], [58.28866987491719, 42.52727529557633], [58.16201093936982, 42.60298126888392], [58.15152062361457, 42.62809601497777], [58.25967939640145, 42.68806651465249], [58.47718549991794, 42.66284841569406], [58.532324253173385, 42.681942857425895], [58.58906497582984, 42.77847443294712], [58.87695438012787, 42.56148509375355], [58.93090457544059, 42.540271918297734], [59.15962446476442, 42.51143646907886], [59.199105259035406, 42.481696682294896], [59.27661990747322, 42.35617462825793], [59.35428958520791, 42.32328257910416], [59.4510795428906, 42.29953725846603], [59.858289829350554, 42.29514476172123], [59.985207147059384, 42.211713161785994], [60.00603274927303, 42.19083588314008], [59.981693149663556, 42.13171804459817], [59.97414839054895, 42.01877920182429], [59.94174726750194, 41.97351064713661], [59.96257286971556, 41.95439036718862], [60.106905145106765, 41.90744232845145], [60.19206790552377, 41.83442352962304], [60.20074954614881, 41.8031334498703], [60.17640994653934, 41.782282009440536], [60.10861046737239, 41.792694810547346], [60.0755892271379, 41.75967357031284], [60.0755892271379, 41.70055573177093], [60.12406172062765, 41.64495189062488], [60.138014357346464, 41.59415395768197], [60.06871626164306, 41.476228339191906], [60.06742435083578, 41.427368272459944], [60.08959354028897, 41.39943716080619], [60.45494591659252, 41.221618557289844], [60.86716881698479, 41.24869700781079], [61.242443068288395, 41.18921743424285], [61.32889773951268, 41.195108547524114], [61.38749881373167, 41.252159328774354], [61.49694949732586, 41.27608551692549], [61.64453738795146, 41.239860337888885], [61.90281619654624, 41.093693549151325], [61.95356245305686, 41.03059662532294], [62.09500084823972, 40.68330516210541], [62.18848351425572, 40.54119497330275], [62.29803755071447, 40.46750438085455], [62.375035434829385, 40.33206045181754], [62.44159467962132, 40.036212876946564], [62.466457251853285, 40.0]]}}, {"type": "Feature", "properties": {"kind": "boundary"}, "geometry": {"type": "LineString", "coordinates": [[49.2322717629018, 46.33717194272698], [48.610139194539926, 46.566460272806026], [48.54115115743028, 46.60563100848326], [48.5092151222739, 46.64996938738969], [48.502393833211386, 46.69864858660864], [48.51851688008645, 46.73430532489003], [48.558359409383485, 46.75714630796304], [48.60533328633679, 46.76593130145265], [48.77638227722289, 46.7103274603066], [48.88361087422854, 46.70541819923888], [48.95032514831735, 46.725778713561866], [48.959316847536115, 46.77458710386155], [48.5525199725345, 47.320987860699674], [48.16701378763713, 47.70876780861788], [48.10996300638689, 47.745406399112824], [47.48193932474376, 47.80390412046722], [47.292338494664875, 47.74093638771957], [47.202059767450976, 47.79245779071458], [47.09328087747659, 47.947719631535506], [47.11901574075793, 48.12698517515602], [47.064600457554576, 48.232456773463724], [47.00434573750226, 48.284469102565495], [46.85314049661625, 48.32358816181045], [46.660904168490475, 48.41223908140715], [46.60922773619859, 48.573882961616135], [46.70260704935001, 48.8055484075806], [46.85298546731937, 48.9696210801073], [46.96222944518439, 49.0383507350555], [47.014267612502294, 49.09834707294637], [47.03137251159092, 49.1502818873997], [47.0181433449242, 49.199917100616034], [46.953444451694764, 49.25260122333761], [46.85298546731937, 49.30386424417114], [46.80208418151187, 49.367064520864105], [46.82311648945466, 49.50225006773964], [46.88957238138201, 49.69696686461542], [46.99194339375222, 49.852719631543124], [47.24836185078448, 50.00087596292393], [47.29523237487322, 50.05849518492937], [47.2947156105503, 50.21750356709147], [47.326444939977506, 50.27352081969585], [47.50359174987406, 50.402711900425544], [47.59965823750463, 50.413563951206825], [47.70574995299987, 50.37795888935773], [47.849668816932734, 50.282305813185474], [48.22478803893944, 49.93193960224657], [48.33496219258572, 49.85824900979836], [48.43428429545068, 49.828535061230525], [48.75901899597281, 49.928322251986145], [48.810282016806354, 49.962377020866484], [48.84325158060858, 50.013123277377105], [48.81793012878555, 50.09983633076287], [48.70052127461841, 50.35377431904513], [48.66600141784744, 50.550351467483424], [48.62512535990459, 50.61267324482742], [48.808421665243856, 50.6013044297232], [49.323428989464674, 50.85172842060962], [49.42461144389216, 51.02701487894366], [49.49799197774661, 51.083600572303254], [49.82220991394581, 51.13189219828001], [49.932332391159804, 51.19715953226465], [50.24688683452044, 51.28950531677023], [50.309311964729034, 51.32157054300734], [50.51632775249027, 51.50561615661485], [50.756158074756854, 51.67514069274833], [50.79393354676222, 51.72919424092564], [51.163420037649104, 51.64744212503989], [51.269925164602654, 51.59447378194072], [51.301086053274645, 51.497425442096585], [51.34454593283212, 51.47535960550795], [51.60907758973423, 51.4839895697007], [52.00714114767851, 51.67271190043061], [52.21916954937208, 51.70935049092556], [52.330997348851696, 51.68129018819107], [52.496206902888815, 51.51215322529977], [52.57118940614433, 51.48163829203142], [52.728130731014744, 51.498148912148665], [52.82047651552031, 51.49458323832053], [52.902642042864386, 51.46693634704438], [53.03834435406284, 51.46373240824228], [53.2472721698189, 51.49360138610699], [53.338119337788015, 51.4823617620835], [53.534644809794, 51.399576117551916], [53.688123813700884, 51.251807359413306], [53.95684126161862, 51.16116689717336], [54.13977583193184, 51.0407608099333], [54.297905714744985, 50.91405019795363], [54.42151574078713, 50.780311591182254], [54.4714351743811, 50.58381195739241], [54.517427199120846, 50.54115306253547], [54.5552543475585, 50.535778713577116], [54.59618208193368, 50.550661526077164], [54.63617964052759, 50.591615098668484], [54.64997724794952, 50.660163886103646], [54.6379366392255, 50.781060899450495], [54.606258986230586, 50.87989207620869], [54.546055942610565, 50.9460379095423], [54.57292768740234, 50.99022125915185], [54.64165734235053, 51.011563625688396], [54.72713016136129, 50.998076076860215], [54.86800011578893, 50.941361192419876], [55.014812859930146, 50.86976349547949], [55.19521528506107, 50.74470652933316], [55.36109663271799, 50.665305691116686], [55.542274204333296, 50.60179535582998], [55.686244744698456, 50.582855943395], [55.79765913271973, 50.602027899775294], [56.049685093007184, 50.71354564066115], [56.143994581939864, 50.84464874938564], [56.49146691267043, 51.019521796261344], [56.62024458194176, 50.98086782490702], [56.84963626488539, 51.045540879920296], [57.01174523298499, 51.06520376240735], [57.17902184431381, 51.036058254594735], [57.31250206892369, 50.94655467386521], [57.44220991397631, 50.88888377542749], [57.55786176944551, 50.89555003519314], [57.653773227779226, 50.925134792680225], [57.76487755720677, 51.046884467159884], [57.83882653181644, 51.09166209574079], [58.04517052595787, 51.068872789100084], [58.188417596270966, 51.081740220740755], [58.35915652856332, 51.063834336951615], [58.547465447834895, 50.97104930277156], [58.81401248559638, 50.73721344665083], [58.88367231632583, 50.694451198929315], [59.452319777265586, 50.6204247096712], [59.52394331242215, 50.58280426696271], [59.49779503768244, 50.51107737894159], [59.523013136640884, 50.49286143655871], [59.75121626164179, 50.543943589879234], [59.812401157475364, 50.58202912047834], [59.95518313989783, 50.799276841833375], [60.005257602788646, 50.839687811885625], [60.05858768091386, 50.85028148050546], [60.11212446476824, 50.83415843363039], [60.28803104028978, 50.70414052998403], [60.42476688013406, 50.67912913675477], [60.63798383977033, 50.663729559931795], [60.942306349537176, 50.695510565791295], [61.22688846216852, 50.77478221292702], [61.38941084172646, 50.86103017842217], [61.46501346216948, 50.99022125915185], [61.51219404485195, 51.13703400329305], [61.585057814383504, 51.22968984639239], [61.55472374862816, 51.32459361429642], [61.3631075376899, 51.441873277382825], [61.01480838404268, 51.492361151731984], [60.97357059107378, 51.53706126566445], [60.46476443872797, 51.6511628281649], [60.41830732609759, 51.70392446553491], [60.38750817245162, 51.77301585550914], [60.28038292831059, 51.83461416280106], [60.06747602726807, 51.89063141540545], [60.030320672450216, 51.93326447204625], [60.06551232284096, 51.976465969442245], [60.23366743351872, 52.02449921325754], [60.42549035018615, 52.12560415303659], [60.49933597193123, 52.14632640238564], [60.670333286385045, 52.150822251995024], [60.93760379419862, 52.28058177347992], [60.99455122258428, 52.33685740824578], [60.97946170435503, 52.39478668884496], [60.82122846867733, 52.56981476501754], [60.77435794458859, 52.675803127648166], [60.802314894458505, 52.744739488325536], [60.94473514185489, 52.86015879984943], [61.04746788925115, 52.97247752543582], [61.400727980398386, 52.99599030212862], [61.97418134954131, 52.94374542908153], [62.0371232440728, 52.96612132426392], [62.08270185735424, 53.005421251021886], [62.0810998879532, 53.05743358012366], [62.014695672458146, 53.107869778040524], [61.76618370956652, 53.173912258509546], [61.659833611909846, 53.22848257100976], [61.576221144461584, 53.22243642843161], [61.43679813013813, 53.23938629822334], [61.31096601750741, 53.27519806580162], [61.19918989446009, 53.28713532166104], [61.16280968612659, 53.33674469666123], [61.18596072779337, 53.40619782166151], [61.228955519460214, 53.44588532166166], [61.31163781112721, 53.465729071661755], [61.400934686127556, 53.45580719666171], [61.49849979029463, 53.48464264588057], [61.53493167506039, 53.52329661723489], [61.51917036321137, 53.55448334412304], [61.47410851425286, 53.58026988383669], [61.40992638534635, 53.587039496466915], [61.24797244654363, 53.550995184943346], [60.97946170435503, 53.62174022075091], [60.98555952336548, 53.65739695903231], [61.07351281112625, 53.71046865499606], [61.113200311126405, 53.753463446662906], [61.113200311126405, 53.88244782166342], [61.14368940617862, 53.96383820252312], [61.23102257675188, 54.019493720101465], [61.33370364771582, 54.04925934510159], [61.92865441269217, 53.94647492127305], [61.985653517510116, 53.95440725362985], [62.04027550644261, 54.00264720317432], [62.499007195897576, 54.013163357145714], [62.63269412623666, 54.06930980083082], [63.07395918157695, 54.10522492127369], [63.1913163593118, 54.17106069601353], [63.41362837103145, 54.18320465760212], [63.70131106960031, 54.24322683370913], [63.847090285095675, 54.23648305929504], [64.00387658066921, 54.267101345427974], [64.06294274277883, 54.30291311300624], [64.19942020046167, 54.347432359425696], [64.46121300645231, 54.38417430278521], [64.52508507676507, 54.36216014262888], [64.64993533718223, 54.352238267628834], [64.9267143085375, 54.39662832296756], [65.08835818874647, 54.34017182068868], [65.15775963731446, 54.36440806743357], [65.23739301947623, 54.51605255799407], [65.37815962103932, 54.56447337505156], [65.47691328314906, 54.62328115499972], [65.70775190619688, 54.61868195252573], [65.9141992532029, 54.6933027207552], [65.95471357611973, 54.65950633403632], [66.22265587755311, 54.667361151744686], [67.09836469917119, 54.78818065044308], [67.25732140490098, 54.82879832622449], [67.69341881701212, 54.87241323507884], [67.82989627469493, 54.94357168234474], [68.15581953315979, 54.97669627544383], [68.20940799344646, 55.003051255912695], [68.24403120308202, 55.05242808696758], [68.20620405464436, 55.16092275656436], [68.3019604836812, 55.18650259054884], [68.52478925972378, 55.20484772401245], [68.71294314969848, 55.30851064718995], [68.97721642443912, 55.389616807672056], [69.49325727730576, 55.356879787815146], [69.74027062366093, 55.30737376567953], [69.98170291532855, 55.19905996359577], [70.18246585478249, 55.16247304953312], [70.37144656767387, 55.2122374538302], [70.41718021025218, 55.25316518820536], [70.48627160022642, 55.282362372450265], [70.738142531217, 55.30515167909098], [70.91017337431663, 55.127979030978295], [71.18555708200003, 54.599329128632434], [71.15920210153118, 54.53863515890562], [71.1521224303072, 54.36407217062367], [71.05274865100992, 54.260486762094615], [71.09315962106217, 54.212220974334], [71.33645226429232, 54.15834829366973], [71.67715498239264, 54.17803701437293], [71.88737470895597, 54.22149689393039], [72.00447350452936, 54.20568390564908], [72.06560672393064, 54.23162547465961], [72.10539757679538, 54.30846832947762], [72.18601281117071, 54.32562490499852], [72.26916019072831, 54.27211395936028], [72.38729251494755, 54.12302745219823], [72.38305504749962, 54.05365184184639], [72.40429406117158, 53.964458319710616], [72.4467720885155, 53.941824042366775], [72.58598839710982, 53.995929266976376], [72.59916588734424, 54.0230593939296], [72.56428429554722, 54.09044546163821], [72.58268110544313, 54.1216063503102], [72.62231692901099, 54.13434459087016], [72.9140303892986, 54.10734365499765], [73.11928917836192, 53.98073639588256], [73.22992841989884, 53.95781789816111], [73.38072024932652, 53.962856350309565], [73.50562218617597, 53.99933991150763], [73.6179667499785, 54.06739777283603], [73.71243126820806, 54.04238637960677], [73.71553185414558, 53.99621348735397], [73.67894494008291, 53.92944753683287], [73.39937544138388, 53.81149608012667], [73.30568606963874, 53.70721303976167], [73.28568729034177, 53.598408311571134], [73.36185835153998, 53.50619171814628], [73.37183190297233, 53.45438609477368], [73.40692020049852, 53.44753896749501], [73.4699654478946, 53.4689071722477], [73.64292646677549, 53.57626496033407], [73.85893395375552, 53.61972483989153], [74.06863691599594, 53.61140493429254], [74.20997195831421, 53.57647166606323], [74.35151370636166, 53.4876398789535], [74.4027767271952, 53.504434719448355], [74.42928673696093, 53.550736802781884], [74.43042361847134, 53.60370514588105], [74.45192101430476, 53.64724254008695], [74.83411990753547, 53.825707099006934], [75.05219445180717, 53.82668895122049], [75.22019453318805, 53.893816636767625], [75.37703250519388, 53.970142727262726], [75.39811648956896, 54.06848297791416], [75.43718387238164, 54.089670315153825], [75.69287885936183, 54.11478506124767], [75.88061933787819, 54.16796011007601], [76.26659061066619, 54.31198232687346], [76.49649905793274, 54.33570180929544], [76.75937706900149, 54.43688426372293], [76.83730512889764, 54.44236196554586], [76.78898766470473, 54.32187836365736], [76.70304975780337, 54.18245534933389], [76.65457726431359, 54.14527415629988], [76.4217232604064, 54.1515270046072], [76.42203331900015, 54.11351898865652], [76.48476850780247, 54.02254262960669], [76.57571902863617, 53.94252167420272], [77.704383986323, 53.379171047572854], [77.85998172395381, 53.26917776143961], [78.47549970898231, 52.63844106710114], [79.46882409049672, 51.49311046000021], [79.98620853060294, 50.77457550719785], [80.06594526562932, 50.758219916377485], [80.0863574563846, 50.839997870479365], [80.22025109245286, 50.911776434932776], [80.3452047057346, 50.91911448831823], [80.42359785352136, 50.946270453487614], [80.45227827344337, 50.99761098896958], [80.42153079622969, 51.136362209673266], [80.44809248242771, 51.18336192484273], [80.60549889518876, 51.22421214456945], [80.65045739128269, 51.27736135518164], [80.73525841667364, 51.29340688740827], [80.87731692904401, 51.2814437933327], [80.9340576517005, 51.24276398376223], [80.96558027539854, 51.189795640663064], [81.1272758320398, 51.191061713254214], [81.14097008659715, 51.146568305050906], [81.07751142774273, 51.01492259378736], [81.07146528516458, 50.96874970153458], [81.12458865756062, 50.946270453487614], [81.31909874870723, 50.966398423865286], [81.38824181511376, 50.956476548865254], [81.45159712110359, 50.823668117875144], [81.43139163607748, 50.77113902445045], [81.46591149284845, 50.73984894469771], [81.63391157422933, 50.73912547464563], [81.75204389844856, 50.76439525003636], [81.9336865579545, 50.766358954463456], [82.09806928907494, 50.710858466181975], [82.32637576694043, 50.741916001989395], [82.49396243686297, 50.72760163024455], [82.61173302605616, 50.77147492126035], [82.76081953321821, 50.893353786820725], [83.01920169467758, 50.89725535745876], [83.09278893426122, 50.960610663448605], [83.1602266784021, 50.98921356872215], [83.3573205911633, 50.99456207946436], [83.71776370639913, 50.88717845316185], [83.94508833205109, 50.77465302184629], [84.00239749546276, 50.676881211950075], [84.09929080601003, 50.60471507425447], [84.17592695509887, 50.52053416605101], [84.19447879429165, 50.43743846292567], [84.25783410028149, 50.288222764682885], [84.32325646356301, 50.239155992221754], [84.60732181187143, 50.20238821064609], [84.8389872578359, 50.091309719434705], [84.92404666538832, 50.087976589551886], [84.98946902866984, 50.061414903353864], [84.99970096226363, 50.01028107360105], [84.97520633335728, 49.951059882194556], [85.00078616734177, 49.89416413024121], [85.21012739455614, 49.66484996194602], [85.23260664260312, 49.61580902770103], [85.29187951044187, 49.59945343688065], [85.37161624546823, 49.623948065787005], [85.93359744664235, 49.55043834085181], [85.97442182815294, 49.49933034931516], [86.18086917515899, 49.49933034931516], [86.29243859247714, 49.58751618102123], [86.4179606465141, 49.63846914326102], [86.61014529820758, 49.76913300231102], [86.67551598505679, 49.77729787861314], [86.72869103388513, 49.74869497333958], [86.7307064147445, 49.69554576272739], [86.61422773635863, 49.6097112086906], [86.62647505081179, 49.56268565530499], [86.71437666214027, 49.55860321715393], [86.81209679560422, 49.48790985777865], [86.95296675003186, 49.322054348337886], [87.00092247919872, 49.287327785837746], [87.07058230992817, 49.254590765980836], [87.23367313024133, 49.216143500355685], [87.29687340693428, 49.147646389352815], [87.3228149759448, 49.085789699899436]]}}, {"type": "Feature", "properties": {"kind": "boundary"}, "geometry": {"type": "LineString", "coordinates": [[27.351953566199683, 57.52811676699049], [27.400012648231126, 57.66681631126188], [27.491996697710675, 57.72495229759025], [27.542122837033787, 57.79941803652284], [27.75285932792005, 57.8410175645178], [27.778490838336808, 57.87067983665332], [27.673380975055125, 57.93460358339837], [27.571113315549525, 58.13810537376378], [27.50243533703363, 58.22135610618598], [27.487810906695017, 58.270086981837224], [27.53013390474206, 58.38147553164235], [27.531374139117077, 58.43524485944205], [27.42703942231978, 58.73305613874011], [27.43417076997605, 58.78726471621428], [27.464401482866805, 58.84131826439159], [27.513080682085757, 58.886276760485515], [27.62175621919556, 58.94495534935294], [27.757665236123188, 59.05200307884556], [27.89765669120186, 59.27762238223187], [27.938171014118694, 59.29700104434133], [28.016460809040893, 59.30172943789603], [28.061367628702527, 59.34325145124255], [28.15107791516121, 59.3744381781307], [28.13299116385906, 59.40309275983654], [28.012533400186697, 59.48427643496707]]}}, {"type": "Feature", "properties": {"kind": "boundary"}, "geometry": {"type": "LineString", "coordinates": [[22.76623864105113, 54.356785793670525], [22.168497348731023, 54.35988637960803], [20.208203566171107, 54.420761216847865], [19.604364454840578, 54.459156806040724]]}}, {"type": "Feature", "properties": {"kind": "boundary"}, "geometry": {"type": "LineString", "coordinates": [[-139.05651953830716, 60.001583360424874], [-139.18516720905353, 60.083568020255925], [-139.07925636107132, 60.27944753685827], [-139.07925636107132, 60.34370718041322], [-139.67630002155548, 60.32833344180639], [-139.9732844779369, 60.183148505282375], [-140.45281593138932, 60.299730536532834], [-140.5254213187594, 60.21834015567313], [-141.00213640665194, 60.30024730085576], [-141.00213640665194, 69.6507876654765]]}}, {"type": "Feature", "properties": {"kind": "boundary"}, "geometry": {"type": "LineString", "coordinates": [[-130.621969774276, 54.70890900330734], [-130.57533260157686, 54.76968048768259], [-130.49324458888123, 54.83417267518284], [-130.31253210515652, 54.94594879823018], [-130.2140885016405, 55.025892238985705], [-130.01787308822827, 55.28494619406486], [-130.0218263352986, 55.37176260031521], [-130.10996049057238, 55.58094879823271], [-130.12251786361932, 55.691019599014396], [-130.09156368067647, 55.78615591086374], [-130.02508195053298, 55.888216864640185], [-130.02288570216058, 56.01451406516152], [-130.0559586188274, 56.065234483455995], [-130.0978682054161, 56.10928864198482], [-130.214708618828, 56.08283030865138], [-130.41314611882882, 56.12251780865154], [-130.47709570379, 56.230573228573846], [-130.64907487045735, 56.26367198345679], [-130.74167903712438, 56.34082489686857], [-131.08292435776377, 56.404826158262054], [-131.57511653712774, 56.59881948508574], [-131.824274455423, 56.589982815163836], [-131.83308528712877, 56.68480906841941], [-131.88600195379564, 56.7421182318311], [-131.86615820379555, 56.792838650125574], [-132.1042832037965, 56.85678823508677], [-132.03152278712955, 57.02654531516558], [-132.3379898688365, 57.07946198183245], [-132.23215653550275, 57.19852448183293], [-133.12042111527927, 58.077747300846866], [-133.42257321488984, 58.33705963808748], [-133.40110165727256, 58.41087942161643], [-133.82074012569873, 58.705047512437915], [-134.2185194632654, 58.84989655215203], [-134.29699012570063, 58.898498236722546], [-134.44075396033662, 59.08533437767382], [-134.62198320838422, 59.15530426699701], [-134.67722531450423, 59.19928091087739], [-134.8024114717313, 59.24997549095572], [-134.9437723522657, 59.288267727283994], [-135.07130978716205, 59.441436672597106], [-135.03666073931035, 59.55070648867827], [-135.0510267874875, 59.578663438548176], [-135.47593625200744, 59.79327566185633], [-135.93464210324623, 59.66263764102247], [-136.3218277721931, 59.60483755150402], [-136.2471294893152, 59.53290395775373], [-136.27798031939346, 59.480323187896744], [-136.34784685585205, 59.45603526471956], [-136.46634091509733, 59.459084174224785], [-136.46672848833953, 59.27994782168501], [-136.57873715533216, 59.15225535749178], [-136.81327064328883, 59.150033270903236], [-137.27755754921515, 58.98820852318124], [-137.43858131223664, 58.90312327741266], [-137.52087603066144, 58.91537059186584], [-137.48415992551807, 58.99123159447031], [-137.5933005505185, 59.22625600853375], [-138.63225522174662, 59.778289496491695], [-138.70545488808807, 59.901331081778636], [-139.0565187308629, 60.001583360424874]]}}, {"type": "Feature", "properties": {"kind": "boundary"}, "geometry": {"type": "LineString", "coordinates": [[-123.31360449918168, 48.99303050393553], [-122.68638260968332, 48.99303050393553]]}}, {"type": "Feature", "properties": {"kind": "boundary"}, "geometry": {"type": "LineString", "coordinates": [[70.94681196481159, 42.248661810874694], [70.86040897001956, 42.207243150392756], [70.76454918811814, 42.194169013022915], [70.7152498717117, 42.16866669368687], [70.5843017922841, 42.03603913020977], [70.54011844267453, 42.039449774741044], [70.48911380400247, 42.08024831803547], [70.41599165230946, 42.07854299576984], [70.22587405790765, 41.946018785157335], [70.09559777209984, 41.82049673112037], [69.95999881376596, 41.754040839193024], [69.66389285673353, 41.6721336940104], [69.40096316923248, 41.54190908463488], [69.36830366402401, 41.49056854915291], [69.15363976428358, 41.42524953873598], [69.06496300647072, 41.36693268489459], [69.0434656106373, 41.26412242284992], [68.98687991727769, 41.20503042252416], [68.73712772001107, 41.04188792577871], [68.58406212756253, 40.876264960283265], [68.55925744006245, 40.82929108332995], [68.55657026558328, 40.765134792639586], [68.59367394396884, 40.71128795019146], [68.60065026232823, 40.659973252925624], [68.57264163602605, 40.622637030594746], [68.49569542834345, 40.608632717443655], [68.41508019396812, 40.619433091792644], [68.29188357938429, 40.65612335871988], [68.16026370633688, 40.721752427730564], [68.0477124368052, 40.809292304032994], [68.11303144722211, 41.0286070826797], [68.01970381050299, 41.09625153254977], [67.93572960802871, 41.196581325844434], [67.80509158719485, 41.16392182063598], [67.73507002143936, 41.18725372981575], [66.81429935086277, 41.14239858658641], [66.70965457547172, 41.179140529945926], [66.60165083198169, 41.49431509049407], [66.53788211453352, 41.74127676041692], [66.49865970242399, 41.9948788518893], [66.00959394721372, 42.00487824153778], [66.01553673692726, 42.31478180599214], [66.04984988796906, 42.472730821292245], [66.10028608588595, 42.99083873145058], [65.80299157091079, 42.87696971289543], [65.49618859239393, 43.310534979824254], [65.27046593614304, 43.41753103288457], [65.00314375189717, 43.64906728776832], [64.90547529486554, 43.71469635677899], [64.81178592312037, 43.69392243099766], [64.44317793158243, 43.5511921250075], [63.207025994728525, 43.62798330339322], [62.07200483586982, 43.489335435554125], [61.990252719984085, 43.49212596289789], [61.16069095240263, 44.16862213803081], [61.09702558781905, 44.248255520192586], [61.06534793482413, 44.34840444597424], [61.00788374211558, 44.393776353526505], [58.555216912678674, 45.55535919858323], [57.4772982115025, 45.337439683608395], [55.97568444196523, 44.99492829037786], [55.97744144066314, 41.32223257096213]]}}, {"type": "Feature", "properties": {"kind": "boundary"}, "geometry": {"type": "LineString", "coordinates": [[5.7897038102540535, 49.538268541047074], [5.823448520540637, 49.50506643329955], [6.011395704786196, 49.445457668650874], [6.074079217156225, 49.45463023538268], [6.119916212599122, 49.48519684508332], [6.181049432000407, 49.498942776072965], [6.242182651401691, 49.49434357359898], [6.344295281610442, 49.452744045604035]]}}, {"type": "Feature", "properties": {"kind": "boundary"}, "geometry": {"type": "LineString", "coordinates": [[87.3228149759448, 49.085789699899436], [87.41671105341914, 49.076591294951484], [87.47619062698709, 49.0914482692354], [87.51587812698725, 49.12242829039437], [87.76247806188405, 49.1658106553034], [87.81828860875927, 49.16208995217839]]}}, {"type": "Feature", "properties": {"kind": "boundary"}, "geometry": {"type": "LineString", "coordinates": [[45.50443729023064, 40.6648566757772], [45.478805779813854, 40.64832021744381], [45.478805779813854, 40.60697907161031], [45.51435916523067, 40.59953766536027], [45.5523930193975, 40.61607412369368], [45.56231489439753, 40.649147040360475], [45.50443729023064, 40.6648566757772]]}}, {"type": "Feature", "properties": {"kind": "boundary"}, "geometry": {"type": "LineString", "coordinates": [[44.99439090350984, 41.085606187497646], [44.96142133970764, 41.079249986325735], [44.95888919452534, 41.052610785479274], [44.96901777525454, 41.027237657223964], [45.00203901548903, 41.015817165687466], [45.023588087754746, 41.027237657223964], [45.02865237811935, 41.053876858070424], [45.021055942572445, 41.077983913734585], [44.99439090350984, 41.085606187497646]]}}, {"type": "Feature", "properties": {"kind": "boundary"}, "geometry": {"type": "LineString", "coordinates": [[12.441080763405665, 43.982406114267036], [12.396897413796097, 43.93455373796476], [12.426352980202466, 43.894091091480234], [12.485264113015205, 43.90142914486567], [12.514668002989282, 43.95297638607681], [12.50366092291111, 43.989770005868635], [12.441080763405665, 43.982406114267036]]}}, {"type": "Feature", "properties": {"kind": "boundary"}, "geometry": {"type": "LineString", "coordinates": [[70.5720544778309, 41.02480886490625], [70.5499886412423, 41.014886989906216], [70.56874718616425, 40.981814073239406], [70.62274905790923, 40.93440094661162], [70.65251468290936, 40.93659719498402], [70.61835656116443, 41.0016578232395], [70.5720544778309, 41.02480886490625]]}}, {"type": "Feature", "properties": {"kind": "boundary"}, "geometry": {"type": "LineString", "coordinates": [[26.61897505057175, 48.259845282578425], [26.64047244640517, 48.294158433620225], [26.847074822708095, 48.38715017352945], [26.900559930130157, 48.3719314642195], [27.228498569454388, 48.371414699896576], [27.33696740083505, 48.43270294859474], [27.403785027788444, 48.41564972593842], [27.549254184690056, 48.477713121120956], [27.820038689899462, 48.41626984312592], [27.96338911307714, 48.33356171324279], [28.038423292764918, 48.321288560573464], [28.08012617362448, 48.29581207945357], [28.088497755655766, 48.25705475523466], [28.15882938000499, 48.23798615171896], [28.291017693807618, 48.23855459247417], [28.347138299276594, 48.21305227313813], [28.326984490682747, 48.161427517278554], [28.34052371594322, 48.14445180927066], [28.387549269328815, 48.16212514911449], [28.42305097831334, 48.14688060158839], [28.46304853690725, 48.090501613957954], [28.530486281048155, 48.150317084335796], [28.773778924278304, 48.11956960712213], [28.865814650190117, 47.995675360702364], [28.923175490034083, 47.95113027606678], [28.973353305789516, 47.93299184833232], [29.092932570112907, 47.97541819924395], [29.12538536959221, 47.96454031024652], [29.19483849459246, 47.88240062111858], [29.211168247196696, 47.77501699481607], [29.18605350110286, 47.658589992862474], [29.122956577274465, 47.53038076434633], [29.1348938331339, 47.48968557391649], [29.159801873498594, 47.45565664325228], [29.33374474459302, 47.375713202496755], [29.383405796025528, 47.328041693707505], [29.53915856295322, 47.27099091245728], [29.541794061000104, 47.185543931662664], [29.51099490735416, 47.12802806252181], [29.515025669072912, 47.09110525164927], [29.563498162562695, 47.047516181011076], [29.571973097458567, 46.9640070664274], [29.71976769381331, 46.88292674416145], [29.87784590019416, 46.82892487241645], [29.9424931169913, 46.72376333270249], [29.924303012824566, 46.53886505796217], [30.131008741992048, 46.423084011412215], [30.07571495943975, 46.37784129494068], [29.837900018032542, 46.35055613869058], [29.752013787563442, 46.43778595639925], [29.706796909308054, 46.44874136004513], [29.61496788912541, 46.39882192645119], [29.555074904099115, 46.40776194923768], [29.45880171073935, 46.45375397397744], [29.392862583134928, 46.436907457050296], [29.304857618941867, 46.46662140561813], [29.254576450321878, 46.39262075457616], [29.20455366386335, 46.37936574969329], [29.200832960738325, 46.504965318378694], [29.18620853039974, 46.52395640724596], [29.14626264823812, 46.5269019638866], [28.958367140424855, 46.458482367532156], [28.927464633914326, 46.42411754005806], [28.930565219851843, 46.36223501238854], [28.943691033653977, 46.288415228859606], [29.00627119315942, 46.17648407651541], [28.971906365685328, 46.12764984799958], [28.94772179537273, 46.04992849383261], [28.849536574018174, 45.97864085548596], [28.73874230318441, 45.93714468035559], [28.729337192507273, 45.85198191993858], [28.667635532350772, 45.79384593361023], [28.562318963339948, 45.73581330014645], [28.49162560396465, 45.665791734390965], [28.51374311698558, 45.57241242123955], [28.499067010214702, 45.517738755874745], [28.310344679484757, 45.498566799494455], [28.212469516723957, 45.45045604103072]]}}, {"type": "Feature", "properties": {"kind": "boundary"}, "geometry": {"type": "LineString", "coordinates": [[28.1479256527914, 56.14292999940683], [28.032015415160743, 56.133292344784394], [27.896313103962285, 56.07616404888573], [27.642271762815426, 55.911729641333], [27.576746046669342, 55.7987907985591], [27.309217156694302, 55.803906765356004], [27.052540317500558, 55.830545966202465], [26.95306318533872, 55.81292430279093], [26.822476840937156, 55.709209703181145], [26.59355024588416, 55.6675068223216]]}}, {"type": "Feature", "properties": {"kind": "boundary"}, "geometry": {"type": "LineString", "coordinates": [[28.212469516723957, 45.45045604103072], [28.317682732870225, 45.347129014663125], [28.45126631034472, 45.29219696713686], [28.760704786908434, 45.234138495456946], [28.79134891125753, 45.251915188165356], [28.769851515424108, 45.26690135352999], [28.781737094851252, 45.30984446876454], [28.89428836438293, 45.28994904233217], [29.027406853966795, 45.32054149024896], [29.223570590946764, 45.4029137233222], [29.40366295748393, 45.419656887384775], [29.567683953578353, 45.370822658868946], [29.70591840995911, 45.25989919695445]]}}, {"type": "Feature", "properties": {"kind": "boundary"}, "geometry": {"type": "LineString", "coordinates": [[21.360071241956973, 44.82666982683553], [21.52316206227013, 44.790082912772874], [21.597059360447503, 44.75540802670503], [21.63612674326015, 44.7104495306111], [21.740203077895984, 44.68068390561098], [21.909288364355007, 44.66611115170467], [22.026903924251286, 44.61986074480345], [22.093049757584907, 44.541932684907295], [22.200950148210325, 44.560691229829246], [22.35070844899218, 44.6761363795693], [22.49767622243027, 44.70626373959546], [22.64206017425377, 44.65096995704316], [22.72091840993116, 44.605520534842455], [22.734354282327047, 44.569915472993344], [22.70076460133734, 44.55552358660006], [22.62014936696201, 44.56234487566259], [22.554003533628418, 44.54033071550626], [22.502327101336533, 44.48958445899564], [22.494575636492755, 44.435427557953744], [22.53064578623247, 44.37796336524518], [22.68329796722267, 44.28647024187242], [22.687845493264348, 44.24830719662488], [22.705105421649847, 44.237791042653484]]}}, {"type": "Feature", "properties": {"kind": "boundary"}, "geometry": {"type": "LineString", "coordinates": [[-122.68638180223907, 48.99303050393553], [-95.16204118526699, 48.99176443134438], [-95.15529741085288, 49.369674180694844], [-94.93934160030514, 49.34941701923643], [-94.85433386918501, 49.30458771422323], [-94.84260331905476, 49.11917267515999], [-94.80345842159366, 49.00295237893556], [-94.71276628292142, 48.86342601174751], [-94.70509233272608, 48.80851980243739], [-94.62088558630649, 48.74260651304911], [-94.05518368200734, 48.659019883816995], [-93.85163021520965, 48.60729177509283], [-93.80354529496206, 48.54894908303531], [-93.70773718949293, 48.525462144558645], [-93.46361772334612, 48.561273912136926], [-93.37783391959942, 48.6166285078056], [-93.25794552282446, 48.62886668557469], [-92.99625606969842, 48.61181346291838], [-92.73265458857757, 48.53181834573056], [-92.50057573115477, 48.43533844664162], [-92.4145861478211, 48.276588446640986], [-92.34844031448749, 48.276588446640986], [-92.29867591019041, 48.328884996120365], [-92.17178443069773, 48.33839345966207], [-92.00515377477258, 48.301832383815565], [-91.85839270706366, 48.19757518166672], [-91.51831010615084, 48.058307196640115], [-91.3872328356425, 48.05853974058543], [-91.22065385614965, 48.10460927997363], [-91.04348120803695, 48.19369944924483], [-90.9160471260052, 48.2091507025001], [-90.84031531448146, 48.20052073830735], [-90.79732052281463, 48.13106761330708], [-90.74440385614774, 48.10460927997363], [-90.32014034703147, 48.09918325458298], [-90.09178219273367, 48.11809682880181], [-89.9936486478114, 48.01531240497327], [-89.90104448114437, 47.995468654973195], [-89.77536739781053, 48.01531240497327], [-89.4556453112207, 47.996217963241435], [-89.27317582879812, 48.01996328387955], [-88.61176917189442, 48.26400523537792], [-88.37819169793515, 48.303098456406715], [-86.4285690986435, 47.54007009540106], [-84.87597652865031, 46.89990245216934], [-84.77941911491294, 46.63728282326204], [-84.56175798209958, 46.45737132423788], [-84.50158077669568, 46.46186717384727], [-84.40171607129164, 46.51561066343082], [-84.1921681383481, 46.54956207944659], [-84.149483405275, 46.542766628600205], [-84.12522132031397, 46.52723786069649], [-84.15046525748855, 46.444788112974805], [-84.11517025423319, 46.370813300148995], [-84.08840186230601, 46.22653270119008], [-83.97778845898526, 46.0849134384942], [-83.91303788932353, 46.07289866798634], [-83.76320207389325, 46.10907217059065], [-83.61595008007757, 46.11682363543443], [-83.48014441601453, 46.02375438087677], [-83.46947323274625, 45.99468638771259], [-83.59269568554622, 45.817152004573856], [-82.55107967805506, 45.34736155860844], [-82.1378490872331, 43.570880845710704], [-82.40819434276804, 43.07264252376861], [-82.48834448925274, 42.739510402999045], [-82.54531775585453, 42.6246853704465], [-82.7441945055298, 42.49347890885744], [-82.86775285513967, 42.38521678320596], [-83.07314083528372, 42.30031240495042], [-83.1095210436172, 42.250703029950216], [-83.149673631508, 42.14192413997583], [-83.14194800488035, 41.97586192480588], [-83.02996517610387, 41.832976589518864], [-82.69001176627177, 41.67518260351562], [-82.43907101106244, 41.67487254492187], [-81.27764319530257, 42.209181016603694], [-80.24757687042867, 42.36599315039339], [-79.03669470896548, 42.80232310644982], [-78.93923295766302, 42.86374054622871], [-78.91507422556657, 42.909138291997124], [-78.94600257029325, 42.96130565039577], [-79.02617855499409, 43.017322903000164], [-79.02907243520244, 43.061764634771166], [-79.06604692250727, 43.1061030136776], [-79.05922563344475, 43.27805634212881], [-79.17185441762489, 43.46657196712957], [-78.845569424134, 43.58333486589305], [-78.72043494333923, 43.62493439388801], [-78.4582545641064, 43.63149730078908], [-76.81995663115714, 43.628784288093755], [-76.46460364450208, 44.05759532325172], [-76.24854448108975, 44.214123236663795], [-76.18578345407127, 44.242235215830576], [-76.15116024443572, 44.30393687598708], [-75.8759315660492, 44.41697907162555], [-75.79195736357491, 44.49705170346181], [-75.4012576972322, 44.77228038184832], [-75.17938493518704, 44.89937856707019], [-74.99614030628005, 44.97012360287776], [-74.85663977730815, 45.00391998959665], [-71.51751542833645, 45.00756317807323], [-71.41902014838814, 45.200342108738056], [-71.32729448107007, 45.290104071629045], [-71.20161739773623, 45.26033844662892], [-71.13464474148597, 45.26281891537893], [-70.99987260606875, 45.337232977879225], [-70.9601851060686, 45.33309886329589], [-70.89799251980533, 45.2624571803529], [-70.86504879421926, 45.27069957130344], [-70.8368334621879, 45.31069712989735], [-70.83781531440144, 45.366171779962684], [-70.79918718126326, 45.40477407488471], [-70.7109496731249, 45.40947663022327], [-70.68978817410138, 45.4283385280098], [-70.7074098375129, 45.4989285345205], [-70.70221635606757, 45.55138011329676], [-70.59638302273382, 45.64398427996379], [-70.42109656439978, 45.73824209246416], [-70.40786739773306, 45.80190745704776], [-70.2962463039826, 45.90608714454818], [-70.28715125189925, 45.93916006121498], [-70.30642656114411, 45.979829413428675], [-70.3045145331493, 46.05739573829878], [-70.24829057481574, 46.25087230079956], [-70.17966427273214, 46.341822821633244], [-70.06721635606502, 46.44104157163365], [-70.0076851060648, 46.70893219663472], [-69.24287390814507, 47.462994696637736], [-69.05022416856096, 47.42661448830425], [-69.06428015814436, 47.338144436220574], [-69.04857052272762, 47.27365224872031], [-69.00309526231078, 47.23644521747016], [-68.93718197292249, 47.211252956727876], [-68.82871314154184, 47.203320624371074], [-68.37690609401399, 47.316156114280375], [-68.35801835801131, 47.34452647560862], [-68.23549353704728, 47.345947577496645], [-68.0967939927759, 47.27484080666302], [-67.8067858547539, 47.08281118426642], [-67.78464250351684, 45.95280263934002], [-67.76704667832145, 45.92699026141024], [-67.78229122584756, 45.874176947607936], [-67.77526323105586, 45.81787547462595], [-67.80223832871222, 45.72751923276361], [-67.7553161281912, 45.68646230730771], [-67.5957393052739, 45.62072988543245], [-67.43264848496074, 45.60310822202092], [-67.41386410182264, 45.56559113217702], [-67.42443193222633, 45.53039948178625], [-67.48778723821617, 45.50104726824448], [-67.49365251328129, 45.474072170588116], [-67.42794592962218, 45.37795400652523], [-67.47254269069006, 45.275893052748785], [-67.36694190130162, 45.173780422540034], [-67.31529130722589, 45.15383331967537], [-67.24958472356677, 45.20078135841254], [-67.12483781601419, 45.16943960222751]]}}, {"type": "Feature", "properties": {"kind": "boundary"}, "geometry": {"type": "LineString", "coordinates": [[7.438698764687729, 43.75045644792496], [7.414410841510545, 43.77092031511255], [7.394980502968821, 43.76533926042502], [7.377720574583321, 43.7317495794353]]}}, {"type": "Feature", "properties": {"kind": "boundary"}, "geometry": {"type": "LineString", "coordinates": [[12.430590447650417, 41.90545278580821], [12.438341912494195, 41.90620209407645], [12.439168735410874, 41.89837311458423], [12.430590447650417, 41.8975721298837], [12.430590447650417, 41.90545278580821]]}}, {"type": "Feature", "properties": {"kind": "boundary"}, "geometry": {"type": "LineString", "coordinates": [[71.02858319857982, 40.0], [70.97435550322314, 40.038874213209596], [70.96066124866582, 40.08796682388687], [70.97626753121796, 40.1332612167907], [71.00541303903057, 40.15227814387411], [71.02411990752023, 40.14915171972045], [71.08034386585379, 40.079879462233194], [71.22865522653146, 40.048150132805986], [71.1938720367964, 40.0]]}}, {"type": "Feature", "properties": {"kind": "boundary"}, "geometry": {"type": "LineString", "coordinates": [[145.9401672711012, 43.09954010677653], [145.86353112201232, 43.37130646419949], [145.77971194883492, 43.48029205990305], [145.68659101784493, 43.54550771745539], [145.53771121641205, 43.51253815365318], [145.4268135927137, 43.63710419369275], [145.26196577370263, 43.73185293229989], [145.2411918479213, 43.78166901302926], [145.25121707578592, 43.869493109709296], [145.2735929709683, 43.90558909766517], [145.53207848529223, 44.142887274749455], [145.62070356667283, 44.29057851823963], [145.66359500547503, 44.44808828386526], [145.64602501849583, 44.59009511980332], [145.57889733294866, 44.785070298840566]]}}, {"type": "Feature", "properties": {"kind": "boundary"}, "geometry": {"type": "LineString", "coordinates": [[33.59414062500005, 46.09624023437499], [33.654322809145384, 46.146221891615326], [33.65996518914085, 46.21957283155632], [33.806667069022836, 46.2082880715654], [34.02671988884581, 46.106725231647104], [34.12828272876411, 46.08979809166072], [34.22420318868695, 46.10108285165164], [34.35397792858255, 46.06158619168341], [34.44989838850539, 45.96566573176057], [34.68687834831475, 45.976950491751495], [34.79408356822851, 45.89231479181958], [34.79972594822397, 45.790751951901285], [34.94642782810595, 45.72868577195121], [35.001674239407095, 45.73338320565317]]}}, {"type": "Feature", "properties": {"kind": "boundary"}, "geometry": {"type": "LineString", "coordinates": [[36.694438547354785, 45.62169573239123], [36.69102094157739, 45.43084902931122], [36.659195490648266, 45.346601468885574], [36.58870937723521, 45.30034637973251], [36.636230573799814, 45.2603315673462], [36.61690382260043, 45.22758350755226], [36.50874733740786, 45.199709766208315], [36.59717111597104, 45.030530361610694], [36.61190276450769, 44.953280103424994]]}}, {"type": "Feature", "properties": {"kind": "boundary"}, "geometry": {"type": "LineString", "coordinates": [[23.605257195741984, 51.517915147500304], [23.539628126731316, 51.61891673441478], [23.544847446392794, 51.710228990274516], [23.625721062929557, 51.809344387410334], [23.607427605898238, 51.879779364624156], [23.65109419118488, 51.97297781026255], [23.652437778424456, 52.04038971618729], [23.597970818788838, 52.103073228557335], [23.45844445160077, 52.16952912048468], [23.196961704203886, 52.25691396749025], [23.175102573344446, 52.286602077841934], [23.204093051860184, 52.33789093689161], [23.41090213389225, 52.516226304730864], [23.479580112408144, 52.55157298441851], [23.844725782982522, 52.66422760681479], [23.901259799909838, 52.703605048221206], [23.915470818790112, 52.77024180766158], [23.909372999779663, 52.90488475199804], [23.859143507591966, 53.11210724548846], [23.789225294701055, 53.27096059835368], [23.5989009945701, 53.59920929627165], [23.484644402772744, 53.9398086615074]]}}]}