{"type": "FeatureCollection", "features": [{"type": "Feature", "properties": {"kind": "land"}, "geometry": {"type": "Polygon", "coordinates": [[[-177.986377, 51.764258], [-178.194531, 51.882227], [-178.168262, 51.903027], [-177.953809, 51.918457], [-177.799609, 51.840039], [-177.644482, 51.82627], [-177.770654, 51.777881], [-177.826953, 51.685889], [-177.925342, 51.617383], [-178.078467, 51.69126], [-178.000049, 51.71748], [-177.986377, 51.764258]]]}}, {"type": "Feature", "properties": {"kind": "land"}, "geometry": {"type": "Polygon", "coordinates": [[[-176.837109, 51.675879], [-176.961621, 51.603662], [-176.874414, 51.790479], [-176.736426, 51.839941], [-176.745117, 51.894678], [-176.69834, 51.986035], [-176.596826, 51.981787], [-176.549902, 51.944043], [-176.587939, 51.833203], [-176.437451, 51.820117], [-176.452344, 51.735693], [-176.510986, 51.745605], [-176.770947, 51.629932], [-176.837109, 51.675879]]]}}, {"type": "Feature", "properties": {"kind": "land"}, "geometry": {"type": "Polygon", "coordinates": [[[-176.378564, 51.861133], [-176.280225, 51.802832], [-176.349658, 51.733301], [-176.396094, 51.759863], [-176.413721, 51.840576], [-176.378564, 51.861133]]]}}, {"type": "Feature", "properties": {"kind": "land"}, "geometry": {"type": "Polygon", "coordinates": [[[-177.257275, 51.804932], [-177.131494, 51.929785], [-177.063037, 51.901904], [-177.177002, 51.703711], [-177.654883, 51.676562], [-177.670215, 51.701074], [-177.257275, 51.804932]]]}}, {"type": "Feature", "properties": {"kind": "land"}, "geometry": {"type": "Polygon", "coordinates": [[[-176.008984, 51.812354], [-176.093359, 51.790479], [-176.204443, 51.834814], [-176.193652, 51.886279], [-176.008984, 51.812354]]]}}, {"type": "Feature", "properties": {"kind": "land"}, "geometry": {"type": "Polygon", "coordinates": [[[-175.975293, 52.028955], [-176.045068, 51.972998], [-176.142871, 52.004297], [-176.184521, 52.056055], [-176.155664, 52.099414], [-176.077393, 52.099951], [-175.975293, 52.028955]]]}}, {"type": "Feature", "properties": {"kind": "land"}, "geometry": {"type": "Polygon", "coordinates": [[[-131.080518, 51.98042], [-131.117334, 52.101025], [-131.098096, 52.150635], [-131.010645, 52.095264], [-131.029297, 51.961621], [-131.080518, 51.98042]]]}}, {"type": "Feature", "properties": {"kind": "land"}, "geometry": {"type": "Polygon", "coordinates": [[[-173.460986, 52.041553], [-173.878955, 52.053662], [-173.99248, 52.12334], [-173.794092, 52.104297], [-173.656836, 52.14375], [-173.0229, 52.07915], [-173.460986, 52.041553]]]}}, {"type": "Feature", "properties": {"kind": "land"}, "geometry": {"type": "Polygon", "coordinates": [[[-174.258838, 52.269043], [-174.435547, 52.317236], [-174.168896, 52.420166], [-174.018359, 52.331787], [-174.054883, 52.245996], [-174.179395, 52.200342], [-174.120654, 52.135205], [-174.343555, 52.077783], [-175.213867, 51.993896], [-175.295557, 52.022168], [-174.306152, 52.216162], [-174.258838, 52.269043]]]}}, {"type": "Feature", "properties": {"kind": "land"}, "geometry": {"type": "Polygon", "coordinates": [[[-172.619824, 52.272852], [-172.47041, 52.388037], [-172.313623, 52.32959], [-172.539111, 52.257471], [-172.619824, 52.272852]]]}}, {"type": "Feature", "properties": {"kind": "land"}, "geometry": {"type": "Polygon", "coordinates": [[[-170.649268, 52.593115], [-170.797363, 52.549756], [-170.827051, 52.600732], [-170.68208, 52.697559], [-170.584619, 52.667578], [-170.649268, 52.593115]]]}}, {"type": "Feature", "properties": {"kind": "land"}, "geometry": {"type": "Polygon", "coordinates": [[[-131.727295, 52.756396], [-131.455225, 52.701709], [-131.572803, 52.62334], [-131.590576, 52.578223], [-131.42998, 52.422119], [-131.259717, 52.415918], [-131.319922, 52.303076], [-131.142627, 52.291113], [-131.116162, 52.219092], [-131.221533, 52.153613], [-131.421875, 52.237988], [-131.562061, 52.399951], [-132.165088, 52.783301], [-132.258105, 52.933887], [-132.144922, 52.957471], [-132.14375, 52.999316], [-132.468701, 53.071875], [-132.546777, 53.1375], [-132.153906, 53.160498], [-131.893115, 53.231445], [-131.753711, 53.195557], [-131.652344, 53.102979], [-131.622168, 53.020068], [-131.634668, 52.922168], [-131.795264, 52.885059], [-131.879687, 52.914648], [-131.971777, 52.879834], [-131.727295, 52.756396]]]}}, {"type": "Feature", "properties": {"kind": "land"}, "geometry": {"type": "Polygon", "coordinates": [[[-169.691943, 52.847363], [-169.722754, 52.792334], [-169.980566, 52.806006], [-169.991846, 52.829834], [-169.820654, 52.883398], [-169.691943, 52.847363]]]}}, {"type": "Feature", "properties": {"kind": "land"}, "geometry": {"type": "Polygon", "coordinates": [[[-169.088916, 52.832031], [-168.79585, 53.044922], [-168.777783, 53.148779], [-168.689844, 53.227246], [-168.38042, 53.283447], [-168.396436, 53.408789], [-168.287695, 53.500146], [-167.985693, 53.558203], [-167.804688, 53.484961], [-167.865137, 53.387305], [-168.270703, 53.238037], [-168.505615, 53.043164], [-169.088916, 52.832031]]]}}, {"type": "Feature", "properties": {"kind": "land"}, "geometry": {"type": "Polygon", "coordinates": [[[-166.48877, 53.785498], [-166.549219, 53.700977], [-166.384717, 53.720508], [-166.309473, 53.69751], [-166.702197, 53.53667], [-166.77041, 53.476025], [-167.153662, 53.407861], [-167.522461, 53.276221], [-167.669434, 53.259961], [-167.808789, 53.323779], [-167.136084, 53.526465], [-167.092334, 53.635937], [-167.015723, 53.698389], [-166.894141, 53.697119], [-166.81875, 53.641357], [-166.803662, 53.6854], [-166.74126, 53.712939], [-167.071484, 53.783398], [-167.118164, 53.872607], [-167.038086, 53.942187], [-166.673291, 54.005957], [-166.627393, 53.995654], [-166.615332, 53.900928], [-166.572168, 53.853467], [-166.372314, 53.998975], [-166.230859, 53.932617], [-166.48877, 53.785498]]]}}, {"type": "Feature", "properties": {"kind": "land"}, "geometry": {"type": "Polygon", "coordinates": [[[-132.564893, 53.687646], [-132.534668, 53.651709], [-132.186963, 53.684814], [-132.114014, 53.860156], [-132.134424, 54.034277], [-131.94082, 54.041992], [-131.667627, 54.141357], [-131.702539, 53.986377], [-131.88916, 53.713965], [-131.957422, 53.308691], [-132.011328, 53.265186], [-132.347266, 53.189209], [-132.520459, 53.194043], [-132.74751, 53.310498], [-132.692578, 53.367871], [-132.425, 53.336963], [-132.670166, 53.458594], [-132.84502, 53.507715], [-132.897998, 53.562695], [-132.913379, 53.629199], [-133.079492, 53.837012], [-133.097949, 54.005615], [-133.063867, 54.144043], [-132.655518, 54.12749], [-132.564063, 54.068652], [-132.344434, 54.106055], [-132.261621, 54.076318], [-132.166113, 53.955225], [-132.175098, 53.846533], [-132.564893, 53.687646]]]}}, {"type": "Feature", "properties": {"kind": "land"}, "geometry": {"type": "Polygon", "coordinates": [[[-166.102686, 53.832812], [-166.223828, 53.72041], [-166.250732, 53.767773], [-166.187744, 53.822461], [-166.102686, 53.832812]]]}}, {"type": "Feature", "properties": {"kind": "land"}, "geometry": {"type": "Polygon", "coordinates": [[[-165.966406, 54.211035], [-165.892871, 54.206982], [-165.692871, 54.099902], [-165.909863, 54.04917], [-166.056641, 54.054346], [-166.105811, 54.144824], [-165.966406, 54.211035]]]}}, {"type": "Feature", "properties": {"kind": "land"}, "geometry": {"type": "Polygon", "coordinates": [[[-165.407861, 54.196826], [-165.604834, 54.12915], [-165.65415, 54.25332], [-165.550635, 54.284521], [-165.487695, 54.221875], [-165.407861, 54.196826]]]}}, {"type": "Feature", "properties": {"kind": "land"}, "geometry": {"type": "Polygon", "coordinates": [[[-162.811719, 54.444385], [-162.820557, 54.494531], [-162.64541, 54.462061], [-162.554395, 54.401367], [-162.641113, 54.379541], [-162.811719, 54.444385]]]}}, {"type": "Feature", "properties": {"kind": "land"}, "geometry": {"type": "Polygon", "coordinates": [[[-130.805127, 54.543799], [-130.927148, 54.479053], [-130.959033, 54.498682], [-130.906836, 54.631787], [-130.758008, 54.61377], [-130.805127, 54.543799]]]}}, {"type": "Feature", "properties": {"kind": "land"}, "geometry": {"type": "Polygon", "coordinates": [[[-163.583008, 54.625684], [-164.171289, 54.603027], [-164.403516, 54.447852], [-164.59082, 54.404346], [-164.823438, 54.419092], [-164.903955, 54.544775], [-164.887646, 54.607813], [-164.706201, 54.691992], [-164.478613, 54.906836], [-164.273682, 54.900049], [-163.807129, 55.049072], [-163.553027, 55.037842], [-163.476025, 54.980713], [-163.378955, 54.815527], [-163.135059, 54.723291], [-163.083252, 54.668994], [-163.358105, 54.735693], [-163.583008, 54.625684]]]}}, {"type": "Feature", "properties": {"kind": "land"}, "geometry": {"type": "Polygon", "coordinates": [[[-162.298145, 54.847021], [-162.390771, 54.872998], [-162.433887, 54.931543], [-162.2646, 54.983496], [-162.23374, 54.932031], [-162.298145, 54.847021]]]}}, {"type": "Feature", "properties": {"kind": "land"}, "geometry": {"type": "Polygon", "coordinates": [[[-132.705811, 54.68418], [-132.807275, 54.709131], [-133.008936, 54.854834], [-133.122705, 54.969824], [-133.251172, 55.175146], [-133.417969, 55.210693], [-133.453809, 55.260352], [-133.429053, 55.303809], [-133.296582, 55.325732], [-133.097412, 55.213721], [-132.995752, 55.110596], [-132.982178, 55.033008], [-132.837744, 54.880957], [-132.772314, 54.926074], [-132.617236, 54.892432], [-132.646973, 54.756152], [-132.705811, 54.68418]]]}}, {"type": "Feature", "properties": {"kind": "land"}, "geometry": {"type": "Polygon", "coordinates": [[[-159.421338, 54.978125], [-159.461914, 55.058789], [-159.39043, 55.040869], [-159.362012, 54.972412], [-159.421338, 54.978125]]]}}, {"type": "Feature", "properties": {"kind": "land"}, "geometry": {"type": "Polygon", "coordinates": [[[-131.592236, 55.025684], [-131.595117, 55.090723], [-131.556006, 55.137402], [-131.578467, 55.248779], [-131.512646, 55.262744], [-131.404639, 55.21333], [-131.232031, 54.90376], [-131.406201, 54.894287], [-131.445703, 54.909326], [-131.431348, 54.996484], [-131.481738, 55.035254], [-131.592236, 55.025684]]]}}, {"type": "Feature", "properties": {"kind": "land"}, "geometry": {"type": "Polygon", "coordinates": [[[-160.17207, 55.123047], [-159.981641, 55.197754], [-159.920459, 55.267529], [-159.871045, 55.263574], [-159.898242, 55.221289], [-159.839404, 55.182373], [-159.872998, 55.12876], [-160.227051, 54.922705], [-160.153613, 55.03833], [-160.17207, 55.123047]]]}}, {"type": "Feature", "properties": {"kind": "land"}, "geometry": {"type": "Polygon", "coordinates": [[[-159.595264, 55.182031], [-159.545068, 55.225977], [-159.515137, 55.151855], [-159.534961, 55.059619], [-159.648486, 55.074561], [-159.639648, 55.123975], [-159.597949, 55.125684], [-159.595264, 55.182031]]]}}, {"type": "Feature", "properties": {"kind": "land"}, "geometry": {"type": "Polygon", "coordinates": [[[-160.609082, 55.159033], [-160.701807, 55.177637], [-160.795068, 55.145215], [-160.825488, 55.173975], [-160.839648, 55.3354], [-160.723926, 55.404639], [-160.672168, 55.379395], [-160.684912, 55.314795], [-160.552783, 55.380762], [-160.583154, 55.307617], [-160.482666, 55.197412], [-160.609082, 55.159033]]]}}, {"type": "Feature", "properties": {"kind": "land"}, "geometry": {"type": "Polygon", "coordinates": [[[-160.51748, 55.333838], [-160.362305, 55.356982], [-160.329297, 55.337695], [-160.343311, 55.258789], [-160.51748, 55.333838]]]}}, {"type": "Feature", "properties": {"kind": "land"}, "geometry": {"type": "Polygon", "coordinates": [[[-133.737109, 55.496924], [-133.634229, 55.539258], [-133.454785, 55.522314], [-133.345557, 55.559082], [-133.281689, 55.497852], [-133.650195, 55.269287], [-133.63501, 55.41333], [-133.737109, 55.496924]]]}}, {"type": "Feature", "properties": {"kind": "land"}, "geometry": {"type": "Polygon", "coordinates": [[[-132.757568, 55.99502], [-132.533789, 55.84248], [-132.430176, 55.687012], [-132.172705, 55.480615], [-132.511279, 55.593945], [-132.631299, 55.473193], [-132.417871, 55.48291], [-132.215283, 55.383545], [-132.160254, 55.322998], [-132.206689, 55.224414], [-132.005078, 55.230615], [-131.976416, 55.208594], [-132.000391, 55.033838], [-131.980859, 54.804834], [-132.02168, 54.726318], [-132.189258, 54.734863], [-132.341309, 54.907227], [-132.549365, 54.952588], [-132.593848, 54.995752], [-132.622168, 55.135937], [-132.701758, 55.130518], [-132.682861, 55.073926], [-132.70415, 55.030078], [-132.782324, 55.048486], [-132.912598, 55.188477], [-133.118555, 55.327637], [-133.103027, 55.360254], [-132.958887, 55.395557], [-133.082471, 55.504102], [-133.033398, 55.589697], [-133.298242, 55.606885], [-133.368994, 55.688965], [-133.553271, 55.691162], [-133.680176, 55.785156], [-133.584082, 55.836523], [-133.446973, 55.797021], [-133.322119, 55.844629], [-133.308496, 55.886475], [-133.241504, 55.920801], [-133.289209, 56.018701], [-133.37124, 56.035889], [-133.684229, 55.942773], [-133.755176, 55.999463], [-133.530859, 56.145654], [-133.594434, 56.216357], [-133.598633, 56.31626], [-133.566113, 56.339209], [-133.202979, 56.319824], [-133.081738, 56.194189], [-133.096631, 56.090039], [-132.757568, 55.99502]]]}}, {"type": "Feature", "properties": {"kind": "land"}, "geometry": {"type": "Polygon", "coordinates": [[[-131.447559, 55.408789], [-131.521826, 55.341064], [-131.641309, 55.298926], [-131.7625, 55.16582], [-131.810986, 55.223096], [-131.846094, 55.41626], [-131.647559, 55.585547], [-131.624951, 55.831689], [-131.236182, 55.948975], [-130.965967, 55.669531], [-131.013916, 55.379297], [-131.082764, 55.266797], [-131.187891, 55.206299], [-131.261865, 55.219775], [-131.316309, 55.268506], [-131.420703, 55.275879], [-131.450928, 55.316309], [-131.422363, 55.368408], [-131.447559, 55.408789]]]}}, {"type": "Feature", "properties": {"kind": "land"}, "geometry": {"type": "Polygon", "coordinates": [[[-155.604883, 55.789551], [-155.723193, 55.802197], [-155.737354, 55.829785], [-155.573242, 55.921094], [-155.566016, 55.821191], [-155.604883, 55.789551]]]}}, {"type": "Feature", "properties": {"kind": "land"}, "geometry": {"type": "Polygon", "coordinates": [[[-132.451172, 56.056348], [-132.659912, 56.078174], [-132.699023, 56.198193], [-132.59873, 56.24165], [-132.379834, 56.498779], [-132.316504, 56.4875], [-132.066895, 56.244238], [-132.132959, 55.943262], [-132.368604, 55.939746], [-132.420605, 55.979541], [-132.406055, 56.028857], [-132.451172, 56.056348]]]}}, {"type": "Feature", "properties": {"kind": "land"}, "geometry": {"type": "Polygon", "coordinates": [[[-132.629102, 56.411914], [-132.669385, 56.287305], [-132.779883, 56.247266], [-132.891455, 56.259424], [-133.03501, 56.340918], [-133.01709, 56.391992], [-132.902051, 56.45376], [-132.706055, 56.448486], [-132.629102, 56.411914]]]}}, {"type": "Feature", "properties": {"kind": "land"}, "geometry": {"type": "Polygon", "coordinates": [[[-133.884619, 56.292139], [-133.970801, 56.10791], [-134.06748, 56.133008], [-134.122412, 56.077393], [-134.1896, 56.076953], [-134.245068, 56.203271], [-134.195459, 56.413525], [-134.084375, 56.456348], [-134.290234, 56.580029], [-134.278369, 56.61709], [-134.384424, 56.724023], [-134.373682, 56.838672], [-134.274414, 56.918164], [-134.143262, 56.932324], [-134.051807, 56.898291], [-133.924805, 56.775684], [-133.830859, 56.781299], [-133.778125, 56.728906], [-133.738379, 56.650439], [-133.767285, 56.600098], [-133.855273, 56.582178], [-133.884619, 56.292139]]]}}, {"type": "Feature", "properties": {"kind": "land"}, "geometry": {"type": "Polygon", "coordinates": [[[-154.444873, 56.573193], [-154.682813, 56.435791], [-154.773926, 56.420264], [-154.729346, 56.502148], [-154.517529, 56.600537], [-154.463379, 56.598193], [-154.444873, 56.573193]]]}}, {"type": "Feature", "properties": {"kind": "land"}, "geometry": {"type": "Polygon", "coordinates": [[[-154.208643, 56.514893], [-154.332129, 56.539014], [-154.322217, 56.570605], [-154.216748, 56.60874], [-154.1104, 56.60293], [-154.115967, 56.543896], [-154.208643, 56.514893]]]}}, {"type": "Feature", "properties": {"kind": "land"}, "geometry": {"type": "Polygon", "coordinates": [[[-169.550488, 56.628125], [-169.474316, 56.594043], [-169.586865, 56.542432], [-169.766162, 56.607959], [-169.755225, 56.635059], [-169.550488, 56.628125]]]}}, {"type": "Feature", "properties": {"kind": "land"}, "geometry": {"type": "Polygon", "coordinates": [[[-132.598682, 56.635742], [-132.567969, 56.57583], [-132.757617, 56.511035], [-132.930811, 56.524463], [-132.948047, 56.567236], [-132.842529, 56.794775], [-132.598682, 56.635742]]]}}, {"type": "Feature", "properties": {"kind": "land"}, "geometry": {"type": "Polygon", "coordinates": [[[-132.95918, 56.677051], [-133.034912, 56.620752], [-133.243994, 56.79585], [-133.328955, 56.830078], [-133.156641, 56.611133], [-133.158154, 56.495166], [-133.212646, 56.4646], [-133.602783, 56.464111], [-133.649268, 56.516797], [-133.680957, 56.79751], [-133.823047, 56.924365], [-133.979443, 57.00957], [-133.962354, 57.043457], [-133.865967, 57.068701], [-133.707715, 57.062842], [-133.299707, 56.972168], [-133.263525, 57.00498], [-133.070801, 56.974268], [-132.95415, 56.880273], [-132.95918, 56.677051]]]}}, {"type": "Feature", "properties": {"kind": "land"}, "geometry": {"type": "Polygon", "coordinates": [[[-134.65708, 56.523242], [-134.630029, 56.302441], [-134.681885, 56.216162], [-134.806445, 56.28125], [-134.980566, 56.518945], [-134.96665, 56.596143], [-134.883447, 56.679053], [-135.017822, 56.660156], [-135.159033, 56.725391], [-135.163135, 56.824121], [-135.284814, 56.800342], [-135.330615, 56.821875], [-135.338379, 56.893994], [-135.199609, 57.027344], [-135.21123, 57.044922], [-135.341357, 57.081592], [-135.375293, 57.188428], [-135.454932, 57.249414], [-135.501953, 57.243848], [-135.661865, 57.03374], [-135.812305, 57.009521], [-135.767725, 57.100391], [-135.822754, 57.28042], [-135.787109, 57.317285], [-135.624512, 57.354395], [-135.448682, 57.534375], [-135.346289, 57.533105], [-135.065234, 57.416699], [-134.969775, 57.351416], [-134.823193, 57.156543], [-134.634082, 56.762109], [-134.610547, 56.603418], [-134.65708, 56.523242]]]}}, {"type": "Feature", "properties": {"kind": "land"}, "geometry": {"type": "Polygon", "coordinates": [[[-152.907764, 57.139746], [-153.156836, 57.093945], [-153.29541, 57.000439], [-153.374609, 57.051904], [-153.354346, 57.131934], [-153.285205, 57.185059], [-152.935449, 57.167334], [-152.907764, 57.139746]]]}}, {"type": "Feature", "properties": {"kind": "land"}, "geometry": {"type": "Polygon", "coordinates": [[[-170.358008, 57.154199], [-170.386621, 57.203027], [-170.116162, 57.241797], [-170.160547, 57.183936], [-170.264014, 57.136768], [-170.358008, 57.154199]]]}}, {"type": "Feature", "properties": {"kind": "land"}, "geometry": {"type": "Polygon", "coordinates": [[[-152.4854, 57.734424], [-152.411475, 57.646094], [-152.236523, 57.614893], [-152.216211, 57.577002], [-152.412207, 57.454785], [-152.940771, 57.498096], [-152.997461, 57.468945], [-152.781348, 57.453418], [-152.679053, 57.345117], [-152.879053, 57.320801], [-153.051611, 57.237646], [-153.274365, 57.226367], [-153.588281, 57.077686], [-153.732568, 57.052344], [-153.646533, 57.02959], [-153.643311, 56.960742], [-153.757227, 56.85835], [-153.972705, 56.774219], [-154.050781, 56.788477], [-154.07085, 56.820654], [-153.793213, 56.989502], [-153.999365, 57.049951], [-154.102979, 57.02124], [-154.035059, 57.121826], [-154.24375, 57.143018], [-154.381104, 57.096533], [-154.239209, 57.086865], [-154.184326, 57.005322], [-154.260938, 56.911768], [-154.338965, 56.920898], [-154.498779, 57.036572], [-154.569336, 57.205908], [-154.712207, 57.36626], [-154.673193, 57.446094], [-154.535303, 57.559424], [-154.281445, 57.638086], [-154.116162, 57.651221], [-154.029834, 57.630713], [-153.99502, 57.587305], [-154.00791, 57.556152], [-153.947363, 57.530078], [-153.80542, 57.358203], [-153.687695, 57.305127], [-153.797803, 57.443262], [-153.838135, 57.63584], [-153.690137, 57.640723], [-153.693164, 57.663428], [-153.906104, 57.790771], [-153.904443, 57.819873], [-153.805811, 57.875098], [-153.662646, 57.857813], [-153.568555, 57.761084], [-153.487939, 57.730957], [-153.39043, 57.798389], [-153.21748, 57.795752], [-153.168848, 57.910645], [-153.225928, 57.957617], [-153.160449, 57.971973], [-152.850391, 57.896777], [-152.898047, 57.823926], [-152.89082, 57.768994], [-152.616016, 57.848877], [-152.42876, 57.825684], [-152.419141, 57.782324], [-152.4854, 57.734424]]]}}, {"type": "Feature", "properties": {"kind": "land"}, "geometry": {"type": "Polygon", "coordinates": [[[-133.925, 57.670801], [-134.212598, 58.037939], [-134.306885, 58.034375], [-134.26709, 57.884521], [-133.937012, 57.581592], [-133.92085, 57.491992], [-133.97373, 57.451367], [-133.911133, 57.352539], [-134.100049, 57.300098], [-134.260156, 57.146777], [-134.435303, 57.056982], [-134.554785, 57.057568], [-134.619531, 57.195508], [-134.575879, 57.231738], [-134.486768, 57.482031], [-134.659863, 57.638086], [-134.781494, 58.077832], [-134.907666, 58.262793], [-134.923486, 58.354639], [-134.836963, 58.320166], [-134.680273, 58.16167], [-134.240088, 58.143994], [-133.965527, 57.873779], [-133.826904, 57.617578], [-133.925, 57.670801]]]}}, {"type": "Feature", "properties": {"kind": "land"}, "geometry": {"type": "Polygon", "coordinates": [[[-135.346631, 58.124121], [-135.162842, 58.09585], [-134.954688, 58.015332], [-134.927979, 57.952783], [-134.970654, 57.817236], [-135.102588, 57.793652], [-135.231201, 57.81582], [-135.338477, 57.768652], [-135.249561, 57.732568], [-134.978857, 57.724365], [-134.873096, 57.589209], [-134.931494, 57.481152], [-135.564209, 57.666406], [-135.608545, 57.650732], [-135.617822, 57.480371], [-135.691943, 57.419922], [-135.910791, 57.446582], [-136.076611, 57.674561], [-136.459912, 57.873096], [-136.568604, 57.972168], [-136.512305, 58.095996], [-136.369531, 58.143066], [-136.321973, 58.218896], [-136.14375, 58.098486], [-136.142334, 58.153906], [-136.094385, 58.198145], [-135.947412, 58.205811], [-135.787061, 58.268506], [-135.5875, 58.146777], [-135.615381, 58.057471], [-135.693115, 58.038525], [-135.613232, 57.991846], [-135.346631, 58.124121]]]}}, {"type": "Feature", "properties": {"kind": "land"}, "geometry": {"type": "Polygon", "coordinates": [[[-153.240625, 57.850098], [-153.294971, 57.829492], [-153.520068, 57.955762], [-153.481055, 57.971045], [-153.346973, 57.932812], [-153.240625, 57.850098]]]}}, {"type": "Feature", "properties": {"kind": "land"}, "geometry": {"type": "Polygon", "coordinates": [[[-151.98252, 58.244336], [-152.109082, 58.161133], [-152.268359, 58.251709], [-152.334375, 58.208057], [-152.309229, 58.133887], [-152.537646, 58.100977], [-152.571338, 58.168213], [-152.598242, 58.162598], [-152.683057, 58.06333], [-152.928418, 57.993701], [-153.381348, 58.087207], [-152.976123, 58.297021], [-152.771875, 58.278564], [-152.768701, 58.345605], [-152.841113, 58.416406], [-152.674658, 58.450586], [-152.543555, 58.428174], [-152.380762, 58.3521], [-152.343018, 58.411621], [-152.197949, 58.363086], [-152.125244, 58.374268], [-152.078516, 58.312354], [-151.974365, 58.309863], [-151.98252, 58.244336]]]}}, {"type": "Feature", "properties": {"kind": "land"}, "geometry": {"type": "Polygon", "coordinates": [[[-134.319873, 58.204102], [-134.593994, 58.243115], [-134.661572, 58.290918], [-134.519971, 58.33252], [-134.312744, 58.228906], [-134.319873, 58.204102]]]}}, {"type": "Feature", "properties": {"kind": "land"}, "geometry": {"type": "Polygon", "coordinates": [[[-152.392822, 58.540869], [-152.515527, 58.478613], [-152.636621, 58.541699], [-152.395508, 58.619385], [-152.356836, 58.594971], [-152.392822, 58.540869]]]}}, {"type": "Feature", "properties": {"kind": "land"}, "geometry": {"type": "Polygon", "coordinates": [[[-161.070264, 58.569141], [-161.131494, 58.668213], [-160.98623, 58.736426], [-160.715137, 58.795215], [-160.918994, 58.5771], [-161.070264, 58.569141]]]}}, {"type": "Feature", "properties": {"kind": "land"}, "geometry": {"type": "Polygon", "coordinates": [[[-144.613574, 59.812646], [-144.353955, 59.996191], [-144.235742, 60.015186], [-144.248975, 59.982129], [-144.613574, 59.812646]]]}}, {"type": "Feature", "properties": {"kind": "land"}, "geometry": {"type": "Polygon", "coordinates": [[[-165.712354, 60.069336], [-165.630566, 60.028369], [-165.591797, 59.913135], [-165.946729, 59.890039], [-166.099854, 59.849609], [-166.131201, 59.819775], [-166.106689, 59.775439], [-166.14873, 59.764111], [-166.261621, 59.814893], [-166.627637, 59.864648], [-167.138867, 60.008545], [-167.436426, 60.206641], [-167.251709, 60.233545], [-166.836328, 60.216992], [-166.784375, 60.296436], [-166.730957, 60.31626], [-166.475684, 60.382764], [-166.363867, 60.364746], [-166.184961, 60.396777], [-166.043652, 60.333936], [-165.840918, 60.34624], [-165.729688, 60.314209], [-165.689355, 60.224121], [-165.712354, 60.069336]]]}}, {"type": "Feature", "properties": {"kind": "land"}, "geometry": {"type": "Polygon", "coordinates": [[[-147.180859, 60.358252], [-147.019873, 60.332227], [-146.957861, 60.288867], [-147.318457, 60.075293], [-147.376514, 59.991162], [-147.540234, 59.867529], [-147.846338, 59.798828], [-147.872461, 59.828369], [-147.768066, 59.94375], [-147.336523, 60.185352], [-147.180859, 60.358252]]]}}, {"type": "Feature", "properties": {"kind": "land"}, "geometry": {"type": "Polygon", "coordinates": [[[-148.07959, 60.15166], [-147.914209, 60.092334], [-148.07417, 60.034717], [-148.271875, 60.053271], [-148.230664, 60.113525], [-148.07959, 60.15166]]]}}, {"type": "Feature", "properties": {"kind": "land"}, "geometry": {"type": "Polygon", "coordinates": [[[-147.805273, 60.230664], [-147.871338, 60.229785], [-147.891455, 60.299414], [-147.794531, 60.459863], [-147.760205, 60.43877], [-147.688574, 60.491406], [-147.658252, 60.450488], [-147.690039, 60.398877], [-147.659961, 60.35249], [-147.759912, 60.190234], [-147.81582, 60.185156], [-147.805273, 60.230664]]]}}, {"type": "Feature", "properties": {"kind": "land"}, "geometry": {"type": "Polygon", "coordinates": [[[-145.284277, 60.336816], [-145.102441, 60.388232], [-145.150488, 60.312646], [-145.284277, 60.336816]]]}}, {"type": "Feature", "properties": {"kind": "land"}, "geometry": {"type": "Polygon", "coordinates": [[[-146.618311, 60.273682], [-146.702539, 60.408545], [-146.560303, 60.480566], [-146.37168, 60.422168], [-146.102246, 60.411182], [-146.618311, 60.273682]]]}}, {"type": "Feature", "properties": {"kind": "land"}, "geometry": {"type": "Polygon", "coordinates": [[[-151.959717, 60.50376], [-151.887305, 60.472705], [-151.986914, 60.373975], [-152.069043, 60.358057], [-152.004492, 60.407422], [-151.959717, 60.50376]]]}}, {"type": "Feature", "properties": {"kind": "land"}, "geometry": {"type": "Polygon", "coordinates": [[[-172.923877, 60.606836], [-172.860205, 60.505664], [-172.526074, 60.391748], [-172.3875, 60.398486], [-172.23208, 60.299121], [-172.635742, 60.328857], [-173.074023, 60.493213], [-173.047656, 60.568311], [-172.923877, 60.606836]]]}}, {"type": "Feature", "properties": {"kind": "land"}, "geometry": {"type": "Polygon", "coordinates": [[[-148.057422, 60.81792], [-148.123779, 60.844336], [-148.10166, 60.916113], [-148.037744, 60.924121], [-147.943115, 60.875391], [-147.930713, 60.826172], [-148.057422, 60.81792]]]}}, {"type": "Feature", "properties": {"kind": "land"}, "geometry": {"type": "Polygon", "coordinates": [[[-170.171289, 63.640918], [-170.017383, 63.491748], [-169.624121, 63.430566], [-169.554541, 63.373486], [-168.716016, 63.310596], [-168.761328, 63.21377], [-168.852393, 63.17124], [-169.364697, 63.171143], [-169.559277, 63.058203], [-169.571289, 62.996777], [-169.676367, 62.956104], [-169.818604, 63.122363], [-170.1896, 63.196338], [-170.272705, 63.284277], [-170.5271, 63.379297], [-170.954053, 63.45293], [-171.519141, 63.331982], [-171.737842, 63.394238], [-171.819385, 63.477246], [-171.746387, 63.703076], [-171.646484, 63.727002], [-171.447852, 63.615674], [-171.034863, 63.585498], [-170.874609, 63.593994], [-170.67251, 63.668848], [-170.43042, 63.698828], [-170.171289, 63.640918]]]}}, {"type": "Feature", "properties": {"kind": "land"}, "geometry": {"type": "Polygon", "coordinates": [[[-166.03252, 66.277734], [-165.822217, 66.328076], [-166.148633, 66.221826], [-166.03252, 66.277734]]]}}, {"type": "Feature", "properties": {"kind": "land"}, "geometry": {"type": "Polygon", "coordinates": [[[-178.751465, 68.660449], [-178.692627, 68.545996], [-178.097461, 68.424805], [-178.018701, 68.322754], [-178.055811, 68.264893], [-177.796777, 68.337988], [-178.373047, 68.565674], [-177.527246, 68.294385], [-177.639355, 68.241211], [-177.589209, 68.224219], [-177.40752, 68.245166], [-177.297412, 68.22251], [-175.345215, 67.678076], [-175.239551, 67.521094], [-175.23252, 67.44668], [-175.374707, 67.357373], [-175.155078, 67.365381], [-175.002686, 67.4375], [-174.849854, 67.348877], [-174.869922, 67.268506], [-174.93042, 67.203467], [-174.938135, 67.093018], [-174.885059, 67.000244], [-174.783643, 66.916797], [-174.771191, 66.784326], [-174.870117, 66.724902], [-174.924902, 66.623145], [-174.674658, 66.603418], [-174.50376, 66.537939], [-174.394092, 66.344238], [-174.206006, 66.452344], [-174.084766, 66.473096], [-174.017725, 66.38252], [-174.065039, 66.22959], [-173.899951, 66.310498], [-173.773975, 66.434668], [-173.920947, 66.521777], [-174.196338, 66.580713], [-174.231592, 66.631885], [-174.060596, 66.689795], [-174.005518, 66.778613], [-174.086426, 66.942871], [-174.341846, 67.039746], [-174.518945, 67.049072], [-174.554492, 67.063037], [-174.550098, 67.090625], [-173.884033, 67.106445], [-173.679688, 67.144775], [-173.157813, 67.069092], [-173.323535, 66.954834], [-173.347363, 66.851367], [-173.258936, 66.840088], [-173.175391, 66.8646], [-173.228271, 66.968555], [-173.193018, 66.993604], [-172.962598, 66.942139], [-172.640576, 66.925], [-172.520117, 66.95249], [-173.001904, 67.033984], [-173.00752, 67.064893], [-171.795557, 66.931738], [-171.360498, 66.676758], [-170.92666, 66.529736], [-170.473096, 66.320264], [-170.604443, 66.248926], [-170.301221, 66.294043], [-170.191943, 66.20127], [-170.243945, 66.169287], [-169.777881, 66.143115], [-169.72915, 66.058105], [-169.831689, 65.998926], [-170.003809, 66.033496], [-170.159424, 66.008057], [-170.540674, 65.86543], [-170.560986, 65.65625], [-170.666309, 65.621533], [-171.001465, 65.664893], [-171.376855, 65.803955], [-171.451172, 65.794238], [-171.134424, 65.628076], [-171.054248, 65.549951], [-171.169971, 65.5021], [-171.46626, 65.533105], [-171.907129, 65.495947], [-171.957178, 65.54209], [-172.282275, 65.582324], [-172.435693, 65.669629], [-172.783301, 65.681055], [-172.556543, 65.612012], [-172.353955, 65.495996], [-172.417773, 65.449561], [-172.232812, 65.455713], [-172.211572, 65.425195], [-172.309277, 65.275635], [-172.661914, 65.248535], [-172.286035, 65.205713], [-172.223682, 65.128711], [-172.213184, 65.048145], [-172.592822, 64.907959], [-172.999121, 64.876611], [-173.066211, 64.847168], [-173.085791, 64.817334], [-172.998047, 64.837109], [-172.801074, 64.790527], [-172.924023, 64.704932], [-172.889062, 64.664014], [-172.900879, 64.628857], [-172.487402, 64.544189], [-172.37876, 64.431543], [-172.73916, 64.412256], [-172.791504, 64.498926], [-172.903174, 64.526074], [-172.949023, 64.507373], [-172.915869, 64.369434], [-173.009131, 64.297461], [-173.157422, 64.279736], [-173.275488, 64.289648], [-173.375684, 64.354883], [-173.375537, 64.4104], [-173.309229, 64.442676], [-173.32749, 64.539551], [-173.603613, 64.365479], [-173.729736, 64.364502], [-174.001367, 64.448975], [-174.318018, 64.637646], [-174.570557, 64.717773], [-175.036035, 64.813672], [-175.255908, 64.793994], [-175.442139, 64.816699], [-175.853857, 65.01084], [-175.830225, 65.105518], [-175.856152, 65.232812], [-175.922949, 65.35249], [-176.093262, 65.471045], [-177.05625, 65.613623], [-177.48877, 65.503711], [-178.4125, 65.495557], [-178.504639, 65.537207], [-178.525928, 65.593018], [-178.502344, 65.74043], [-178.791064, 65.864746], [-178.939063, 66.032764], [-178.746729, 66.013672], [-178.693799, 66.124219], [-178.586523, 66.198437], [-178.526563, 66.401562], [-178.868115, 66.187061], [-179.105078, 66.231934], [-179.106885, 66.346094], [-179.143408, 66.375049], [-179.192676, 66.312549], [-179.340137, 66.2875], [-179.327197, 66.162598], [-179.616162, 66.127881], [-179.683301, 66.184131], [-179.783643, 66.017969], [-179.789697, 65.900879], [-179.72832, 65.803809], [-179.365967, 65.638623], [-179.3521, 65.516748], [-179.70459, 65.187207], [-180.0, 65.067236], [-179.999951, 68.983447], [-179.59541, 68.906494], [-179.47085, 68.912402], [-179.279297, 68.825195], [-178.873877, 68.754102], [-178.538525, 68.585645], [-178.751465, 68.660449]]]}}, {"type": "Feature", "properties": {"kind": "land"}, "geometry": {"type": "Polygon", "coordinates": [[[-139.125732, 69.539307], [-139.291406, 69.597852], [-139.1396, 69.649609], [-138.878857, 69.589697], [-139.043115, 69.576904], [-139.125732, 69.539307]]]}}, {"type": "Feature", "properties": {"kind": "land"}, "geometry": {"type": "Polygon", "coordinates": [[[-177.498486, 71.219141], [-177.523584, 71.166895], [-177.821777, 71.067578], [-179.506689, 70.923438], [-180.0, 70.993018], [-180.0, 71.537744], [-179.111572, 71.596191], [-178.438965, 71.541162], [-177.584131, 71.281689], [-177.498486, 71.219141]]]}}, {"type": "Feature", "properties": {"kind": "land"}, "geometry": {"type": "Polygon", "coordinates": [[[-122.907959, 47.226123], [-122.885107, 47.274707], [-122.84917, 47.216309], [-122.862598, 47.185059], [-122.907959, 47.226123]]]}}, {"type": "Feature", "properties": {"kind": "land"}, "geometry": {"type": "Polygon", "coordinates": [[[-122.486475, 47.48877], [-122.39873, 47.37251], [-122.456982, 47.359326], [-122.468555, 47.390234], [-122.509912, 47.358008], [-122.486475, 47.48877]]]}}, {"type": "Feature", "properties": {"kind": "land"}, "geometry": {"type": "Polygon", "coordinates": [[[-122.502637, 47.575439], [-122.575928, 47.619482], [-122.549756, 47.703955], [-122.507861, 47.682666], [-122.502637, 47.575439]]]}}, {"type": "Feature", "properties": {"kind": "land"}, "geometry": {"type": "Polygon", "coordinates": [[[-122.55752, 47.99248], [-122.622656, 48.151416], [-122.690381, 48.173877], [-122.74873, 48.239014], [-122.628613, 48.384229], [-122.535547, 48.321191], [-122.542432, 48.293994], [-122.697021, 48.228662], [-122.597607, 48.200439], [-122.523828, 48.025439], [-122.502832, 48.080078], [-122.366748, 47.985449], [-122.366602, 47.938818], [-122.411426, 47.917725], [-122.55752, 47.99248]]]}}, {"type": "Feature", "properties": {"kind": "land"}, "geometry": {"type": "Polygon", "coordinates": [[[-122.820898, 48.431348], [-122.921631, 48.456934], [-122.912207, 48.537988], [-122.868896, 48.548633], [-122.820898, 48.431348]]]}}, {"type": "Feature", "properties": {"kind": "land"}, "geometry": {"type": "Polygon", "coordinates": [[[-122.986768, 48.468018], [-123.139941, 48.507959], [-123.162158, 48.606396], [-123.11416, 48.613281], [-122.986768, 48.468018]]]}}, {"type": "Feature", "properties": {"kind": "land"}, "geometry": {"type": "Polygon", "coordinates": [[[-123.002832, 48.652197], [-122.897705, 48.710352], [-122.768848, 48.650977], [-122.837598, 48.626562], [-122.903027, 48.664697], [-122.892529, 48.594482], [-123.002832, 48.652197]]]}}, {"type": "Feature", "properties": {"kind": "land"}, "geometry": {"type": "Polygon", "coordinates": [[[-123.406787, 48.756055], [-123.477246, 48.72876], [-123.517529, 48.750146], [-123.582324, 48.925781], [-123.467871, 48.867383], [-123.487549, 48.845703], [-123.406787, 48.756055]]]}}, {"type": "Feature", "properties": {"kind": "land"}, "geometry": {"type": "Polygon", "coordinates": [[[-123.541016, 48.945947], [-123.689258, 49.095117], [-123.372363, 48.886133], [-123.541016, 48.945947]]]}}, {"type": "Feature", "properties": {"kind": "land"}, "geometry": {"type": "Polygon", "coordinates": [[[-126.229639, 49.295654], [-126.208545, 49.379785], [-126.115283, 49.365039], [-126.064014, 49.263623], [-126.229639, 49.295654]]]}}, {"type": "Feature", "properties": {"kind": "land"}, "geometry": {"type": "Polygon", "coordinates": [[[-125.420459, 50.254639], [-124.934668, 49.731641], [-124.904639, 49.685352], [-124.930664, 49.643164], [-124.830615, 49.530078], [-124.642871, 49.428662], [-123.995801, 49.224023], [-123.854492, 49.119189], [-123.752295, 48.951221], [-123.626563, 48.824023], [-123.497021, 48.58208], [-123.443066, 48.690479], [-123.389893, 48.670215], [-123.283789, 48.455176], [-123.310645, 48.411035], [-123.445898, 48.427246], [-123.573145, 48.322803], [-123.916943, 48.386572], [-124.689404, 48.597314], [-125.120703, 48.760791], [-125.135693, 48.822412], [-124.849658, 49.028271], [-124.800244, 49.141553], [-124.812646, 49.212646], [-124.927344, 49.014209], [-125.362744, 48.998242], [-125.489453, 48.933789], [-125.828516, 49.091846], [-125.644238, 49.185791], [-125.728027, 49.199854], [-125.835449, 49.27666], [-125.95166, 49.248047], [-125.983838, 49.287891], [-125.9354, 49.401465], [-126.020312, 49.368018], [-126.099854, 49.421289], [-126.243604, 49.442676], [-126.304492, 49.382031], [-126.444531, 49.451123], [-126.519141, 49.396777], [-126.548535, 49.418945], [-126.563721, 49.543262], [-126.541895, 49.590479], [-126.134082, 49.672314], [-126.347559, 49.66084], [-126.462793, 49.720215], [-126.525244, 49.71958], [-126.683105, 49.876465], [-126.90332, 49.944141], [-126.9771, 49.882812], [-127.114307, 49.879736], [-127.195898, 49.94917], [-127.179639, 50.073145], [-127.249805, 50.137988], [-127.290039, 50.07085], [-127.349414, 50.051953], [-127.467139, 50.163428], [-127.863916, 50.127734], [-127.828174, 50.211426], [-127.83916, 50.293213], [-127.962939, 50.345996], [-127.905859, 50.445215], [-127.641406, 50.479102], [-127.486523, 50.404639], [-127.529004, 50.536768], [-127.465918, 50.583105], [-127.751465, 50.607373], [-127.731152, 50.535742], [-127.864697, 50.498877], [-128.05835, 50.498486], [-128.267432, 50.609277], [-128.349902, 50.696582], [-128.346045, 50.744238], [-128.241553, 50.828174], [-127.918066, 50.860547], [-126.700928, 50.515527], [-125.534326, 50.34248], [-125.420459, 50.254639]]]}}, {"type": "Feature", "properties": {"kind": "land"}, "geometry": {"type": "Polygon", "coordinates": [[[-124.547168, 49.764941], [-124.309131, 49.667285], [-124.139795, 49.510352], [-124.457227, 49.634229], [-124.649854, 49.75835], [-124.547168, 49.764941]]]}}, {"type": "Feature", "properties": {"kind": "land"}, "geometry": {"type": "Polygon", "coordinates": [[[-126.826074, 49.872363], [-126.738135, 49.843652], [-126.649902, 49.745801], [-126.641211, 49.605811], [-126.814209, 49.64209], [-126.95127, 49.735693], [-126.896875, 49.78291], [-126.92583, 49.837744], [-126.826074, 49.872363]]]}}, {"type": "Feature", "properties": {"kind": "land"}, "geometry": {"type": "Polygon", "coordinates": [[[-124.907471, 50.083984], [-125.001563, 50.020752], [-125.025977, 50.134082], [-124.99082, 50.217139], [-124.907471, 50.083984]]]}}, {"type": "Feature", "properties": {"kind": "land"}, "geometry": {"type": "Polygon", "coordinates": [[[-125.195996, 50.389746], [-125.074023, 50.220654], [-125.184131, 50.097119], [-125.195117, 50.044336], [-125.358447, 50.311523], [-125.301172, 50.414062], [-125.260937, 50.417822], [-125.195996, 50.389746]]]}}, {"type": "Feature", "properties": {"kind": "land"}, "geometry": {"type": "Polygon", "coordinates": [[[-128.031738, 51.708398], [-127.916357, 51.585449], [-127.94126, 51.457178], [-128.091797, 51.511133], [-128.148779, 51.626709], [-128.031738, 51.708398]]]}}, {"type": "Feature", "properties": {"kind": "land"}, "geometry": {"type": "Polygon", "coordinates": [[[-128.247266, 52.784375], [-128.343555, 52.426074], [-128.44541, 52.3875], [-128.4125, 52.472852], [-128.439795, 52.696387], [-128.364893, 52.781885], [-128.247266, 52.784375]]]}}, {"type": "Feature", "properties": {"kind": "land"}, "geometry": {"type": "Polygon", "coordinates": [[[-129.186182, 52.79126], [-128.940332, 52.600732], [-128.936865, 52.51001], [-128.968701, 52.464258], [-129.151025, 52.605322], [-129.250488, 52.722168], [-129.263525, 52.800781], [-129.186182, 52.79126]]]}}, {"type": "Feature", "properties": {"kind": "land"}, "geometry": {"type": "Polygon", "coordinates": [[[-128.746338, 52.763379], [-128.831201, 52.678809], [-128.899805, 52.673828], [-129.022852, 52.755957], [-129.084717, 52.822461], [-129.094873, 52.891846], [-129.175928, 52.964941], [-129.177686, 53.01792], [-129.111084, 53.090674], [-129.033252, 53.279932], [-128.857715, 53.228564], [-128.632666, 53.1125], [-128.552441, 52.939746], [-128.509912, 52.518604], [-128.678955, 52.289648], [-128.730908, 52.356543], [-128.766455, 52.598389], [-128.746338, 52.763379]]]}}, {"type": "Feature", "properties": {"kind": "land"}, "geometry": {"type": "Polygon", "coordinates": [[[-129.343506, 53.052783], [-129.328711, 52.984229], [-129.409717, 53.02373], [-129.514746, 53.179395], [-129.450732, 53.174707], [-129.343506, 53.052783]]]}}, {"type": "Feature", "properties": {"kind": "land"}, "geometry": {"type": "Polygon", "coordinates": [[[-129.195215, 53.293213], [-129.167725, 53.117871], [-129.305713, 53.121143], [-129.33125, 53.173975], [-129.251172, 53.316699], [-129.195215, 53.293213]]]}}, {"type": "Feature", "properties": {"kind": "land"}, "geometry": {"type": "Polygon", "coordinates": [[[-130.452002, 53.631152], [-129.944727, 53.436377], [-129.754834, 53.244775], [-129.768945, 53.217285], [-129.848584, 53.16792], [-129.934375, 53.17666], [-130.151416, 53.345703], [-130.517578, 53.544238], [-130.452002, 53.631152]]]}}, {"type": "Feature", "properties": {"kind": "land"}, "geometry": {"type": "Polygon", "coordinates": [[[-130.624609, 53.941406], [-130.663574, 53.847559], [-130.703174, 53.892236], [-130.695703, 53.95127], [-130.447998, 54.089014], [-130.315869, 54.046924], [-130.236279, 53.958545], [-130.384229, 53.843945], [-130.470264, 53.861768], [-130.589844, 53.940283], [-130.624609, 53.941406]]]}}, {"type": "Feature", "properties": {"kind": "land"}, "geometry": {"type": "Polygon", "coordinates": [[[-93.256348, 71.46084], [-92.948682, 71.262109], [-92.882715, 71.069336], [-92.904199, 70.916064], [-92.981445, 70.852246], [-92.355811, 70.634277], [-92.214453, 70.49292], [-92.049121, 70.389648], [-92.072607, 70.31875], [-92.047363, 70.30332], [-91.983545, 70.285547], [-91.82041, 70.34165], [-91.76084, 70.32627], [-91.564062, 70.178271], [-91.616113, 70.147852], [-91.858594, 70.132666], [-92.121045, 70.169922], [-92.320508, 70.235352], [-92.511865, 70.103857], [-92.127002, 70.084521], [-91.976709, 70.038672], [-92.887793, 69.668213], [-92.31167, 69.6729], [-92.230762, 69.653369], [-92.258301, 69.634326], [-92.209082, 69.60332], [-91.911963, 69.53125], [-91.724121, 69.545605], [-91.384229, 69.649463], [-91.201807, 69.644775], [-91.150879, 69.637158], [-91.439941, 69.525684], [-90.66665, 69.515527], [-90.450537, 69.475439], [-90.415576, 69.456982], [-90.683984, 69.427734], [-90.79458, 69.346729], [-90.822119, 69.290479], [-90.892285, 69.267285], [-91.00498, 69.2771], [-91.057764, 69.318408], [-91.237207, 69.285547], [-90.744775, 69.105908], [-90.479004, 68.881152], [-90.538965, 68.81958], [-90.510156, 68.688867], [-90.573633, 68.474707], [-90.204785, 68.257471], [-89.897705, 68.490771], [-89.884229, 68.625586], [-89.783105, 68.735938], [-89.666602, 69.0146], [-89.279541, 69.255469], [-89.056738, 69.266113], [-88.637744, 69.058838], [-88.223535, 68.915039], [-88.041357, 68.811719], [-87.964355, 68.709277], [-87.911523, 68.564697], [-87.827734, 68.448096], [-87.813574, 68.345703], [-87.892676, 68.248145], [-88.111133, 68.251172], [-88.235254, 68.339062], [-88.346973, 68.288281], [-88.313818, 67.950342], [-88.195898, 67.76582], [-87.499121, 67.355322], [-87.41792, 67.21416], [-87.359375, 67.177246], [-87.26626, 67.183838], [-86.923926, 67.35625], [-86.560791, 67.482129], [-86.475537, 67.713135], [-86.398047, 67.800098], [-85.952588, 68.072461], [-85.731104, 68.44502], [-85.744873, 68.578271], [-85.689795, 68.670947], [-85.491064, 68.773975], [-85.275098, 68.741357], [-84.867578, 68.77334], [-85.106641, 68.844043], [-85.083398, 68.90791], [-84.916064, 68.962256], [-84.862207, 69.073975], [-85.113525, 69.165869], [-85.275488, 69.172314], [-85.386768, 69.231885], [-85.431934, 69.353857], [-85.402246, 69.426758], [-85.437207, 69.488232], [-85.415967, 69.547754], [-85.502441, 69.651514], [-85.446094, 69.777783], [-85.534814, 69.835059], [-85.507373, 69.845264], [-85.019824, 69.804785], [-84.645117, 69.849707], [-84.318799, 69.843701], [-83.665332, 69.699707], [-82.618359, 69.691064], [-82.37417, 69.641797], [-82.495703, 69.532227], [-82.754834, 69.494385], [-82.309863, 69.41001], [-82.208154, 69.297021], [-82.246777, 69.26499], [-82.227539, 69.248877], [-81.951807, 69.276074], [-81.377832, 69.185645], [-81.328662, 69.119922], [-81.611426, 69.003027], [-81.95166, 68.909082], [-81.95791, 68.883643], [-81.380908, 68.850049], [-81.263525, 68.780615], [-81.25249, 68.743164], [-81.281543, 68.657227], [-81.526855, 68.555957], [-81.914844, 68.458789], [-82.210156, 68.50625], [-82.49873, 68.478613], [-82.552686, 68.446484], [-82.412988, 68.357178], [-82.392871, 68.33833], [-82.422705, 68.296582], [-82.222412, 68.145264], [-82.151318, 68.139697], [-82.0125, 68.193896], [-82.102148, 68.018896], [-82.062549, 67.928174], [-81.869336, 67.80249], [-81.412305, 67.595361], [-81.294336, 67.497412], [-81.270117, 67.459912], [-81.301074, 67.356982], [-81.467578, 67.069873], [-81.630078, 67.002002], [-81.925537, 66.974707], [-82.260547, 66.739111], [-82.641504, 66.5875], [-82.948877, 66.55083], [-83.298389, 66.392139], [-83.406445, 66.37124], [-83.590283, 66.387842], [-83.651074, 66.484619], [-83.998047, 66.728516], [-84.208008, 66.736328], [-84.324365, 66.781787], [-84.361084, 66.822559], [-84.272559, 66.839209], [-84.538477, 66.972803], [-84.845752, 67.028711], [-85.113721, 66.906934], [-85.018262, 66.87207], [-84.857373, 66.940674], [-84.737744, 66.933594], [-84.223047, 66.682471], [-84.094238, 66.526221], [-83.82583, 66.28999], [-83.797559, 66.238477], [-83.869043, 66.213574], [-84.293066, 66.291797], [-84.398438, 66.25874], [-84.478418, 66.179297], [-84.628076, 66.207715], [-85.096191, 66.325342], [-85.442236, 66.537354], [-85.603857, 66.568262], [-86.063232, 66.520361], [-86.708154, 66.523047], [-86.737109, 66.510889], [-86.688623, 66.457471], [-86.746973, 66.41709], [-86.685107, 66.3604], [-86.113086, 66.225293], [-86.00083, 66.186816], [-85.95874, 66.119043], [-86.042871, 66.022559], [-87.081104, 65.44082], [-87.291455, 65.354834], [-87.452881, 65.338965], [-87.969971, 65.348926], [-88.672461, 65.611572], [-88.743945, 65.67876], [-89.087744, 65.738965], [-89.420361, 65.860791], [-89.749414, 65.936035], [-89.943994, 65.933594], [-89.847754, 65.872266], [-89.889697, 65.868555], [-90.31626, 65.926367], [-91.009521, 65.965723], [-91.427246, 65.9479], [-91.041113, 65.829834], [-91.064941, 65.899902], [-90.983447, 65.919238], [-89.924072, 65.780273], [-89.600391, 65.647754], [-89.241748, 65.446387], [-88.974023, 65.348291], [-88.197803, 65.279883], [-87.391943, 65.260547], [-87.027539, 65.198096], [-87.002686, 65.108594], [-87.028516, 65.063623], [-87.280518, 64.826172], [-87.88501, 64.400439], [-87.997559, 64.243945], [-88.105615, 64.183301], [-88.653027, 64.009375], [-88.817725, 63.992236], [-89.059619, 64.034424], [-89.200635, 64.11377], [-89.107666, 63.981104], [-89.131543, 63.968506], [-89.403516, 64.03999], [-89.500928, 64.014502], [-89.61582, 64.030615], [-89.763818, 64.099512], [-89.811328, 64.180566], [-90.04165, 64.140869], [-90.080029, 64.127734], [-89.953564, 64.080615], [-89.855713, 63.956982], [-90.168164, 63.97876], [-90.013428, 63.804297], [-90.154736, 63.689648], [-90.368848, 63.624414], [-90.596387, 63.661279], [-90.706836, 63.596924], [-90.811914, 63.580908], [-91.108057, 63.617822], [-91.538818, 63.725586], [-91.926025, 63.75708], [-91.956006, 63.772314], [-91.928906, 63.812451], [-91.982227, 63.822412], [-92.094873, 63.784424], [-92.338428, 63.787646], [-93.429688, 64.028809], [-93.696338, 64.147168], [-93.596729, 64.040576], [-93.66416, 63.941406], [-93.559814, 63.865283], [-93.270215, 63.840869], [-93.380273, 63.900049], [-93.405859, 63.941211], [-93.378516, 63.948486], [-92.156885, 63.691699], [-92.465088, 63.555078], [-92.289551, 63.562988], [-91.841846, 63.697559], [-91.330078, 63.506836], [-90.970068, 63.442773], [-90.746582, 63.351562], [-90.711279, 63.304053], [-90.698584, 63.063867], [-90.777881, 62.971631], [-91.114893, 62.921582], [-91.448975, 62.804053], [-92.034229, 62.863428], [-92.361279, 62.819385], [-92.377734, 62.772412], [-92.305176, 62.71167], [-91.955859, 62.644775], [-91.93584, 62.592383], [-92.007861, 62.540527], [-92.269531, 62.586963], [-92.551416, 62.546729], [-92.594971, 62.470068], [-92.767969, 62.37998], [-92.765967, 62.349951], [-92.627441, 62.279053], [-92.527979, 62.168408], [-92.86582, 62.306201], [-93.205371, 62.364941], [-92.987793, 62.285938], [-92.905518, 62.215137], [-93.065869, 62.149756], [-93.01626, 62.092676], [-93.073389, 62.060547], [-93.349756, 62.029785], [-93.366357, 62.014551], [-93.273438, 61.961084], [-93.333057, 61.93291], [-93.581787, 61.942041], [-93.494238, 61.846924], [-93.312012, 61.767285], [-93.709668, 61.602539], [-93.912744, 61.481445], [-93.940869, 61.443652], [-93.888818, 61.344043], [-93.941992, 61.308008], [-94.083447, 61.303662], [-94.049951, 61.211279], [-94.067773, 61.138867], [-94.509375, 60.604541], [-94.568896, 60.541992], [-94.67876, 60.537695], [-94.761719, 60.498242], [-94.646777, 60.416406], [-94.785791, 59.95332], [-94.788281, 59.267871], [-94.870264, 59.087988], [-94.957324, 59.068848], [-94.776172, 59.020605], [-94.673389, 58.870117], [-94.579199, 58.868457], [-94.419238, 58.745508], [-94.287061, 58.716016], [-94.332227, 58.297363], [-94.272168, 58.378027], [-94.208936, 58.626367], [-94.123193, 58.736719], [-93.780029, 58.772559], [-93.278125, 58.756396], [-93.17876, 58.725635], [-93.100195, 58.489844], [-92.841748, 58.075879], [-92.70166, 57.777783], [-92.489648, 57.468604], [-92.432812, 57.320312], [-92.478369, 57.205273], [-92.614111, 57.039014], [-92.798145, 56.921973], [-92.456299, 57.036719], [-92.303369, 57.04585], [-92.355713, 56.970605], [-91.111279, 57.241211], [-90.897461, 57.256934], [-90.592187, 57.224463], [-89.79082, 56.981348], [-88.826465, 56.814258], [-88.44707, 56.608691], [-88.075098, 56.467285], [-87.482422, 56.021289], [-86.919385, 55.914551], [-85.67666, 55.601074], [-85.218018, 55.348975], [-85.212012, 55.297461], [-85.365283, 55.079297], [-85.213574, 55.224365], [-85.060937, 55.285645], [-84.517969, 55.258887], [-83.910596, 55.314648], [-83.214355, 55.2146], [-82.986279, 55.231396], [-82.867773, 55.160693], [-82.577441, 55.14873], [-82.393262, 55.067822], [-82.308252, 54.998145], [-82.219385, 54.813477], [-82.418066, 54.355811], [-82.42417, 54.24458], [-82.394141, 54.180469], [-82.239893, 54.044824], [-82.141455, 53.817627], [-82.190625, 53.610937], [-82.146191, 53.3646], [-82.15918, 53.26416], [-82.259912, 53.159814], [-82.291553, 53.030713], [-82.260449, 52.961133], [-82.02002, 52.811621], [-81.599414, 52.432617], [-81.57168, 52.367285], [-81.611523, 52.324072], [-81.827881, 52.224219], [-81.549512, 52.236768], [-81.466211, 52.204492], [-81.285059, 52.089209], [-80.968506, 51.972217], [-80.657959, 51.75835], [-80.49585, 51.525098], [-80.443311, 51.388574], [-80.672705, 51.264746], [-80.851221, 51.125], [-80.47832, 51.307324], [-80.367969, 51.329883], [-80.103564, 51.282861], [-79.83623, 51.17334], [-79.3479, 50.762646], [-79.452637, 50.917285], [-79.714453, 51.117578], [-79.737451, 51.186279], [-79.688818, 51.346582], [-79.497559, 51.569922], [-79.296973, 51.622803], [-79.264258, 51.552002], [-79.040527, 51.46377], [-78.903174, 51.200293], [-78.858008, 51.383936], [-78.731348, 51.497461], [-78.977734, 51.733789], [-78.981641, 51.774561], [-78.927881, 51.798828], [-78.828223, 51.962988], [-78.702002, 52.032715], [-78.537354, 52.213281], [-78.448096, 52.261377], [-78.526074, 52.310693], [-78.55708, 52.491895], [-78.744141, 52.655371], [-78.765771, 52.760059], [-78.72168, 52.856445], [-78.898242, 53.043359], [-78.992041, 53.410352], [-79.100342, 53.656641], [-79.113135, 53.717188], [-79.040332, 53.817969], [-78.945703, 53.831592], [-79.075146, 53.932373], [-78.996045, 54.00249], [-79.067139, 54.051953], [-79.241797, 54.098877], [-79.138818, 54.157227], [-79.356152, 54.263379], [-79.475977, 54.394775], [-79.597949, 54.60166], [-79.712354, 54.671826], [-78.475049, 55.011035], [-77.775293, 55.29126], [-77.165088, 55.663525], [-76.761816, 55.996436], [-76.604053, 56.199561], [-76.529834, 56.499951], [-76.525586, 56.891797], [-76.572852, 57.181201], [-76.65542, 57.380566], [-76.890918, 57.758105], [-77.156787, 58.018896], [-77.552441, 58.2396], [-78.013574, 58.39917], [-78.351709, 58.580664], [-78.462988, 58.602441], [-78.505908, 58.649121], [-78.502295, 58.769092], [-78.430518, 58.901758], [-78.067676, 59.200195], [-77.842822, 59.305029], [-77.760693, 59.380029], [-77.859033, 59.475781], [-77.733496, 59.580957], [-77.726172, 59.675879], [-77.59043, 59.680518], [-77.39668, 59.569238], [-77.349072, 59.578955], [-77.485303, 59.68457], [-77.331641, 59.796631], [-77.372949, 59.925098], [-77.289209, 60.022021], [-77.585889, 60.088184], [-77.452881, 60.145801], [-77.681445, 60.4271], [-77.598145, 60.506738], [-77.503564, 60.542725], [-77.71499, 60.577783], [-77.79082, 60.639844], [-77.660645, 60.789502], [-77.589551, 60.808594], [-77.603027, 60.825195], [-77.871533, 60.78584], [-78.181348, 60.819141], [-77.765039, 61.15752], [-77.726807, 61.230664], [-77.736182, 61.437354], [-77.514355, 61.556299], [-77.889893, 61.728711], [-78.021387, 61.83208], [-78.137158, 62.107373], [-78.133398, 62.282275], [-78.068115, 62.35542], [-77.899902, 62.426563], [-77.603955, 62.531396], [-77.372412, 62.57251], [-76.879395, 62.525391], [-75.816895, 62.315869], [-75.675537, 62.249512], [-75.809229, 62.193408], [-75.789844, 62.17959], [-75.341211, 62.312109], [-75.022754, 62.264453], [-74.632568, 62.115674], [-74.612891, 62.125195], [-74.689893, 62.183447], [-74.645801, 62.211133], [-73.705078, 62.473145], [-73.298975, 62.325049], [-72.881836, 62.125391], [-72.686963, 62.124561], [-72.632129, 62.027246], [-72.771631, 61.84043], [-72.505566, 61.922656], [-72.226123, 61.831592], [-72.040039, 61.680273], [-72.082031, 61.641406], [-72.24707, 61.602051], [-72.215869, 61.587256], [-72.023096, 61.611963], [-71.866113, 61.688525], [-71.638281, 61.617188], [-71.604785, 61.592383], [-71.619434, 61.5729], [-71.755762, 61.526758], [-71.854395, 61.439795], [-71.645312, 61.413135], [-71.732129, 61.37207], [-71.743457, 61.337256], [-71.422705, 61.158936], [-71.175146, 61.146533], [-70.723242, 61.055176], [-70.279297, 61.068652], [-70.157959, 61.020654], [-70.145898, 60.921826], [-70.095312, 60.880273], [-69.992432, 60.856494], [-69.708398, 60.914648], [-69.623633, 61.049512], [-69.556982, 61.059668], [-69.471924, 61.010937], [-69.404736, 60.846777], [-69.640479, 60.689795], [-69.75127, 60.487451], [-69.740576, 60.332275], [-69.62876, 60.198584], [-69.629785, 60.122119], [-69.67373, 60.075879], [-69.795654, 60.029736], [-69.962842, 60.017822], [-70.654834, 60.026221], [-70.619727, 59.984277], [-69.805664, 59.944873], [-69.733936, 59.918018], [-69.630225, 59.821826], [-69.579395, 59.675098], [-69.692383, 59.488428], [-69.710889, 59.392529], [-69.681885, 59.341748], [-69.4, 59.337793], [-69.344043, 59.303076], [-69.450488, 59.180029], [-69.414111, 59.086865], [-69.531641, 58.869238], [-69.648389, 58.820801], [-69.78418, 58.955713], [-69.867578, 58.856152], [-70.159961, 58.789404], [-70.154346, 58.760596], [-69.789893, 58.689307], [-69.271094, 58.883936], [-68.698193, 58.904541], [-68.474902, 58.823486], [-68.381152, 58.743506], [-68.326465, 58.59541], [-68.252979, 58.556641], [-68.229395, 58.48457], [-68.233887, 58.399219], [-68.356543, 58.163232], [-68.468164, 58.076318], [-68.945312, 57.968799], [-69.04082, 57.90249], [-68.780957, 57.97583], [-68.495068, 58.01167], [-68.413574, 58.051758], [-68.289111, 58.177686], [-68.175537, 58.402588], [-68.111035, 58.47334], [-68.021045, 58.485303], [-67.888281, 58.295752], [-68.063867, 58.138965], [-67.855859, 58.272607], [-67.755957, 58.40459], [-67.689697, 58.243799], [-67.678271, 57.991113], [-67.569629, 58.213477], [-67.019434, 58.43291], [-66.722168, 58.491016], [-66.60791, 58.548926], [-66.47998, 58.730908], [-66.362402, 58.791162], [-66.237402, 58.772266], [-66.090918, 58.659033], [-66.029541, 58.566797], [-66.002393, 58.431201], [-65.9229, 58.571973], [-66.043066, 58.820654], [-65.854834, 58.846631], [-65.835938, 58.860498], [-65.920703, 58.914648], [-65.841406, 58.977051], [-65.703564, 58.970605], [-65.720996, 59.023779], [-65.543994, 59.011865], [-65.383545, 59.060205], [-65.60625, 59.110742], [-65.7, 59.21333], [-65.607129, 59.213135], [-65.512793, 59.350391], [-65.411719, 59.31499], [-65.489355, 59.447754], [-65.475098, 59.470312], [-65.349707, 59.478809], [-65.038232, 59.387891], [-65.407422, 59.539355], [-65.486475, 59.648682], [-65.433398, 59.776514], [-65.28877, 59.818066], [-65.054492, 59.752783], [-65.028174, 59.770703], [-65.159229, 59.830127], [-65.171729, 59.908008], [-64.93125, 60.252002], [-64.817334, 60.331055], [-64.705859, 60.336133], [-64.499414, 60.268262], [-64.436328, 60.228125], [-64.41958, 60.171387], [-64.527734, 60.094531], [-64.768457, 60.012109], [-64.283496, 60.064062], [-64.182861, 59.972949], [-64.168799, 59.846533], [-64.226318, 59.741211], [-64.056055, 59.822559], [-63.978711, 59.753711], [-63.928809, 59.644922], [-63.750195, 59.512598], [-63.970703, 59.409082], [-63.945459, 59.380176], [-63.780859, 59.349268], [-63.758594, 59.318652], [-63.775879, 59.277148], [-63.6375, 59.341455], [-63.539893, 59.332861], [-63.415137, 59.194385], [-63.506201, 59.115186], [-63.645508, 59.078906], [-63.971143, 59.053809], [-63.941016, 59.027393], [-63.793652, 59.027002], [-63.398975, 59.079639], [-63.248437, 59.068311], [-63.22251, 59.057178], [-63.309863, 59.026465], [-63.216406, 58.927979], [-63.282129, 58.867383], [-63.050293, 58.878174], [-62.926074, 58.765039], [-62.873877, 58.672461], [-63.102344, 58.545752], [-63.389941, 58.452539], [-63.537061, 58.329932], [-63.473633, 58.330664], [-63.209961, 58.466943], [-63.119531, 58.441748], [-63.132129, 58.41084], [-62.737305, 58.492188], [-62.607861, 58.496387], [-62.593848, 58.474023], [-62.674316, 58.319189], [-62.812061, 58.200391], [-63.062793, 58.1271], [-63.261523, 58.014697], [-63.22002, 58.002148], [-62.817529, 58.129248], [-62.48623, 58.154053], [-62.305664, 57.972266], [-62.117432, 57.964111], [-61.958643, 57.911768], [-61.899072, 57.861328], [-61.994922, 57.769434], [-61.93125, 57.668555], [-61.967969, 57.611914], [-62.338574, 57.484521], [-62.495557, 57.489209], [-62.396484, 57.448193], [-62.088086, 57.452832], [-61.921143, 57.420801], [-61.849805, 57.37041], [-61.977441, 57.247949], [-61.86084, 57.197559], [-61.628516, 57.183154], [-61.33374, 57.010596], [-61.390479, 56.852979], [-61.371631, 56.680811], [-61.531689, 56.65459], [-62.0625, 56.699072], [-62.381738, 56.787695], [-62.295801, 56.832812], [-62.497266, 56.801709], [-62.395508, 56.730029], [-62.116504, 56.666846], [-61.991602, 56.59082], [-61.854932, 56.584277], [-61.737744, 56.526025], [-61.899414, 56.50542], [-62.009668, 56.453857], [-61.94043, 56.423584], [-61.425293, 56.360645], [-61.707129, 56.288721], [-61.713086, 56.230957], [-61.364697, 56.216016], [-61.301123, 56.047168], [-61.448926, 56.022363], [-61.449512, 55.995703], [-61.187891, 55.955371], [-61.089355, 55.866357], [-60.995752, 55.862354], [-60.831836, 55.957861], [-60.743262, 55.941455], [-60.736621, 55.886963], [-60.592578, 55.814844], [-60.562109, 55.727002], [-60.47583, 55.805127], [-60.341016, 55.784668], [-60.408301, 55.649561], [-60.192383, 55.480908], [-60.360937, 55.366309], [-60.450098, 55.199951], [-60.617139, 55.060205], [-60.212549, 55.236426], [-59.930322, 55.259424], [-59.758789, 55.30957], [-59.695508, 55.269141], [-59.689062, 55.196338], [-59.437891, 55.175928], [-59.741699, 54.942578], [-59.837793, 54.813965], [-59.428564, 55.055518], [-59.25957, 55.199951], [-58.997119, 55.149463], [-58.885791, 54.952246], [-58.780176, 54.838379], [-58.398145, 54.774121], [-58.222852, 54.812695], [-58.195264, 54.865918], [-57.962451, 54.875732], [-57.929297, 54.773145], [-57.826855, 54.718652], [-57.626611, 54.650342], [-57.483008, 54.640283], [-57.404492, 54.590869], [-57.563232, 54.44043], [-57.699268, 54.386572], [-58.151367, 54.350439], [-58.219727, 54.286475], [-58.435205, 54.228125], [-58.633203, 54.049561], [-58.920215, 54.033105], [-59.038818, 53.963623], [-59.496533, 53.83418], [-59.823047, 53.834424], [-60.056543, 53.73335], [-60.144922, 53.596143], [-60.39541, 53.65332], [-60.369531, 53.607471], [-60.100293, 53.486963], [-60.290283, 53.391455], [-60.305762, 53.360107], [-60.251172, 53.343555], [-60.345703, 53.289014], [-60.329492, 53.266113], [-60.14834, 53.306543], [-59.829053, 53.504541], [-59.621094, 53.536816], [-59.322266, 53.64375], [-58.91958, 53.875293], [-58.652051, 53.977881], [-57.928271, 54.103564], [-58.177441, 54.131299], [-58.31748, 54.114453], [-58.360791, 54.154492], [-58.309961, 54.20166], [-58.19209, 54.228174], [-57.416064, 54.162744], [-57.198877, 53.924365], [-57.134961, 53.791846], [-57.243994, 53.715479], [-57.524072, 53.611426], [-57.386133, 53.560547], [-57.331738, 53.469092], [-57.012158, 53.672607], [-56.840869, 53.739453], [-56.524316, 53.766455], [-56.46499, 53.765039], [-56.354004, 53.624463], [-56.110156, 53.587598], [-55.966113, 53.471143], [-55.859375, 53.343896], [-55.854785, 53.28584], [-55.797949, 53.211963], [-55.808203, 53.134668], [-55.892334, 53.000439], [-55.829883, 52.878418], [-55.87251, 52.735693], [-55.802832, 52.643164], [-56.292383, 52.573779], [-56.324902, 52.544531], [-56.052588, 52.537402], [-55.746484, 52.474561], [-55.705957, 52.428271], [-55.716211, 52.391504], [-55.777148, 52.364258], [-56.011719, 52.394482], [-55.691064, 52.241602], [-55.672803, 52.190137], [-55.695215, 52.137793], [-56.01748, 51.929297], [-56.975977, 51.457666], [-57.46167, 51.469092], [-57.76958, 51.425928], [-58.089404, 51.310986], [-58.510352, 51.295068], [-58.593262, 51.257129], [-58.637598, 51.17168], [-59.165381, 50.779883], [-59.378027, 50.675439], [-59.611914, 50.49209], [-59.815332, 50.418262], [-59.886328, 50.316406], [-60.080176, 50.25459], [-60.608203, 50.221143], [-60.807227, 50.249805], [-60.956299, 50.20542], [-61.289746, 50.201953], [-61.724854, 50.104053], [-61.919531, 50.232861], [-62.71543, 50.30166], [-63.135645, 50.293799], [-63.238623, 50.242578], [-63.58667, 50.258203], [-63.853955, 50.314355], [-64.17041, 50.269434], [-64.508936, 50.308936], [-64.867871, 50.275488], [-65.268604, 50.32002], [-65.762451, 50.259277], [-65.955371, 50.294141], [-66.125537, 50.201025], [-66.495508, 50.211865], [-66.740869, 50.065527], [-66.941162, 49.993701], [-67.234375, 49.601758], [-67.261914, 49.451172], [-67.372021, 49.348437], [-68.05625, 49.256787], [-68.281934, 49.197168], [-68.220605, 49.149658], [-68.543848, 49.056152], [-68.627881, 49.007178], [-68.669043, 48.939502], [-68.929053, 48.828955], [-69.230762, 48.573633], [-69.374951, 48.386426], [-69.550098, 48.250781], [-69.673877, 48.19917], [-69.851709, 48.207373], [-70.383691, 48.366504], [-71.018262, 48.455615], [-70.83877, 48.367383], [-70.500635, 48.354346], [-69.971191, 48.205762], [-69.865527, 48.172266], [-69.775, 48.098096], [-69.905566, 47.832227], [-69.994434, 47.739893], [-70.448047, 47.423437], [-70.705859, 47.139795], [-71.115625, 46.924951], [-71.267773, 46.795947], [-71.757275, 46.673584], [-71.87959, 46.686816], [-72.204639, 46.558887], [-72.256641, 46.485059], [-72.680127, 46.287305], [-72.981006, 46.209717], [-73.021924, 46.120264], [-73.14541, 46.066309], [-73.283545, 45.899854], [-73.476611, 45.738232], [-73.711865, 45.711182], [-73.897412, 45.56416], [-74.037842, 45.501855], [-74.315088, 45.531055], [-73.999609, 45.43335], [-73.973828, 45.345117], [-74.098096, 45.324023], [-74.358301, 45.206396], [-74.708887, 45.003857], [-74.566309, 45.041602], [-74.269043, 45.188281], [-74.049805, 45.241406], [-73.764648, 45.395459], [-73.558105, 45.425098], [-73.518799, 45.458984], [-73.465283, 45.632324], [-73.15957, 46.010059], [-72.989941, 46.103613], [-72.733447, 46.181836], [-72.496191, 46.352686], [-72.240137, 46.44209], [-72.109277, 46.551221], [-71.900928, 46.631934], [-71.671289, 46.65376], [-71.261182, 46.75625], [-71.152002, 46.819092], [-70.519482, 47.03252], [-70.388086, 47.116943], [-70.217773, 47.289844], [-70.06958, 47.377783], [-70.017139, 47.471436], [-69.581055, 47.823682], [-69.471045, 47.967285], [-68.815674, 48.366016], [-68.552002, 48.457324], [-68.238184, 48.626416], [-67.560889, 48.855957], [-66.598096, 49.126367], [-66.178174, 49.213135], [-65.523389, 49.266162], [-64.836328, 49.191748], [-64.567725, 49.104785], [-64.216211, 48.873633], [-64.208789, 48.806201], [-64.513721, 48.841113], [-64.246094, 48.691113], [-64.25376, 48.550391], [-64.348828, 48.423193], [-64.633154, 48.360498], [-64.82207, 48.196484], [-65.259424, 48.02124], [-65.475879, 48.031494], [-65.926709, 48.188867], [-66.083105, 48.102686], [-66.448975, 48.119629], [-66.704395, 48.022461], [-66.359619, 48.060645], [-66.210205, 47.988574], [-65.849414, 47.911035], [-65.755713, 47.859766], [-65.666455, 47.696143], [-65.607227, 47.67002], [-65.483496, 47.687012], [-65.228174, 47.811279], [-65.00166, 47.846826], [-65.046387, 47.793018], [-64.873975, 47.797217], [-64.703223, 47.724854], [-64.852148, 47.569873], [-64.912207, 47.368652], [-65.318896, 47.101221], [-65.19209, 47.049561], [-65.042383, 47.088818], [-64.831396, 47.060791], [-64.905762, 46.887939], [-64.816699, 46.698682], [-64.725879, 46.671436], [-64.641357, 46.425586], [-64.647852, 46.355957], [-64.556836, 46.311426], [-64.541504, 46.240332], [-63.915918, 46.16582], [-63.831934, 46.107178], [-64.056396, 46.021338], [-63.702881, 45.858008], [-63.509229, 45.874707], [-63.292773, 45.751953], [-63.10791, 45.782422], [-62.700684, 45.740576], [-62.750098, 45.648242], [-62.585645, 45.660693], [-62.483057, 45.621826], [-61.955518, 45.868164], [-61.923584, 45.851172], [-61.877246, 45.714209], [-61.776514, 45.655615], [-61.656885, 45.642187], [-61.492285, 45.687012], [-61.350488, 45.573682], [-61.277051, 45.476025], [-61.281982, 45.441064], [-61.460986, 45.366699], [-61.106738, 45.348633], [-61.031543, 45.291748], [-61.101074, 45.233447], [-61.165332, 45.256104], [-61.283789, 45.235498], [-62.514014, 44.843652], [-63.031836, 44.714795], [-63.155713, 44.711328], [-63.306299, 44.642578], [-63.456836, 44.639941], [-63.604004, 44.683203], [-63.544824, 44.54375], [-63.609766, 44.47998], [-63.820654, 44.510645], [-63.999707, 44.644922], [-64.100879, 44.487451], [-64.166992, 44.58667], [-64.286084, 44.550342], [-64.338525, 44.444873], [-64.275684, 44.334082], [-64.33457, 44.291992], [-64.378223, 44.303564], [-64.468799, 44.185156], [-64.578467, 44.142041], [-64.862354, 43.867871], [-65.086816, 43.727197], [-65.234912, 43.726758], [-65.32959, 43.668115], [-65.344287, 43.549609], [-65.428516, 43.561426], [-65.481689, 43.518066], [-65.564453, 43.553271], [-65.661914, 43.534033], [-65.738135, 43.560742], [-65.886914, 43.795215], [-65.978418, 43.814844], [-66.037646, 43.742188], [-66.125732, 43.813818], [-66.193066, 44.143848], [-66.099561, 44.36748], [-65.868018, 44.568799], [-65.941943, 44.575537], [-66.146387, 44.435937], [-66.090625, 44.504932], [-65.917041, 44.615088], [-65.615771, 44.68042], [-65.502246, 44.7604], [-65.728223, 44.697119], [-65.656738, 44.760303], [-64.90293, 45.120801], [-64.448828, 45.256055], [-64.406885, 45.305713], [-64.448145, 45.337451], [-64.330762, 45.309326], [-64.354248, 45.138232], [-64.23501, 45.114307], [-64.135498, 45.023047], [-64.182715, 45.147021], [-64.093164, 45.21709], [-63.74834, 45.310889], [-63.460254, 45.321094], [-63.368018, 45.364795], [-63.614453, 45.394141], [-63.906445, 45.378174], [-64.087158, 45.410889], [-64.336426, 45.389551], [-64.600195, 45.410059], [-64.74668, 45.324365], [-64.873145, 45.35459], [-64.912891, 45.374805], [-64.827393, 45.475537], [-64.560059, 45.625488], [-64.314648, 45.835693], [-64.482227, 45.806348], [-64.632715, 45.946631], [-64.593652, 45.813672], [-64.778516, 45.638428], [-64.8979, 45.625977], [-65.54502, 45.337305], [-65.884473, 45.2229], [-65.955615, 45.222461], [-66.109766, 45.316602], [-66.026562, 45.417578], [-66.182715, 45.335205], [-66.107324, 45.256934], [-66.14375, 45.227588], [-66.439844, 45.095898], [-66.510937, 45.143359], [-66.872461, 45.067285], [-66.918701, 45.145605], [-67.084082, 45.143945], [-67.124854, 45.169434], [-67.080469, 44.98916], [-67.113916, 44.944385], [-67.106738, 44.885059], [-67.014014, 44.867773], [-66.987012, 44.827686], [-67.19126, 44.675586], [-67.364062, 44.696875], [-67.556006, 44.644775], [-67.599072, 44.576807], [-67.652979, 44.562402], [-67.839062, 44.57627], [-67.907031, 44.453613], [-67.962695, 44.464307], [-68.056641, 44.384326], [-68.152051, 44.502002], [-68.277441, 44.507373], [-68.37373, 44.445117], [-68.450586, 44.507617], [-68.521436, 44.380225], [-68.53252, 44.258643], [-68.612012, 44.310547], [-68.811914, 44.339355], [-68.710107, 44.442578], [-68.794922, 44.454492], [-68.762695, 44.570752], [-68.847363, 44.485059], [-68.961475, 44.433838], [-68.956152, 44.348096], [-69.063574, 44.172363], [-69.068359, 44.097559], [-69.226074, 43.986475], [-69.344531, 44.000928], [-69.520752, 43.897363], [-69.556689, 43.982764], [-69.58999, 43.886572], [-69.623926, 43.880615], [-69.652881, 43.993896], [-69.699121, 43.955029], [-69.729834, 43.852002], [-69.795312, 43.910645], [-69.80835, 43.772314], [-69.87251, 43.819531], [-69.974316, 43.787891], [-69.965234, 43.855078], [-70.178809, 43.766357], [-70.269238, 43.671924], [-70.202588, 43.626123], [-70.520703, 43.348828], [-70.642334, 43.134424], [-70.733105, 43.07002], [-70.829053, 42.825342], [-70.735693, 42.669287], [-70.623975, 42.671777], [-70.612939, 42.623242], [-70.831152, 42.552588], [-71.046191, 42.331104], [-70.738281, 42.228857], [-70.617676, 42.04043], [-70.656152, 41.987061], [-70.548926, 41.938623], [-70.514697, 41.80332], [-70.42666, 41.757275], [-70.295459, 41.728955], [-70.001416, 41.826172], [-70.110254, 42.030127], [-70.172559, 42.062793], [-70.19624, 42.035107], [-70.241064, 42.091211], [-70.108936, 42.07832], [-69.977881, 41.961279], [-69.941602, 41.807861], [-69.948633, 41.677148], [-70.404687, 41.626904], [-70.657129, 41.534229], [-70.666455, 41.710107], [-70.701123, 41.714844], [-70.974219, 41.548535], [-71.079785, 41.538086], [-71.168555, 41.489404], [-71.204297, 41.641113], [-71.14873, 41.745703], [-71.271094, 41.68125], [-71.390137, 41.795312], [-71.363672, 41.702734], [-71.426562, 41.633301], [-71.443799, 41.453711], [-71.522852, 41.378955], [-72.265283, 41.29165], [-72.371045, 41.312158], [-72.479395, 41.275781], [-72.924707, 41.285156], [-73.02373, 41.216455], [-73.583008, 41.021875], [-73.987109, 40.751367], [-73.871973, 41.055176], [-73.882227, 41.170605], [-73.969922, 41.249707], [-73.917676, 41.135791], [-73.927197, 40.914258], [-74.025488, 40.756396], [-74.187158, 40.647998], [-74.264209, 40.528613], [-74.241504, 40.45625], [-74.049854, 40.429834], [-73.998437, 40.452148], [-73.972266, 40.400342], [-73.957617, 40.328369], [-74.03835125546344, 40.0], [-124.01789482684607, 40.0], [-124.324023, 40.251953], [-124.356543, 40.371094], [-124.37168, 40.491211], [-124.283691, 40.710547], [-124.253906, 40.740283], [-124.22002, 40.696484], [-124.190234, 40.771729], [-124.219189, 40.790723], [-124.133105, 40.969775], [-124.140039, 41.155908], [-124.071924, 41.459521], [-124.163232, 41.718994], [-124.244629, 41.787939], [-124.21167, 41.984619], [-124.355273, 42.1229], [-124.420508, 42.381006], [-124.406152, 42.583691], [-124.539648, 42.812891], [-124.346582, 43.34165], [-124.196924, 43.42334], [-124.287988, 43.409717], [-124.14873, 43.691748], [-124.09917, 44.333789], [-124.047461, 44.425488], [-124.05918, 44.777734], [-123.929346, 45.576953], [-123.96123, 45.842969], [-123.947119, 46.140576], [-123.989307, 46.219385], [-123.91167, 46.182178], [-123.673633, 46.182617], [-123.521631, 46.222656], [-123.402295, 46.15498], [-123.220605, 46.153613], [-123.464844, 46.271094], [-123.650342, 46.267725], [-123.688379, 46.299854], [-123.895703, 46.267773], [-123.959766, 46.300732], [-124.072754, 46.279443], [-124.044336, 46.605078], [-123.946143, 46.432568], [-123.88916, 46.66001], [-124.07168, 46.744775], [-124.112549, 46.862695], [-123.842871, 46.963184], [-124.111719, 47.035205], [-124.139258, 46.954687], [-124.198828, 47.208545], [-124.309277, 47.40459], [-124.376025, 47.658643], [-124.460059, 47.784229], [-124.621094, 47.90415], [-124.663086, 47.974121], [-124.709961, 48.380371], [-123.975781, 48.168457], [-123.294434, 48.119531], [-123.161865, 48.154541], [-122.973877, 48.073291], [-122.778613, 48.137598], [-122.656641, 47.881152], [-122.778418, 47.738428], [-122.801758, 47.735352], [-122.821387, 47.793164], [-123.050635, 47.551953], [-123.131055, 47.437744], [-123.136328, 47.355811], [-123.030908, 47.360205], [-122.922168, 47.407666], [-123.066797, 47.399658], [-123.060156, 47.453662], [-122.982471, 47.559375], [-122.757129, 47.700537], [-122.608154, 47.835498], [-122.585742, 47.927881], [-122.532813, 47.919727], [-122.523926, 47.769336], [-122.630176, 47.692822], [-122.613623, 47.615625], [-122.675488, 47.612354], [-122.557422, 47.463184], [-122.577881, 47.293164], [-122.648633, 47.281445], [-122.707715, 47.316406], [-122.767773, 47.218359], [-122.828467, 47.336572], [-122.919531, 47.289648], [-123.027588, 47.138916], [-122.811963, 47.145996], [-122.701953, 47.110889], [-122.627051, 47.144238], [-122.542187, 47.275586], [-122.420117, 47.312109], [-122.353809, 47.371582], [-122.368359, 47.603906], [-122.410498, 47.652637], [-122.383643, 47.716455], [-122.401807, 47.784277], [-122.241992, 48.010742], [-122.41582, 48.183936], [-122.394775, 48.084131], [-122.494043, 48.130469], [-122.520312, 48.229102], [-122.403369, 48.269189], [-122.408545, 48.293896], [-122.54165, 48.410937], [-122.6625, 48.446387], [-122.657275, 48.48999], [-122.496777, 48.505566], [-122.545117, 48.762305], [-122.653027, 48.763867], [-122.685937, 48.794287], [-122.826709, 49.028418], [-122.962695, 49.074609], [-123.077295, 48.980225], [-123.117627, 49.056348], [-123.079541, 49.130615], [-123.196338, 49.147705], [-123.191064, 49.219531], [-123.229443, 49.260498], [-122.947656, 49.293262], [-122.879102, 49.398926], [-123.015527, 49.322168], [-123.276758, 49.343945], [-123.1875, 49.680322], [-123.325, 49.577686], [-123.335645, 49.45918], [-123.436963, 49.451318], [-123.530566, 49.397314], [-123.858936, 49.482861], [-123.948389, 49.534717], [-124.053809, 49.661719], [-123.992627, 49.736182], [-123.922754, 49.717529], [-123.817187, 49.586572], [-123.739062, 49.593555], [-123.582471, 49.68125], [-123.762695, 49.658496], [-123.874414, 49.736816], [-123.903809, 49.795459], [-123.904248, 49.981152], [-123.784668, 50.087988], [-123.880127, 50.173633], [-123.945898, 50.183936], [-123.865723, 50.07207], [-123.971387, 49.969531], [-123.972119, 49.892041], [-124.141602, 49.792676], [-124.412598, 49.778125], [-124.702295, 49.957666], [-124.782373, 50.020117], [-124.784277, 50.072803], [-124.93418, 50.258057], [-124.93335, 50.2979], [-124.985596, 50.355615], [-125.043604, 50.36377], [-125.056689, 50.418652], [-124.862646, 50.637305], [-124.859863, 50.872412], [-124.933594, 50.810596], [-124.942529, 50.665674], [-125.058789, 50.513867], [-125.209863, 50.476318], [-125.476318, 50.497168], [-125.525977, 50.534131], [-125.539355, 50.649023], [-125.641309, 50.466211], [-125.772412, 50.508203], [-126.094336, 50.497607], [-126.404492, 50.529883], [-126.449951, 50.549707], [-126.447461, 50.587744], [-125.897607, 50.684375], [-125.904102, 50.704932], [-126.514355, 50.679395], [-126.517334, 50.724463], [-126.374609, 50.837354], [-126.521777, 50.866064], [-126.484619, 50.960498], [-126.517334, 51.056836], [-126.562891, 50.965479], [-126.631787, 50.915137], [-127.057568, 50.867529], [-127.356934, 50.945557], [-127.708105, 51.151172], [-127.68916, 51.343457], [-127.632715, 51.427295], [-127.419678, 51.608057], [-127.280664, 51.654102], [-126.691455, 51.703418], [-127.338721, 51.707373], [-127.442725, 51.678955], [-127.668701, 51.477588], [-127.728711, 51.505518], [-127.850537, 51.673193], [-127.863232, 51.820801], [-127.727637, 51.993213], [-127.858789, 51.990283], [-127.795361, 52.191016], [-127.437939, 52.356152], [-127.242236, 52.395117], [-127.175732, 52.314844], [-127.007959, 52.290674], [-126.713965, 52.060693], [-126.895215, 52.225488], [-126.938184, 52.308594], [-127.127051, 52.370947], [-127.193994, 52.457666], [-127.187109, 52.537695], [-126.995215, 52.65791], [-126.951318, 52.72124], [-127.008252, 52.842578], [-127.013232, 52.719971], [-127.066211, 52.652686], [-127.519238, 52.359277], [-127.713379, 52.318506], [-127.834326, 52.250977], [-128.102246, 51.788428], [-128.193555, 51.998291], [-128.357617, 52.158887], [-128.0375, 52.318164], [-128.051562, 52.45332], [-127.940234, 52.545166], [-128.038232, 52.531152], [-128.271533, 52.362988], [-128.275146, 52.435498], [-128.132373, 52.805811], [-128.053271, 52.910693], [-128.365039, 52.825781], [-128.451953, 52.876611], [-128.524707, 53.140674], [-128.652344, 53.243848], [-128.868555, 53.328125], [-129.080908, 53.367285], [-129.171582, 53.533594], [-129.114453, 53.641113], [-129.021436, 53.692139], [-128.85459, 53.704541], [-128.905615, 53.559326], [-128.542139, 53.420654], [-128.478613, 53.410303], [-128.358057, 53.459814], [-128.132715, 53.417773], [-127.927832, 53.274707], [-127.950049, 53.329834], [-128.207227, 53.483203], [-128.511768, 53.476562], [-128.675537, 53.55459], [-128.750781, 53.66084], [-128.763672, 53.746875], [-128.714746, 53.81001], [-128.532129, 53.858105], [-128.704785, 53.918604], [-128.890186, 53.829785], [-128.959375, 53.841455], [-129.208105, 53.641602], [-129.257861, 53.417969], [-129.462402, 53.346582], [-129.563721, 53.251465], [-129.821777, 53.412744], [-129.911865, 53.551367], [-130.074365, 53.575635], [-130.263281, 53.65415], [-130.335254, 53.723926], [-130.232861, 53.867432], [-130.085938, 53.975781], [-130.043311, 54.133545], [-129.790771, 54.165771], [-129.626025, 54.230273], [-129.898438, 54.226367], [-130.084229, 54.181396], [-130.290332, 54.270361], [-130.396777, 54.35166], [-130.430273, 54.420996], [-130.350488, 54.655322], [-130.218945, 54.730273], [-129.890137, 55.164648], [-129.560645, 55.462549], [-129.701318, 55.438574], [-129.795166, 55.55957], [-129.837744, 55.319092], [-130.048486, 55.057275], [-130.091797, 55.107764], [-129.99585, 55.264063], [-129.985156, 55.358838], [-130.07998, 55.562891], [-130.094678, 55.694775], [-130.025098, 55.888232], [-130.111963, 55.779785], [-130.146533, 55.654492], [-130.036572, 55.2979], [-130.218506, 55.060254], [-130.203906, 54.947021], [-130.349414, 54.814551], [-130.535498, 54.74873], [-130.61582, 54.790918], [-130.849609, 54.807617], [-131.047852, 55.157666], [-130.983936, 55.243945], [-130.748193, 55.318018], [-130.855957, 55.355127], [-130.918555, 55.735986], [-131.127686, 55.960156], [-131.140381, 55.99751], [-131.032764, 56.088086], [-131.78418, 55.876562], [-131.826172, 55.835352], [-131.803271, 55.765967], [-131.94502, 55.55415], [-131.983398, 55.53501], [-132.118994, 55.569775], [-132.223437, 55.721045], [-132.20752, 55.753418], [-132.005713, 55.930078], [-131.843848, 56.160107], [-131.551367, 56.206787], [-131.887891, 56.24165], [-132.021924, 56.380078], [-132.182031, 56.420654], [-132.30498, 56.519873], [-132.357666, 56.625879], [-132.475928, 56.649658], [-132.487109, 56.766406], [-132.639502, 56.796436], [-132.802197, 56.895166], [-132.838818, 56.960205], [-132.824609, 57.055811], [-132.913428, 57.047461], [-133.465869, 57.172168], [-133.43667, 57.336865], [-133.538965, 57.55415], [-133.64873, 57.642285], [-133.603369, 57.694678], [-133.554199, 57.695068], [-133.117041, 57.566211], [-133.515479, 57.775146], [-133.535205, 57.832959], [-133.511133, 57.880127], [-133.194336, 57.877686], [-133.559375, 57.924463], [-133.657275, 57.841016], [-133.722314, 57.844238], [-134.031104, 58.072168], [-134.06333, 58.211084], [-134.045264, 58.289258], [-133.876758, 58.518164], [-133.943848, 58.498291], [-134.131201, 58.279346], [-134.208838, 58.232959], [-134.485449, 58.367188], [-134.663623, 58.384717], [-134.776123, 58.453857], [-134.942529, 58.646289], [-134.986133, 58.765625], [-135.131836, 58.842871], [-135.217383, 59.076611], [-135.330322, 59.239063], [-135.363672, 59.419434], [-135.412744, 59.318457], [-135.484082, 59.308691], [-135.400146, 59.20791], [-135.502344, 59.202295], [-135.386133, 59.087549], [-135.334082, 58.909619], [-135.062012, 58.340869], [-135.049707, 58.306787], [-135.090234, 58.24585], [-135.302539, 58.255908], [-135.449951, 58.376123], [-135.571777, 58.412061], [-135.897559, 58.400195], [-135.861719, 58.577051], [-136.045508, 58.789111], [-136.043115, 58.821631], [-135.826367, 58.897949], [-136.016602, 58.873975], [-136.150049, 59.048096], [-136.159473, 58.946777], [-136.123535, 58.893457], [-136.12417, 58.819629], [-136.22583, 58.765479], [-136.451172, 58.846338], [-136.566211, 58.940918], [-136.989014, 59.034473], [-136.948047, 58.934912], [-137.059033, 58.87373], [-136.879102, 58.881543], [-136.613916, 58.809277], [-136.533496, 58.740234], [-136.410107, 58.700635], [-136.48374, 58.617676], [-136.224609, 58.602246], [-136.061475, 58.452734], [-136.055957, 58.38418], [-136.08125, 58.364209], [-136.462402, 58.327979], [-136.607422, 58.243994], [-137.543994, 58.581201], [-137.5646, 58.625879], [-137.863721, 58.785547], [-138.026904, 58.941455], [-138.35249, 59.087305], [-138.560303, 59.12915], [-138.514893, 59.165918], [-138.884326, 59.236914], [-139.799121, 59.54624], [-139.611621, 59.610303], [-139.513037, 59.698096], [-139.582178, 59.848291], [-139.569141, 59.912354], [-139.512305, 59.953564], [-139.446875, 59.956836], [-139.330957, 59.877002], [-139.286719, 59.610937], [-139.220801, 59.819873], [-138.988086, 59.83501], [-139.24248, 59.892773], [-139.431445, 60.012256], [-139.518945, 60.01709], [-139.916895, 59.805664], [-140.216748, 59.72666], [-140.419824, 59.710742], [-140.843164, 59.748877], [-141.408301, 59.902783], [-141.289941, 60.00415], [-141.329541, 60.082813], [-141.40874, 60.117676], [-141.409717, 60.042285], [-141.44707, 60.019434], [-141.670166, 59.969873], [-142.548584, 60.086035], [-142.945654, 60.096973], [-143.805078, 60.012891], [-144.147217, 60.016406], [-144.160937, 60.045801], [-144.084277, 60.063037], [-144.088525, 60.084326], [-144.185498, 60.150732], [-144.642969, 60.224658], [-144.901318, 60.335156], [-144.824414, 60.533594], [-144.691113, 60.669092], [-145.248291, 60.380127], [-145.898877, 60.478174], [-145.674902, 60.651123], [-146.149023, 60.660693], [-146.182324, 60.734766], [-146.251025, 60.749072], [-146.502979, 60.700781], [-146.570459, 60.72915], [-146.391992, 60.81084], [-146.638428, 60.897314], [-146.636035, 60.992529], [-146.599121, 61.053516], [-146.284912, 61.112646], [-146.582715, 61.127832], [-146.874023, 61.004883], [-146.980176, 60.977783], [-147.19502, 60.996826], [-147.361377, 60.914502], [-147.567285, 60.994922], [-147.655664, 60.909521], [-147.807617, 60.8854], [-147.891113, 60.889893], [-147.990771, 60.948291], [-147.971191, 61.019043], [-147.751855, 61.218945], [-148.049414, 61.082666], [-148.341895, 61.0604], [-148.410742, 61.011475], [-148.208691, 61.029932], [-148.344434, 60.853564], [-148.556152, 60.827002], [-148.557373, 60.80293], [-148.256738, 60.675293], [-148.30498, 60.58335], [-148.50957, 60.565234], [-148.640137, 60.489453], [-148.119189, 60.575146], [-148.050684, 60.567188], [-147.964111, 60.484863], [-148.045996, 60.42832], [-148.181689, 60.393066], [-148.215869, 60.323145], [-148.197607, 60.167773], [-148.333105, 60.122021], [-148.430713, 59.989111], [-148.750879, 59.947754], [-149.004248, 59.97998], [-149.121582, 60.033496], [-149.266602, 59.998291], [-149.395264, 60.105762], [-149.432227, 60.001025], [-149.54917, 59.894336], [-149.598047, 59.770459], [-149.713867, 59.91958], [-149.794775, 59.855811], [-149.782471, 59.750342], [-150.005322, 59.784424], [-149.966504, 59.690039], [-150.198047, 59.566553], [-150.338135, 59.581348], [-150.485352, 59.535303], [-150.607373, 59.563379], [-150.6229, 59.479639], [-150.677441, 59.426953], [-150.852783, 59.341846], [-150.934521, 59.249121], [-151.182764, 59.300781], [-151.170703, 59.236914], [-151.366357, 59.245605], [-151.738184, 59.188525], [-151.949512, 59.265088], [-151.931689, 59.342725], [-151.849951, 59.406348], [-151.399609, 59.516309], [-151.189404, 59.637695], [-151.046484, 59.771826], [-151.089453, 59.789404], [-151.450098, 59.650391], [-151.763818, 59.7], [-151.816943, 59.720898], [-151.853223, 59.78208], [-151.734521, 59.98833], [-151.395996, 60.274463], [-151.312695, 60.466455], [-151.355029, 60.659863], [-151.356445, 60.722949], [-151.321777, 60.74292], [-150.44126, 61.023584], [-150.349121, 61.022656], [-150.113037, 60.932812], [-149.632471, 60.952002], [-149.075098, 60.876416], [-149.142236, 60.935693], [-149.59248, 60.993848], [-150.053271, 61.171094], [-149.895312, 61.231738], [-149.736914, 61.36333], [-149.329053, 61.497363], [-149.625439, 61.486035], [-149.82373, 61.413379], [-149.975684, 61.279346], [-150.471777, 61.259961], [-150.533203, 61.300244], [-150.612256, 61.301123], [-150.945508, 61.198242], [-151.281885, 61.041943], [-151.593506, 60.979639], [-151.781641, 60.857959], [-151.750488, 60.754883], [-151.99624, 60.682227], [-152.270703, 60.528125], [-152.305078, 60.453027], [-152.260303, 60.409424], [-152.540918, 60.26543], [-152.727295, 60.237061], [-153.025, 60.295654], [-152.664746, 60.125293], [-152.628564, 60.041113], [-152.660107, 59.997217], [-152.759473, 59.920898], [-153.21123, 59.842725], [-153.024609, 59.793994], [-153.048145, 59.730029], [-153.093604, 59.709131], [-153.364014, 59.659863], [-153.366455, 59.729834], [-153.414404, 59.740137], [-153.652539, 59.647021], [-153.670703, 59.634814], [-153.609375, 59.615039], [-153.752588, 59.509863], [-154.08833, 59.363281], [-154.06748, 59.336377], [-154.17832, 59.155566], [-154.129834, 59.119873], [-153.656396, 59.038672], [-153.418262, 58.959961], [-153.327051, 58.884326], [-153.437598, 58.754834], [-153.617334, 58.654736], [-153.861963, 58.587842], [-154.019873, 58.492969], [-154.085889, 58.36582], [-154.289014, 58.304346], [-154.208057, 58.28877], [-154.247021, 58.159424], [-154.570605, 58.118066], [-154.584912, 58.055664], [-155.006885, 58.016064], [-155.147363, 57.881836], [-155.590234, 57.733594], [-155.59585, 57.701074], [-155.777979, 57.568213], [-156.000195, 57.544971], [-156.037354, 57.526514], [-156.055371, 57.447559], [-156.242188, 57.449219], [-156.435889, 57.359961], [-156.478418, 57.327881], [-156.397656, 57.240576], [-156.400488, 57.204834], [-156.475146, 57.105176], [-156.592041, 57.065088], [-156.629004, 57.009961], [-156.779883, 57.005615], [-157.13916, 56.826563], [-157.440576, 56.790332], [-157.578369, 56.634473], [-157.869092, 56.645215], [-158.07832, 56.552051], [-157.92998, 56.520459], [-158.414404, 56.43584], [-158.552148, 56.312695], [-158.386133, 56.301562], [-158.275635, 56.19624], [-158.476123, 56.075488], [-158.52334, 56.072461], [-158.542676, 56.166846], [-158.591162, 56.184521], [-158.704883, 56.043115], [-158.789844, 55.986914], [-159.523242, 55.81001], [-159.567627, 55.695215], [-159.659668, 55.625928], [-159.678516, 55.824658], [-159.771387, 55.841113], [-160.373193, 55.635107], [-160.499316, 55.537305], [-160.625244, 55.552393], [-160.77085, 55.483545], [-160.896729, 55.513623], [-161.178027, 55.388867], [-161.463867, 55.38252], [-161.476709, 55.464893], [-161.41333, 55.536133], [-161.2021, 55.543555], [-161.357471, 55.612207], [-161.516943, 55.618408], [-161.654297, 55.563379], [-161.741553, 55.391162], [-162.073975, 55.139307], [-162.166602, 55.14375], [-162.274658, 55.073242], [-162.386377, 55.052344], [-162.457471, 55.077686], [-162.412549, 55.106885], [-162.495264, 55.208447], [-162.541895, 55.242725], [-162.630371, 55.24668], [-162.618896, 55.038428], [-162.674365, 54.996582], [-162.865039, 54.954541], [-162.995898, 55.046484], [-163.119629, 55.064697], [-163.100195, 54.973633], [-163.131104, 54.916553], [-163.335303, 54.83916], [-163.278809, 55.121826], [-163.114502, 55.193945], [-162.906592, 55.195557], [-162.157129, 55.719434], [-161.697314, 55.907227], [-161.215625, 56.021436], [-161.178613, 56.014453], [-161.222559, 55.977441], [-161.192529, 55.954297], [-160.898633, 55.993652], [-160.877832, 55.970508], [-160.902393, 55.941309], [-161.008398, 55.911719], [-161.005371, 55.887158], [-160.802832, 55.754443], [-160.745508, 55.771484], [-160.758398, 55.854639], [-160.706348, 55.870459], [-160.530225, 55.863477], [-160.436914, 55.816699], [-160.291699, 55.805078], [-160.270117, 55.832178], [-160.308496, 55.864453], [-160.479883, 55.935449], [-160.539062, 56.006299], [-160.302051, 56.314111], [-159.785059, 56.561621], [-159.283105, 56.688574], [-158.918018, 56.882178], [-158.894873, 56.816406], [-158.675146, 56.794873], [-158.660791, 57.039404], [-158.320947, 57.2979], [-158.133545, 57.366406], [-157.845752, 57.528076], [-157.737207, 57.548145], [-157.535303, 57.483447], [-157.461914, 57.506201], [-157.571631, 57.540674], [-157.697217, 57.679443], [-157.621191, 57.895215], [-157.610889, 58.05083], [-157.555029, 58.139941], [-157.193701, 58.194189], [-157.488379, 58.253711], [-157.523633, 58.421338], [-157.460889, 58.503027], [-157.228857, 58.640918], [-156.974658, 58.736328], [-157.040479, 58.772559], [-156.808887, 59.134277], [-156.963379, 58.988867], [-157.142041, 58.877637], [-158.190918, 58.614258], [-158.302588, 58.641797], [-158.503174, 58.850342], [-158.425635, 58.999316], [-158.080518, 58.977441], [-158.422803, 59.089844], [-158.514404, 59.072852], [-158.678271, 58.929395], [-158.809473, 58.973877], [-158.775537, 58.902539], [-158.861377, 58.71875], [-158.772119, 58.520313], [-158.788623, 58.440967], [-158.950684, 58.404541], [-159.082666, 58.469775], [-159.454199, 58.79292], [-159.670264, 58.911133], [-159.920215, 58.819873], [-160.152588, 58.905908], [-160.363135, 59.051172], [-160.81709, 58.87168], [-161.246826, 58.799463], [-161.328125, 58.743701], [-161.361328, 58.669531], [-161.755469, 58.612012], [-162.144922, 58.644238], [-161.856494, 58.71709], [-161.724365, 58.794287], [-161.780518, 58.897412], [-161.788672, 59.016406], [-161.644385, 59.109668], [-161.794482, 59.109473], [-161.890771, 59.076074], [-161.981055, 59.146143], [-162.023291, 59.283984], [-161.872217, 59.428271], [-161.828711, 59.588623], [-162.138135, 59.980029], [-162.24248, 60.17832], [-162.421338, 60.283984], [-162.138867, 60.614355], [-161.946582, 60.684814], [-162.138037, 60.685547], [-162.468701, 60.394678], [-162.684961, 60.268945], [-162.547705, 60.231055], [-162.526953, 60.199121], [-162.500488, 60.126562], [-162.570752, 59.989746], [-162.732617, 59.993652], [-162.877832, 59.922754], [-163.219385, 59.845605], [-163.906885, 59.806787], [-164.142822, 59.896777], [-164.131543, 59.994238], [-164.470508, 60.149316], [-164.662256, 60.303809], [-164.799951, 60.307227], [-165.061133, 60.412549], [-165.026514, 60.500635], [-165.353809, 60.541211], [-165.016016, 60.740039], [-164.899805, 60.873145], [-164.805176, 60.892041], [-164.318506, 60.771289], [-164.265674, 60.724658], [-164.372363, 60.591846], [-163.999561, 60.766064], [-163.894922, 60.745166], [-163.72998, 60.58999], [-163.528711, 60.664551], [-163.420947, 60.757422], [-163.623047, 60.822217], [-163.906543, 60.853809], [-163.586914, 60.902979], [-163.749023, 60.969727], [-163.994629, 60.864697], [-164.441553, 60.869971], [-164.753955, 60.931299], [-165.114844, 60.932812], [-165.175488, 60.965674], [-164.868994, 61.111768], [-165.0771, 61.094189], [-165.137695, 61.130127], [-165.127783, 61.192432], [-165.20376, 61.152832], [-165.344873, 61.197705], [-165.243945, 61.26875], [-165.273633, 61.274854], [-165.333691, 61.266113], [-165.392041, 61.212305], [-165.380762, 61.106299], [-165.565869, 61.102344], [-165.691357, 61.299902], [-165.863965, 61.335693], [-165.906299, 61.403809], [-165.797119, 61.491162], [-165.845313, 61.53623], [-165.961328, 61.550879], [-166.093994, 61.506738], [-166.152734, 61.545947], [-166.168115, 61.65083], [-165.808936, 61.696094], [-166.019922, 61.748291], [-166.078809, 61.803125], [-165.612793, 61.869287], [-165.725244, 61.959375], [-165.743945, 62.011719], [-165.707275, 62.100439], [-165.194531, 62.473535], [-164.999707, 62.533789], [-164.757861, 62.496729], [-164.844385, 62.581055], [-164.687988, 62.608252], [-164.589453, 62.709375], [-164.792676, 62.623193], [-164.84541, 62.800977], [-164.799658, 62.918066], [-164.677441, 63.020459], [-164.384229, 63.030469], [-164.375098, 63.054004], [-164.525195, 63.127637], [-164.409033, 63.215039], [-164.107617, 63.261719], [-163.942871, 63.247217], [-163.73623, 63.192822], [-163.616309, 63.125146], [-163.737842, 63.016406], [-163.504346, 63.105859], [-163.287842, 63.046436], [-162.947705, 63.11499], [-162.807764, 63.206592], [-162.621484, 63.26582], [-162.282813, 63.529199], [-162.1125, 63.53418], [-162.05625, 63.471338], [-161.973975, 63.45293], [-161.50542, 63.468164], [-161.266016, 63.496973], [-160.926709, 63.660547], [-160.826514, 63.729346], [-160.778564, 63.818945], [-160.903955, 64.031201], [-160.987549, 64.25127], [-161.220117, 64.396582], [-161.385693, 64.439941], [-161.490723, 64.433789], [-161.4146, 64.526367], [-161.193066, 64.516406], [-160.931934, 64.579102], [-160.836035, 64.681934], [-160.886963, 64.795557], [-161.130176, 64.925439], [-161.466357, 64.794873], [-161.759375, 64.81626], [-161.868311, 64.742676], [-162.334619, 64.612842], [-162.635742, 64.45083], [-162.711084, 64.377539], [-162.807031, 64.374219], [-162.876416, 64.516406], [-163.203906, 64.652002], [-163.302832, 64.605908], [-163.174072, 64.532959], [-163.051758, 64.519727], [-163.144336, 64.423828], [-163.486182, 64.549805], [-163.713086, 64.588232], [-164.303955, 64.583936], [-164.691846, 64.507422], [-164.764941, 64.529639], [-164.97876, 64.453662], [-166.142773, 64.582764], [-166.325098, 64.625732], [-166.481396, 64.728076], [-166.478125, 64.797559], [-166.408691, 64.826953], [-166.415234, 64.926514], [-166.550879, 64.952979], [-166.928418, 65.15708], [-166.762549, 65.134912], [-166.531006, 65.154736], [-166.45166, 65.247314], [-166.121484, 65.260742], [-166.157031, 65.28584], [-167.404004, 65.422119], [-167.987256, 65.567773], [-168.088379, 65.657764], [-167.930566, 65.748145], [-167.914355, 65.681201], [-167.580029, 65.758301], [-167.405322, 65.859326], [-167.074219, 65.877051], [-166.747656, 66.051855], [-166.39873, 66.144434], [-166.2146, 66.170264], [-166.008936, 66.121338], [-165.629932, 66.131201], [-165.560205, 66.16709], [-165.840234, 66.245068], [-165.811865, 66.288477], [-165.449414, 66.409912], [-165.063965, 66.437842], [-164.460498, 66.588428], [-163.727686, 66.616455], [-163.638232, 66.574658], [-163.893945, 66.575879], [-163.775488, 66.531104], [-163.902881, 66.378369], [-163.893945, 66.286914], [-164.03374, 66.215527], [-163.695361, 66.083838], [-162.886475, 66.099219], [-162.586865, 66.05083], [-162.214258, 66.071045], [-161.933691, 66.042871], [-161.816309, 66.053662], [-161.556836, 66.250537], [-161.45542, 66.281396], [-161.201074, 66.219385], [-161.109229, 66.239502], [-161.034277, 66.188818], [-161.069531, 66.294629], [-161.120313, 66.334326], [-161.544434, 66.407031], [-161.828174, 66.37085], [-161.916895, 66.411816], [-161.887598, 66.493066], [-162.191162, 66.693115], [-162.317725, 66.733691], [-162.467432, 66.735645], [-162.607422, 66.894385], [-162.361621, 66.947314], [-162.253564, 66.918652], [-162.131396, 66.801367], [-162.017627, 66.784131], [-162.050732, 66.667285], [-161.90957, 66.559619], [-161.591016, 66.459521], [-161.155811, 66.495312], [-160.784473, 66.384375], [-160.650537, 66.373096], [-160.231689, 66.420264], [-160.227344, 66.508545], [-160.262549, 66.572461], [-160.360889, 66.6125], [-160.643799, 66.60498], [-160.864014, 66.67085], [-161.051465, 66.652783], [-161.398047, 66.551855], [-161.856689, 66.700342], [-161.87876, 66.803955], [-161.622217, 66.979346], [-161.719922, 67.020557], [-161.96543, 67.049561], [-162.391553, 67.019873], [-162.409424, 67.103955], [-162.583105, 67.018506], [-163.001709, 67.027295], [-163.531836, 67.102588], [-163.720557, 67.195557], [-163.942676, 67.477588], [-164.125195, 67.606738], [-165.386035, 68.045605], [-165.95957, 68.155908], [-166.235938, 68.27793], [-166.786279, 68.359619], [-166.545898, 68.424365], [-166.647852, 68.373828], [-166.57041, 68.361084], [-166.380518, 68.425146], [-166.182031, 68.797217], [-166.209082, 68.885352], [-165.509473, 68.867578], [-164.302344, 68.936475], [-163.86792, 69.03667], [-163.535693, 69.170117], [-163.205176, 69.392529], [-163.161475, 69.387939], [-163.093555, 69.610693], [-162.9521, 69.758105], [-161.880957, 70.331738], [-161.761084, 70.257666], [-162.073877, 70.161963], [-160.996289, 70.30459], [-160.634131, 70.446387], [-160.117139, 70.591211], [-159.963135, 70.568164], [-160.106396, 70.472559], [-160.005566, 70.447559], [-160.095068, 70.333301], [-159.907568, 70.331445], [-159.865674, 70.278857], [-159.81499, 70.49707], [-159.683301, 70.477148], [-159.386768, 70.524512], [-159.746191, 70.530469], [-159.961816, 70.634082], [-160.081592, 70.634863], [-159.680908, 70.786768], [-159.314502, 70.878516], [-159.191748, 70.859668], [-159.183154, 70.831934], [-159.339844, 70.78125], [-159.251172, 70.748437], [-158.996289, 70.801611], [-158.620947, 70.799023], [-158.484375, 70.841064], [-157.909375, 70.860107], [-157.324756, 71.0396], [-156.783301, 71.318945], [-156.470215, 71.407666], [-156.395264, 71.39668], [-156.567236, 71.341553], [-156.469971, 71.291553], [-155.645605, 71.182764], [-155.579443, 71.121094], [-155.63457, 71.061572], [-155.804346, 70.99541], [-156.146582, 70.927832], [-156.041943, 70.902246], [-155.973535, 70.841992], [-155.872217, 70.834668], [-155.579395, 70.894336], [-155.166846, 71.099219], [-154.943799, 71.083057], [-154.673682, 70.987109], [-154.785205, 70.894287], [-154.195215, 70.801123], [-153.918213, 70.877344], [-153.497705, 70.891064], [-153.23291, 70.932568], [-152.300391, 70.846777], [-152.23291, 70.810352], [-152.437256, 70.733252], [-152.470605, 70.653613], [-152.269678, 70.614746], [-152.253369, 70.568262], [-152.172949, 70.556641], [-151.769043, 70.560156], [-151.944678, 70.4521], [-151.224805, 70.41875], [-150.662646, 70.509912], [-150.273633, 70.434326], [-149.870117, 70.509668], [-149.269434, 70.500781], [-148.688379, 70.416309], [-148.479199, 70.31792], [-148.142725, 70.355469], [-147.869531, 70.303271], [-147.705371, 70.217236], [-147.062939, 70.17041], [-146.744873, 70.191748], [-145.823145, 70.160059], [-145.197363, 70.008691], [-144.619189, 69.982129], [-144.416895, 70.039014], [-143.218311, 70.11626], [-142.707861, 70.033789], [-142.296973, 69.869873], [-141.699219, 69.770361], [-141.40791, 69.653369], [-141.080811, 69.659424], [-140.405127, 69.60249], [-139.976611, 69.621729], [-139.181543, 69.515527], [-138.689893, 69.316797], [-137.869434, 69.092822], [-137.259961, 68.964111], [-136.717334, 68.88916], [-136.122363, 68.882227], [-135.258838, 68.684326], [-135.231201, 68.694287], [-135.43457, 68.841992], [-135.894727, 68.926709], [-135.939014, 68.97417], [-135.924756, 68.992627], [-135.575537, 69.026953], [-135.910205, 69.111475], [-135.691455, 69.311182], [-135.614941, 69.291016], [-135.499561, 69.337158], [-135.292822, 69.307861], [-135.25498, 69.323828], [-135.229785, 69.425195], [-135.14082, 69.467822], [-134.456836, 69.477637], [-134.495361, 69.571924], [-134.451465, 69.665479], [-134.408936, 69.681787], [-134.242041, 69.668848], [-134.07749, 69.557861], [-133.879785, 69.507715], [-134.174316, 69.252832], [-133.694043, 69.368408], [-133.163135, 69.433887], [-133.028271, 69.508252], [-132.915332, 69.629639], [-132.840332, 69.650684], [-132.403906, 69.65874], [-132.568359, 69.698145], [-132.488477, 69.738086], [-132.333984, 69.751807], [-132.163428, 69.70498], [-131.440918, 69.91792], [-131.136377, 69.906885], [-130.926172, 70.051611], [-130.665479, 70.127051], [-130.498437, 70.143164], [-130.174951, 70.085889], [-129.944971, 70.090918], [-129.675635, 70.192969], [-129.538428, 70.105176], [-129.538184, 70.073926], [-129.648291, 69.997754], [-130.83208, 69.651465], [-131.937793, 69.534717], [-132.330762, 69.307959], [-132.686719, 69.259863], [-132.81748, 69.205762], [-133.418311, 68.844287], [-133.348389, 68.769873], [-133.196826, 68.739844], [-133.138037, 68.746582], [-133.33667, 68.835254], [-132.706006, 68.814893], [-132.532666, 68.875635], [-132.739111, 68.922461], [-132.770117, 69.012158], [-132.718945, 69.079199], [-131.919629, 69.290527], [-131.786914, 69.371289], [-131.820166, 69.401611], [-131.788379, 69.431982], [-131.562939, 69.461377], [-131.34292, 69.4354], [-131.303027, 69.415088], [-131.324707, 69.361182], [-131.161719, 69.45498], [-131.063428, 69.450684], [-131.013428, 69.428711], [-130.986279, 69.362891], [-130.970654, 69.209082], [-130.875049, 69.32002], [-130.515967, 69.569678], [-130.353613, 69.655811], [-130.117627, 69.720068], [-129.109131, 69.881934], [-128.898926, 69.966162], [-128.938623, 69.875], [-129.13833, 69.83252], [-129.15791, 69.800098], [-129.101709, 69.717041], [-129.054346, 69.701074], [-128.853027, 69.751025], [-128.386719, 69.960156], [-128.278613, 70.108105], [-127.683789, 70.260352], [-127.974023, 70.29292], [-128.043652, 70.32876], [-127.988916, 70.363135], [-128.170117, 70.418457], [-128.168066, 70.479785], [-128.127295, 70.523828], [-127.991016, 70.573828], [-127.752832, 70.517139], [-127.225977, 70.296143], [-126.926807, 70.061719], [-126.758691, 69.853369], [-126.612158, 69.730322], [-126.063818, 69.46709], [-125.727783, 69.37998], [-125.386768, 69.349219], [-125.171875, 69.427979], [-125.166846, 69.479785], [-125.356934, 69.625977], [-125.345508, 69.662451], [-125.219385, 69.732373], [-125.201172, 69.828809], [-125.07959, 69.817822], [-124.76792, 69.990039], [-124.990381, 70.026611], [-124.555029, 70.151221], [-124.444482, 70.110596], [-124.471924, 69.918506], [-124.406934, 69.767432], [-124.124609, 69.68999], [-124.138477, 69.653174], [-124.481348, 69.425146], [-124.426172, 69.379443], [-124.338086, 69.364844], [-123.528418, 69.389355], [-123.361475, 69.496631], [-123.213672, 69.541504], [-123.1104, 69.738135], [-123.025781, 69.81001], [-121.741846, 69.79751], [-120.962451, 69.6604], [-120.13999, 69.380566], [-118.868701, 69.257178], [-118.095215, 69.04292], [-117.226953, 68.913428], [-116.059473, 68.837012], [-116.243408, 68.974072], [-115.936084, 68.958105], [-115.806348, 68.986621], [-115.442285, 68.940918], [-114.620166, 68.746094], [-114.218164, 68.552051], [-114.092041, 68.4354], [-113.964404, 68.399072], [-114.020801, 68.306494], [-114.095947, 68.266797], [-114.765283, 68.270215], [-114.852197, 68.195264], [-115.127051, 68.132031], [-115.186768, 68.08418], [-115.16709, 68.018555], [-115.434473, 67.902344], [-115.133203, 67.819189], [-113.893213, 67.706885], [-112.503027, 67.681934], [-112.236719, 67.731104], [-111.575732, 67.756836], [-111.192188, 67.822559], [-110.990039, 67.79082], [-110.371973, 67.954199], [-110.21626, 67.954004], [-110.073926, 67.99292], [-109.936523, 67.887891], [-109.831348, 67.86582], [-109.630371, 67.732715], [-109.224316, 67.729785], [-109.038037, 67.691162], [-108.949902, 67.493945], [-108.852002, 67.421973], [-108.715137, 67.582813], [-108.61333, 67.598047], [-108.491504, 67.483301], [-108.346973, 67.403418], [-107.988721, 67.256396], [-107.90918, 67.162549], [-107.991309, 67.095166], [-108.220801, 67.050586], [-108.496045, 67.092285], [-107.760937, 66.683691], [-107.480322, 66.491797], [-107.259473, 66.398535], [-107.710352, 66.740039], [-107.745996, 66.961475], [-107.626172, 67.003125], [-107.499219, 66.936182], [-107.4021, 66.947998], [-107.156494, 66.881738], [-107.347852, 67.054785], [-107.283154, 67.103271], [-107.56748, 67.273047], [-107.644043, 67.384766], [-107.649902, 67.511279], [-107.954053, 67.7], [-107.958398, 67.818604], [-107.763086, 67.906836], [-107.728613, 67.958838], [-107.798291, 68.036914], [-106.922559, 68.11416], [-106.790723, 68.144824], [-106.668408, 68.216016], [-106.424268, 68.200586], [-106.404395, 68.319336], [-106.27124, 68.383203], [-105.933057, 68.443115], [-105.781201, 68.526562], [-105.750195, 68.592285], [-105.932227, 68.636523], [-106.458057, 68.516455], [-106.543311, 68.460596], [-106.608496, 68.357373], [-106.853711, 68.386816], [-107.146191, 68.304199], [-107.298145, 68.296436], [-107.619336, 68.331055], [-107.741504, 68.285742], [-107.677637, 68.20293], [-107.73418, 68.17373], [-108.322803, 68.154102], [-108.718115, 68.297461], [-108.313477, 68.610791], [-107.435937, 68.688867], [-106.164453, 68.919873], [-105.685596, 68.828174], [-105.539844, 68.718652], [-105.456934, 68.578076], [-105.428613, 68.458252], [-105.377441, 68.413818], [-105.101318, 68.297998], [-104.959814, 68.310547], [-104.911963, 68.250488], [-104.653174, 68.230078], [-104.661133, 68.148779], [-104.486816, 68.063184], [-104.193555, 68.031201], [-103.901562, 68.041064], [-103.474121, 68.115039], [-102.841553, 67.852734], [-102.320361, 67.735645], [-101.883643, 67.745312], [-101.55498, 67.693164], [-100.855615, 67.798975], [-100.212939, 67.838574], [-99.772949, 67.814844], [-99.032178, 67.718848], [-98.412109, 67.807178], [-98.703564, 67.965723], [-98.720068, 68.041992], [-98.631543, 68.072559], [-98.414795, 67.988428], [-97.930762, 67.710791], [-97.454932, 67.616992], [-97.194434, 67.696924], [-97.139844, 67.79624], [-97.206543, 67.855078], [-97.546631, 67.960742], [-97.739111, 67.978174], [-98.110498, 67.903027], [-98.192529, 67.922998], [-98.500293, 68.117676], [-98.380859, 68.132471], [-98.650488, 68.363525], [-98.468555, 68.382129], [-98.218555, 68.317432], [-97.794238, 68.387598], [-97.911035, 68.449512], [-97.938867, 68.510449], [-97.828564, 68.532764], [-97.639551, 68.481982], [-97.335791, 68.47915], [-96.976709, 68.25542], [-96.628174, 68.250293], [-96.430664, 68.310596], [-96.72207, 68.03877], [-96.531299, 68.063135], [-96.439355, 68.150879], [-95.970312, 68.249121], [-96.036035, 68.157764], [-96.198828, 67.717822], [-96.371387, 67.553857], [-96.369141, 67.509766], [-96.18501, 67.375586], [-96.141455, 67.271826], [-95.719922, 67.316797], [-95.695166, 67.29873], [-95.777686, 67.184619], [-95.557031, 67.215283], [-95.415918, 67.155566], [-95.418896, 67.013232], [-95.502246, 66.979883], [-95.768652, 66.966699], [-96.019531, 67.01875], [-96.215576, 66.997705], [-96.350439, 67.07002], [-96.422559, 67.051758], [-96.359521, 66.989404], [-95.885303, 66.741357], [-95.813281, 66.690137], [-95.787549, 66.616797], [-95.743164, 66.69043], [-96.016113, 66.870459], [-96.036865, 66.9375], [-95.625049, 66.91626], [-95.399658, 66.949463], [-95.354102, 66.980713], [-95.321094, 67.15249], [-95.25874, 67.262549], [-95.463379, 67.610205], [-95.650488, 67.737451], [-95.460693, 68.021387], [-95.125879, 68.083301], [-94.861035, 68.04165], [-94.744434, 68.070898], [-93.927734, 68.473828], [-93.448926, 68.618896], [-93.643945, 68.633105], [-93.676172, 68.685986], [-93.681445, 68.887256], [-93.765723, 68.96958], [-93.852441, 69.000342], [-93.896094, 68.982178], [-93.991553, 68.820605], [-94.064893, 68.784766], [-94.47832, 68.742773], [-94.600439, 68.803223], [-94.562549, 68.91167], [-94.083643, 69.123096], [-94.255371, 69.151465], [-94.284961, 69.241602], [-94.254736, 69.31377], [-93.619482, 69.416992], [-93.820459, 69.252637], [-93.748535, 69.226123], [-93.430957, 69.375049], [-93.537061, 69.382324], [-93.532275, 69.480908], [-93.649805, 69.519043], [-94.015283, 69.446729], [-94.270801, 69.455127], [-94.633838, 69.649658], [-94.712695, 69.649414], [-94.82251, 69.577783], [-96.050146, 69.831152], [-96.492383, 70.124902], [-96.551367, 70.210303], [-96.545605, 70.327246], [-96.226416, 70.541699], [-96.048145, 70.56709], [-95.878613, 70.548975], [-95.988184, 70.616846], [-95.886328, 70.694287], [-96.186426, 70.638281], [-96.358887, 70.678662], [-96.548926, 70.80874], [-96.551074, 70.889746], [-96.47041, 71.069727], [-96.524756, 71.127051], [-96.420752, 71.176465], [-96.446582, 71.239893], [-96.405664, 71.273633], [-96.062012, 71.413867], [-95.725391, 71.328174], [-95.564258, 71.336768], [-95.40625, 71.49165], [-95.773389, 71.514258], [-95.872314, 71.573145], [-95.615918, 71.6854], [-95.51167, 71.776807], [-95.201221, 71.903711], [-94.734863, 71.982959], [-94.55708, 71.978955], [-94.491064, 71.915527], [-94.478809, 71.848584], [-94.30835, 71.764893], [-93.810205, 71.76626], [-93.746289, 71.742822], [-93.781641, 71.674316], [-93.762842, 71.638037], [-93.256348, 71.46084]]]}}, {"type": "Feature", "properties": {"kind": "land"}, "geometry": {"type": "Polygon", "coordinates": [[[-93.19668, 61.918555], [-93.075781, 61.93501], [-92.993018, 61.889697], [-93.084814, 61.841699], [-93.19668, 61.918555]]]}}, {"type": "Feature", "properties": {"kind": "land"}, "geometry": {"type": "Polygon", "coordinates": [[[-107.805518, 66.998584], [-107.83335, 66.921338], [-107.943945, 66.857812], [-108.092725, 67.005176], [-107.805518, 66.998584]]]}}, {"type": "Feature", "properties": {"kind": "land"}, "geometry": {"type": "Polygon", "coordinates": [[[-107.990869, 67.622119], [-107.989355, 67.513574], [-107.890967, 67.437207], [-107.950244, 67.318213], [-108.152246, 67.429443], [-108.127539, 67.628564], [-108.048975, 67.664893], [-107.990869, 67.622119]]]}}, {"type": "Feature", "properties": {"kind": "land"}, "geometry": {"type": "Polygon", "coordinates": [[[-109.166406, 67.982373], [-108.970508, 67.979736], [-108.886035, 67.898535], [-108.920166, 67.878809], [-109.09624, 67.924023], [-109.161523, 67.951709], [-109.166406, 67.982373]]]}}, {"type": "Feature", "properties": {"kind": "land"}, "geometry": {"type": "Polygon", "coordinates": [[[-109.341699, 68.04585], [-109.323145, 67.990869], [-109.36084, 67.987598], [-109.497949, 68.047021], [-109.469141, 68.097998], [-109.341699, 68.04585]]]}}, {"type": "Feature", "properties": {"kind": "land"}, "geometry": {"type": "Polygon", "coordinates": [[[-104.602002, 68.561523], [-104.472119, 68.503516], [-104.440479, 68.449512], [-104.540674, 68.405908], [-104.699463, 68.418262], [-104.965234, 68.491748], [-105.051367, 68.559033], [-104.907275, 68.581787], [-104.602002, 68.561523]]]}}, {"type": "Feature", "properties": {"kind": "land"}, "geometry": {"type": "Polygon", "coordinates": [[[-101.759326, 68.774609], [-101.721631, 68.724121], [-101.732031, 68.652148], [-101.845898, 68.586328], [-102.308154, 68.681982], [-102.013379, 68.825391], [-101.759326, 68.774609]]]}}, {"type": "Feature", "properties": {"kind": "land"}, "geometry": {"type": "Polygon", "coordinates": [[[-100.596533, 68.766406], [-100.625391, 68.815918], [-100.611572, 68.990186], [-100.565479, 69.026807], [-100.413965, 69.028076], [-100.178467, 68.903906], [-100.248779, 68.775049], [-100.365723, 68.728809], [-100.496924, 68.792236], [-100.596533, 68.766406]]]}}, {"type": "Feature", "properties": {"kind": "land"}, "geometry": {"type": "Polygon", "coordinates": [[[-100.035352, 69.086572], [-99.994678, 69.013525], [-100.018018, 68.954004], [-100.195703, 68.991455], [-100.247363, 69.052783], [-100.153125, 69.129492], [-100.035352, 69.086572]]]}}, {"type": "Feature", "properties": {"kind": "land"}, "geometry": {"type": "Polygon", "coordinates": [[[-96.299951, 69.344385], [-95.951367, 69.02373], [-95.751367, 68.897656], [-95.585498, 68.835107], [-95.37417, 68.892139], [-95.267773, 68.826074], [-95.465576, 68.747266], [-95.685645, 68.73584], [-95.894629, 68.627246], [-96.401562, 68.470703], [-96.598828, 68.46084], [-97.008398, 68.538672], [-97.472021, 68.543701], [-97.885352, 68.672461], [-98.235059, 68.739355], [-98.320557, 68.842725], [-98.539648, 68.798242], [-98.775244, 68.816748], [-98.859131, 68.864355], [-98.904492, 68.932422], [-99.057373, 68.917676], [-99.093848, 68.898877], [-99.090625, 68.86333], [-99.254004, 68.863184], [-99.440869, 68.917676], [-99.564062, 69.034131], [-99.455713, 69.131201], [-98.912207, 69.167578], [-98.503516, 69.308301], [-98.450391, 69.354053], [-98.558545, 69.461426], [-98.448389, 69.479541], [-98.534375, 69.527441], [-98.545996, 69.5729], [-98.389355, 69.565039], [-98.222314, 69.484521], [-98.041357, 69.456641], [-98.162988, 69.512207], [-98.288818, 69.629004], [-98.301221, 69.691699], [-98.200488, 69.796973], [-97.888965, 69.858252], [-97.691211, 69.84126], [-97.411377, 69.738477], [-97.385693, 69.700244], [-97.469434, 69.666797], [-97.408643, 69.630762], [-97.236084, 69.673486], [-96.875195, 69.51001], [-96.299951, 69.344385]]]}}, {"type": "Feature", "properties": {"kind": "land"}, "geometry": {"type": "Polygon", "coordinates": [[[-95.670166, 69.402002], [-95.704102, 69.538037], [-95.763623, 69.559619], [-95.806201, 69.560498], [-95.811816, 69.447021], [-95.893457, 69.351758], [-95.985937, 69.391895], [-95.994775, 69.469678], [-95.93623, 69.567041], [-95.797754, 69.625732], [-95.60249, 69.601807], [-95.380908, 69.506592], [-95.399414, 69.419775], [-95.49624, 69.350098], [-95.730127, 69.347559], [-95.670166, 69.402002]]]}}, {"type": "Feature", "properties": {"kind": "land"}, "geometry": {"type": "Polygon", "coordinates": [[[-101.356494, 69.539697], [-101.312891, 69.576074], [-101.244873, 69.573535], [-101.09834, 69.540771], [-101.000635, 69.461914], [-101.268506, 69.390576], [-101.289502, 69.44126], [-101.207324, 69.479834], [-101.356494, 69.539697]]]}}, {"type": "Feature", "properties": {"kind": "land"}, "geometry": {"type": "Polygon", "coordinates": [[[-100.433936, 70.649414], [-100.276123, 70.594629], [-100.321094, 70.578369], [-100.30835, 70.495801], [-100.620654, 70.546924], [-100.67832, 70.646191], [-100.635303, 70.670312], [-100.433936, 70.649414]]]}}, {"type": "Feature", "properties": {"kind": "land"}, "geometry": {"type": "Polygon", "coordinates": [[[-113.500049, 72.694434], [-113.491406, 72.82207], [-113.449854, 72.863232], [-113.208008, 72.981006], [-113.073535, 72.995264], [-112.753613, 72.986035], [-112.048096, 72.888037], [-111.269727, 72.713721], [-111.250391, 72.668555], [-111.355518, 72.572119], [-111.610889, 72.435596], [-111.895166, 72.356104], [-111.675098, 72.300146], [-111.311182, 72.454834], [-111.253418, 72.449072], [-111.287256, 72.401123], [-111.268066, 72.363867], [-111.139893, 72.365332], [-110.781543, 72.533887], [-110.439307, 72.63335], [-110.205127, 72.661279], [-110.197168, 72.758887], [-110.553613, 72.861426], [-110.689404, 72.944531], [-110.66084, 73.008203], [-110.008447, 72.983643], [-109.121924, 72.726416], [-108.968164, 72.654102], [-108.994434, 72.595996], [-108.75498, 72.551074], [-108.627734, 72.412012], [-108.46958, 72.13877], [-108.276416, 71.900391], [-108.188232, 71.723779], [-107.812842, 71.626172], [-107.687256, 71.716113], [-107.346924, 71.819238], [-107.329297, 71.835254], [-107.376855, 71.886084], [-107.306006, 71.894678], [-107.542627, 72.025342], [-107.69585, 72.149316], [-107.794043, 72.302637], [-107.82373, 72.442773], [-107.93252, 72.52041], [-107.934375, 72.587744], [-107.997168, 72.652686], [-108.237402, 73.149902], [-108.20415, 73.183057], [-107.936182, 73.217139], [-108.07749, 73.281396], [-108.089404, 73.303711], [-108.029053, 73.34873], [-107.72002, 73.329053], [-107.113477, 73.192139], [-106.950781, 73.276025], [-106.482129, 73.196191], [-105.812695, 73.010645], [-105.415137, 72.78833], [-105.430078, 72.740381], [-105.323193, 72.634814], [-105.234082, 72.415088], [-104.87832, 71.97998], [-104.385937, 71.576953], [-104.355811, 71.38208], [-104.563086, 71.132422], [-104.56958, 71.104053], [-104.514795, 71.064258], [-104.166846, 70.927197], [-103.953467, 70.762646], [-103.58457, 70.630859], [-103.077197, 70.508838], [-103.001221, 70.540967], [-103.082812, 70.619092], [-103.088574, 70.649707], [-103.049561, 70.655078], [-102.750488, 70.521875], [-101.989844, 70.285059], [-101.676318, 70.278271], [-101.626807, 70.24834], [-101.618457, 70.172412], [-101.562402, 70.13501], [-101.090771, 70.135693], [-100.97334, 70.029492], [-100.905713, 69.811719], [-100.935107, 69.715332], [-101.043701, 69.668701], [-101.337256, 69.710254], [-101.483838, 69.850195], [-101.647656, 69.698535], [-102.234326, 69.842236], [-102.595898, 69.71792], [-102.534863, 69.620801], [-102.621094, 69.551514], [-102.919775, 69.564648], [-103.303223, 69.674316], [-103.434766, 69.667676], [-103.464893, 69.644482], [-103.418018, 69.611426], [-103.048926, 69.471777], [-103.039795, 69.367578], [-103.120215, 69.20459], [-102.884082, 69.341309], [-102.446777, 69.476318], [-102.151416, 69.487695], [-101.978223, 69.425098], [-102.066895, 69.337109], [-102.046094, 69.257666], [-101.872852, 69.239941], [-101.789258, 69.181641], [-101.787793, 69.132275], [-101.857129, 69.023975], [-102.895068, 68.823633], [-103.468213, 68.808545], [-104.067334, 68.865576], [-104.352686, 68.928174], [-104.571436, 68.872119], [-105.105859, 68.92041], [-105.169287, 68.955371], [-105.021631, 69.05249], [-105.01958, 69.08125], [-106.140869, 69.162012], [-106.341162, 69.224365], [-106.361377, 69.381055], [-106.419971, 69.41377], [-106.659082, 69.4396], [-106.855811, 69.347314], [-107.033447, 69.180762], [-107.439893, 69.002148], [-108.36499, 68.934766], [-108.945898, 68.759814], [-109.472119, 68.676709], [-110.848096, 68.578418], [-111.127588, 68.58833], [-111.310937, 68.542041], [-113.019531, 68.481348], [-113.231396, 68.5354], [-113.554834, 68.767578], [-113.616846, 68.838477], [-113.592529, 68.959863], [-113.694141, 69.19502], [-114.322949, 69.269141], [-115.618115, 69.282959], [-116.101562, 69.337158], [-116.513477, 69.424609], [-116.609473, 69.512012], [-117.104004, 69.804248], [-117.19541, 70.054053], [-117.135449, 70.100146], [-116.553809, 70.175049], [-114.592334, 70.312451], [-112.637891, 70.225244], [-112.189648, 70.275586], [-111.783691, 70.2729], [-111.632568, 70.308838], [-112.11416, 70.446875], [-113.757275, 70.690723], [-115.990918, 70.586279], [-116.327295, 70.62373], [-116.992529, 70.603662], [-117.587061, 70.629541], [-118.264062, 70.88833], [-118.376514, 70.967725], [-118.269092, 71.034717], [-117.814063, 71.158447], [-115.89165, 71.381787], [-116.045312, 71.423096], [-116.043945, 71.454297], [-115.980273, 71.469287], [-115.471875, 71.46582], [-115.303418, 71.493701], [-115.58667, 71.546387], [-116.780273, 71.444189], [-117.935645, 71.39209], [-118.188184, 71.435937], [-118.226465, 71.46709], [-118.14834, 71.525732], [-117.878418, 71.56084], [-117.742334, 71.659326], [-118.583008, 71.649023], [-118.868408, 71.686768], [-118.987695, 71.764258], [-118.98418, 71.913086], [-118.944629, 71.985547], [-118.589844, 72.16748], [-118.213477, 72.262891], [-118.245898, 72.311035], [-118.481299, 72.427686], [-118.374512, 72.533887], [-117.551709, 72.831104], [-116.573242, 73.054932], [-114.638232, 73.372656], [-114.206396, 73.297803], [-114.127051, 73.230713], [-114.051709, 73.070996], [-114.05376, 72.958057], [-114.10918, 72.860986], [-114.521533, 72.59292], [-113.692432, 72.672803], [-113.578076, 72.6521], [-113.500049, 72.694434]]]}}, {"type": "Feature", "properties": {"kind": "land"}, "geometry": {"type": "Polygon", "coordinates": [[[-97.327051, 73.861865], [-97.170508, 73.824854], [-96.996582, 73.674902], [-97.156396, 73.592187], [-97.489795, 73.526611], [-97.596973, 73.536621], [-97.625879, 73.502295], [-97.58584, 73.471143], [-97.350293, 73.480957], [-97.230371, 73.421289], [-97.27251, 73.386816], [-97.795898, 73.285303], [-98.375586, 73.044678], [-98.436963, 73.000244], [-98.430908, 72.958057], [-98.36665, 72.934131], [-97.939404, 73.035596], [-97.636328, 73.027637], [-97.32876, 72.937842], [-97.29585, 72.918018], [-97.377686, 72.864941], [-97.083008, 72.762842], [-97.0729, 72.717578], [-97.158936, 72.642773], [-97.128125, 72.627588], [-96.671289, 72.713184], [-96.54209, 72.69873], [-96.445605, 72.552441], [-96.472852, 72.434375], [-96.638281, 72.342041], [-96.801465, 72.322412], [-96.66875, 72.27124], [-96.592871, 72.204492], [-96.618115, 72.145898], [-96.766309, 72.045947], [-96.624365, 71.967578], [-96.613428, 71.833838], [-96.946484, 71.791895], [-97.222217, 71.673486], [-97.582275, 71.629688], [-98.181348, 71.662451], [-98.283887, 71.715527], [-98.322705, 71.852344], [-98.458838, 71.773193], [-98.231445, 71.558936], [-98.198633, 71.440869], [-98.535937, 71.317627], [-98.662891, 71.3021], [-98.98623, 71.369482], [-99.167139, 71.367188], [-99.276172, 71.424219], [-99.403662, 71.557178], [-99.734717, 71.757227], [-100.325684, 72.003857], [-100.594482, 72.152344], [-100.983643, 72.210059], [-101.208545, 72.316992], [-101.49834, 72.277881], [-101.723926, 72.314893], [-101.973682, 72.486133], [-102.402246, 72.594727], [-102.65708, 72.719434], [-102.713672, 72.78291], [-102.628467, 72.910791], [-102.503809, 73.005908], [-102.204004, 73.077295], [-101.922461, 73.056982], [-101.754541, 72.942822], [-101.543604, 72.883057], [-101.273193, 72.72168], [-101.087598, 72.713281], [-100.484766, 72.772949], [-100.442578, 72.806836], [-100.395703, 72.977002], [-100.18833, 72.890283], [-100.092383, 72.944971], [-100.282666, 73.120312], [-100.531396, 73.138281], [-100.536377, 73.197852], [-100.489307, 73.233936], [-100.340723, 73.265186], [-100.066992, 73.211084], [-99.825146, 73.213867], [-100.005908, 73.239502], [-100.366113, 73.359033], [-100.587012, 73.299561], [-100.889355, 73.275342], [-101.450879, 73.430957], [-101.523193, 73.486377], [-101.323145, 73.571973], [-100.975781, 73.599756], [-100.52168, 73.449316], [-100.536328, 73.509717], [-100.607129, 73.575391], [-100.782715, 73.612939], [-100.952588, 73.691406], [-100.985107, 73.765332], [-100.915137, 73.805371], [-100.483643, 73.843506], [-99.991113, 73.795166], [-99.911865, 73.847021], [-100.153809, 73.844092], [-100.227051, 73.889111], [-100.001904, 73.945898], [-99.157959, 73.731592], [-98.151855, 73.818213], [-97.832178, 73.879346], [-97.327051, 73.861865]]]}}, {"type": "Feature", "properties": {"kind": "land"}, "geometry": {"type": "Polygon", "coordinates": [[[-119.08252, 74.021191], [-118.744141, 74.19209], [-118.543994, 74.244629], [-117.965869, 74.266064], [-117.514844, 74.231738], [-116.950391, 74.101416], [-115.957715, 73.747949], [-115.634326, 73.665527], [-115.455664, 73.584668], [-115.392822, 73.501953], [-115.446875, 73.438867], [-115.524463, 73.416748], [-116.48252, 73.253223], [-118.961572, 72.684131], [-119.131543, 72.608838], [-119.407764, 72.3604], [-119.512842, 72.302686], [-119.76748, 72.243848], [-120.179883, 72.212646], [-120.194434, 72.126758], [-120.36626, 71.888037], [-120.443164, 71.630811], [-120.619336, 71.505762], [-121.472168, 71.389014], [-121.622168, 71.447607], [-121.749365, 71.444775], [-122.156641, 71.265918], [-122.549512, 71.193555], [-122.839941, 71.097461], [-123.095654, 71.093799], [-123.314746, 71.169189], [-123.681836, 71.493115], [-124.007764, 71.677441], [-125.29668, 71.973047], [-125.845313, 71.978662], [-125.767725, 72.054248], [-125.762598, 72.1375], [-125.583789, 72.183057], [-125.633789, 72.210303], [-125.627295, 72.254834], [-125.512402, 72.307715], [-125.382764, 72.423828], [-124.987109, 72.587988], [-125.030225, 72.644775], [-125.01543, 72.776074], [-124.969678, 72.843311], [-124.564941, 72.944141], [-124.588281, 73.005322], [-124.81709, 73.058789], [-124.836426, 73.07627], [-124.804053, 73.125684], [-124.593994, 73.243311], [-124.424219, 73.418701], [-124.11416, 73.527393], [-124.030176, 73.644238], [-123.797266, 73.768164], [-123.873047, 73.827588], [-124.088037, 73.856885], [-124.191504, 73.902002], [-124.575342, 74.248145], [-124.709326, 74.327002], [-124.69624, 74.348193], [-121.50415, 74.545117], [-119.943604, 74.253711], [-119.562646, 74.232812], [-119.715381, 74.153662], [-119.728564, 74.108447], [-119.471094, 74.201221], [-119.205957, 74.197998], [-119.149609, 74.167871], [-119.131885, 74.027881], [-119.08252, 74.021191]]]}}, {"type": "Feature", "properties": {"kind": "land"}, "geometry": {"type": "Polygon", "coordinates": [[[-96.862402, 73.188818], [-96.598486, 73.073828], [-96.670605, 72.960938], [-96.943799, 72.926709], [-97.092773, 72.996924], [-97.087695, 73.098486], [-97.01499, 73.157275], [-96.862402, 73.188818]]]}}, {"type": "Feature", "properties": {"kind": "land"}, "geometry": {"type": "Polygon", "coordinates": [[[-106.921533, 73.479834], [-106.949658, 73.510352], [-106.831006, 73.599072], [-106.613965, 73.695605], [-105.317969, 73.767139], [-105.114453, 73.744434], [-104.648779, 73.614404], [-104.555078, 73.541113], [-104.552344, 73.465576], [-104.582861, 73.353906], [-104.791016, 73.167627], [-104.968652, 73.088672], [-105.074609, 72.997021], [-105.339355, 72.914893], [-106.071045, 73.196387], [-106.180029, 73.304102], [-106.525732, 73.413379], [-106.921533, 73.479834]]]}}, {"type": "Feature", "properties": {"kind": "land"}, "geometry": {"type": "Polygon", "coordinates": [[[-99.416992, 73.89541], [-99.004687, 73.964941], [-98.818164, 74.020996], [-98.061035, 74.104687], [-97.698242, 74.108691], [-97.659131, 74.071631], [-97.754736, 74.005518], [-98.146973, 73.888818], [-98.691064, 73.856494], [-98.816602, 73.817139], [-98.973926, 73.812061], [-99.416992, 73.89541]]]}}, {"type": "Feature", "properties": {"kind": "land"}, "geometry": {"type": "Polygon", "coordinates": [[[-97.656104, 74.465674], [-97.75, 74.510547], [-97.416504, 74.626563], [-97.291309, 74.576367], [-97.355518, 74.526318], [-97.656104, 74.465674]]]}}, {"type": "Feature", "properties": {"kind": "land"}, "geometry": {"type": "Polygon", "coordinates": [[[-95.352539, 74.585693], [-95.274463, 74.519189], [-95.441504, 74.506104], [-95.850732, 74.582471], [-95.660449, 74.636914], [-95.510205, 74.636768], [-95.352539, 74.585693]]]}}, {"type": "Feature", "properties": {"kind": "land"}, "geometry": {"type": "Polygon", "coordinates": [[[-93.626172, 74.660889], [-94.697266, 74.642188], [-95.286084, 74.794092], [-95.86543, 74.83042], [-96.094238, 74.93252], [-96.181738, 74.950781], [-96.270117, 74.920312], [-96.386328, 74.999463], [-96.559863, 74.990381], [-96.591162, 75.001855], [-96.596924, 75.057861], [-96.382861, 75.211377], [-96.180371, 75.240088], [-96.118408, 75.300928], [-96.124902, 75.358301], [-95.954639, 75.443799], [-95.670801, 75.528662], [-95.049512, 75.621826], [-94.648633, 75.623047], [-94.427246, 75.593359], [-93.909082, 75.42251], [-93.591211, 75.230225], [-93.497559, 75.136865], [-93.551807, 75.051172], [-93.478271, 74.951953], [-93.463477, 74.856494], [-93.547168, 74.691064], [-93.626172, 74.660889]]]}}, {"type": "Feature", "properties": {"kind": "land"}, "geometry": {"type": "Polygon", "coordinates": [[[-104.47417, 75.413037], [-104.074658, 75.424512], [-103.916992, 75.391846], [-103.804102, 75.345508], [-103.642139, 75.162939], [-103.813916, 75.079736], [-104.308691, 75.030957], [-104.634326, 75.061279], [-104.887402, 75.147754], [-104.648828, 75.349756], [-104.47417, 75.413037]]]}}, {"type": "Feature", "properties": {"kind": "land"}, "geometry": {"type": "Polygon", "coordinates": [[[-96.969629, 75.412646], [-97.020654, 75.468066], [-96.982812, 75.509814], [-96.5229, 75.583643], [-96.367822, 75.654639], [-95.959863, 75.554346], [-96.156396, 75.477246], [-96.461621, 75.494238], [-96.722852, 75.380762], [-96.857129, 75.369141], [-96.969629, 75.412646]]]}}, {"type": "Feature", "properties": {"kind": "land"}, "geometry": {"type": "Polygon", "coordinates": [[[-108.020703, 75.804785], [-107.917529, 75.802148], [-107.540918, 75.901172], [-107.216211, 75.891553], [-107.050391, 75.84541], [-106.913525, 75.679639], [-106.891699, 75.782422], [-106.688086, 75.819043], [-106.820068, 75.872412], [-106.862061, 75.930078], [-106.845654, 75.951562], [-106.677002, 76.02373], [-106.396582, 76.060107], [-105.904834, 76.008984], [-105.632666, 75.945361], [-105.563281, 75.880664], [-105.481445, 75.702246], [-105.519482, 75.632373], [-105.678418, 75.501367], [-105.702637, 75.4125], [-105.862598, 75.191553], [-106.092627, 75.089453], [-107.153418, 74.927148], [-107.820068, 75.000049], [-108.474756, 74.947217], [-108.751318, 74.991943], [-108.633301, 75.023291], [-108.831299, 75.064893], [-109.503125, 74.882764], [-110.386719, 74.813965], [-110.940869, 74.638721], [-111.728711, 74.501953], [-112.519336, 74.416846], [-113.016895, 74.401904], [-113.514062, 74.430078], [-114.174756, 74.57373], [-114.376953, 74.67085], [-114.132471, 74.766113], [-113.324316, 74.875293], [-112.835986, 74.975586], [-111.671094, 75.019434], [-111.257959, 75.127734], [-111.033496, 75.226758], [-111.181201, 75.260449], [-111.62085, 75.167773], [-112.21416, 75.13291], [-112.59707, 75.21167], [-112.951367, 75.107812], [-113.711768, 75.068604], [-113.844971, 75.112207], [-113.886035, 75.210938], [-113.85332, 75.259375], [-113.758789, 75.321729], [-113.46709, 75.416113], [-113.878516, 75.375439], [-114.016504, 75.434277], [-114.074902, 75.392383], [-114.168457, 75.239502], [-114.513818, 75.275488], [-114.357764, 75.171289], [-114.356104, 75.140967], [-114.451758, 75.087891], [-115.020117, 74.976172], [-115.279639, 75.101562], [-115.413184, 75.11499], [-115.537305, 75.080713], [-115.608984, 75.00957], [-115.728857, 74.968115], [-116.142627, 75.041553], [-116.476074, 75.171777], [-117.004834, 75.156104], [-117.501953, 75.203857], [-117.600098, 75.27168], [-117.513135, 75.356787], [-117.257617, 75.459521], [-116.077148, 75.492969], [-115.335352, 75.618066], [-115.141846, 75.678516], [-115.121875, 75.705811], [-116.425635, 75.585352], [-117.025195, 75.601514], [-117.163623, 75.644873], [-116.972656, 75.745752], [-116.802148, 75.771582], [-115.476855, 75.841309], [-114.991504, 75.896338], [-116.337891, 75.881055], [-116.654297, 75.929297], [-116.664551, 75.957568], [-116.549658, 76.016846], [-116.609766, 76.07373], [-116.591309, 76.095801], [-116.209863, 76.194434], [-114.778613, 76.172607], [-115.796875, 76.252539], [-115.831738, 76.295801], [-115.779297, 76.364697], [-115.580664, 76.4375], [-114.998486, 76.497461], [-114.534766, 76.501758], [-114.193945, 76.451465], [-114.115771, 76.39585], [-114.112793, 76.349463], [-114.058838, 76.300732], [-113.823486, 76.206836], [-113.171289, 76.257764], [-112.697607, 76.201709], [-111.865234, 75.939307], [-111.867627, 75.910742], [-112.080908, 75.847412], [-112.056689, 75.834229], [-111.549121, 75.822119], [-111.275684, 75.6125], [-111.052686, 75.548535], [-109.086377, 75.506494], [-109.005029, 75.51499], [-108.912598, 75.586963], [-108.899512, 75.624072], [-108.944775, 75.698975], [-109.796045, 75.863037], [-109.870508, 75.929053], [-109.454639, 76.02124], [-109.416602, 76.071826], [-109.430371, 76.109131], [-109.710156, 76.212451], [-109.907812, 76.222656], [-110.200781, 76.289453], [-110.284863, 76.332959], [-110.309473, 76.397412], [-109.864844, 76.522363], [-109.338525, 76.759961], [-109.098242, 76.811865], [-108.831641, 76.821143], [-108.466992, 76.737598], [-108.635156, 76.608545], [-108.627637, 76.586719], [-108.559521, 76.536328], [-108.5125, 76.438916], [-108.193555, 76.330078], [-108.123193, 76.233447], [-108.381885, 76.115723], [-108.406152, 76.085059], [-108.386816, 76.066553], [-107.852295, 76.057715], [-107.723486, 75.99541], [-107.755176, 75.940283], [-108.020703, 75.804785]]]}}, {"type": "Feature", "properties": {"kind": "land"}, "geometry": {"type": "Polygon", "coordinates": [[[-118.626074, 75.90625], [-118.13667, 75.994482], [-117.75249, 76.112451], [-117.512598, 76.099414], [-117.499121, 76.077197], [-117.89082, 75.805469], [-118.328125, 75.579688], [-118.613867, 75.51543], [-118.817139, 75.522119], [-119.39458, 75.617334], [-118.626074, 75.90625]]]}}, {"type": "Feature", "properties": {"kind": "land"}, "geometry": {"type": "Polygon", "coordinates": [[[-97.613477, 76.052637], [-97.652148, 75.940186], [-97.60166, 75.851074], [-97.890527, 75.760352], [-97.40752, 75.67251], [-97.409619, 75.5521], [-97.336035, 75.419824], [-97.65332, 75.507764], [-97.878223, 75.416113], [-97.852734, 75.260303], [-97.704883, 75.19082], [-97.659912, 75.151172], [-97.674316, 75.127295], [-97.842725, 75.121826], [-98.06875, 75.19917], [-98.076758, 75.152979], [-97.95332, 75.060156], [-98.120947, 75.032715], [-98.703516, 75.005811], [-99.155811, 75.015723], [-99.326123, 75.049414], [-99.626904, 74.98374], [-100.234375, 75.007715], [-100.356641, 75.066748], [-100.483496, 75.188428], [-100.459473, 75.219092], [-100.145703, 75.246143], [-100.731152, 75.346533], [-100.711914, 75.406348], [-100.279639, 75.460986], [-99.756006, 75.633398], [-99.209424, 75.668604], [-99.19458, 75.698389], [-99.915137, 75.68125], [-101.206836, 75.59043], [-101.461328, 75.60791], [-102.541406, 75.513623], [-102.700391, 75.543604], [-102.79751, 75.599658], [-102.252051, 75.777734], [-102.270654, 75.812793], [-102.144727, 75.875049], [-101.942822, 75.883838], [-101.261426, 75.758203], [-100.972803, 75.798438], [-101.288037, 75.789111], [-101.505908, 75.918066], [-101.431348, 75.991992], [-101.716797, 76.00791], [-101.872119, 76.083105], [-101.771387, 76.150098], [-101.528955, 76.217285], [-101.557031, 76.23584], [-101.909814, 76.234375], [-102.137744, 76.284863], [-102.104687, 76.331201], [-101.964209, 76.399023], [-101.787549, 76.45127], [-101.339746, 76.410498], [-101.139062, 76.345166], [-101.055811, 76.245557], [-100.020117, 75.939551], [-99.774854, 75.927393], [-99.688916, 75.959717], [-99.97832, 76.029492], [-100.112842, 76.117236], [-100.085791, 76.133545], [-99.541064, 76.146289], [-100.414209, 76.242529], [-99.977734, 76.312451], [-100.174658, 76.359277], [-100.650684, 76.395947], [-100.890771, 76.475488], [-100.829736, 76.523877], [-100.387939, 76.613574], [-99.669043, 76.624121], [-99.169629, 76.453662], [-98.890332, 76.465576], [-99.023633, 76.614551], [-98.940869, 76.643164], [-98.71084, 76.693848], [-98.527588, 76.667383], [-98.236182, 76.575342], [-97.725879, 76.496094], [-97.689746, 76.421826], [-97.73877, 76.335254], [-97.530664, 76.181543], [-97.531055, 76.109424], [-97.613477, 76.052637]]]}}, {"type": "Feature", "properties": {"kind": "land"}, "geometry": {"type": "Polygon", "coordinates": [[[-120.913965, 75.9375], [-120.878711, 75.906689], [-120.954932, 75.78877], [-121.076221, 75.745264], [-121.240918, 75.751855], [-121.026318, 75.84751], [-121.042285, 75.902979], [-120.913965, 75.9375]]]}}, {"type": "Feature", "properties": {"kind": "land"}, "geometry": {"type": "Polygon", "coordinates": [[[-94.839795, 75.954443], [-94.498682, 75.992188], [-94.296289, 75.788086], [-94.526562, 75.749316], [-94.751465, 75.769678], [-94.894092, 75.911865], [-94.839795, 75.954443]]]}}, {"type": "Feature", "properties": {"kind": "land"}, "geometry": {"type": "Polygon", "coordinates": [[[-103.314746, 75.764209], [-103.041504, 75.918848], [-103.201562, 75.958496], [-103.769775, 75.892383], [-103.985254, 75.933105], [-103.800781, 76.037012], [-104.24248, 76.046973], [-104.406055, 76.108496], [-104.350635, 76.182324], [-104.012061, 76.222998], [-103.098242, 76.311475], [-102.728027, 76.307031], [-102.584082, 76.281641], [-102.490039, 76.095068], [-102.008008, 75.939404], [-102.423437, 75.869189], [-102.57959, 75.780225], [-103.314746, 75.764209]]]}}, {"type": "Feature", "properties": {"kind": "land"}, "geometry": {"type": "Polygon", "coordinates": [[[-103.199512, 76.37085], [-103.472217, 76.329053], [-104.35752, 76.334619], [-104.603027, 76.582715], [-104.500391, 76.630371], [-104.074512, 76.666113], [-103.959082, 76.63877], [-104.022852, 76.583105], [-103.722754, 76.601074], [-103.584619, 76.538867], [-103.033545, 76.431494], [-103.199512, 76.37085]]]}}, {"type": "Feature", "properties": {"kind": "land"}, "geometry": {"type": "Polygon", "coordinates": [[[-100.269141, 76.734131], [-101.226123, 76.579346], [-101.485205, 76.575], [-101.613086, 76.60459], [-101.165039, 76.66543], [-100.886475, 76.742676], [-100.269141, 76.734131]]]}}, {"type": "Feature", "properties": {"kind": "land"}, "geometry": {"type": "Polygon", "coordinates": [[[-115.810059, 76.939111], [-115.912891, 76.908447], [-116.252734, 76.901416], [-115.94458, 76.73623], [-115.984814, 76.686914], [-116.220459, 76.611084], [-116.999219, 76.531592], [-117.044482, 76.373096], [-117.233594, 76.281543], [-117.492383, 76.272705], [-117.992969, 76.405811], [-118.020215, 76.446533], [-118.00542, 76.49668], [-117.807617, 76.733936], [-117.780469, 76.784277], [-117.81792, 76.804102], [-118.300586, 76.73667], [-118.409131, 76.662305], [-118.468164, 76.547363], [-118.791406, 76.512988], [-118.820752, 76.48584], [-118.799561, 76.46377], [-118.643896, 76.417529], [-118.624512, 76.365869], [-118.643408, 76.334668], [-118.851123, 76.257812], [-118.993945, 76.144873], [-119.168213, 76.126514], [-119.36792, 76.221777], [-119.52373, 76.340283], [-119.580371, 76.326514], [-119.648926, 76.279883], [-119.639648, 76.156689], [-119.739648, 76.117725], [-119.549707, 76.052051], [-119.526123, 75.997217], [-119.912891, 75.858838], [-120.408887, 75.825635], [-120.563281, 76.008447], [-120.637158, 76.034033], [-120.771582, 76.166309], [-120.848389, 76.182666], [-120.900098, 76.163428], [-121.019287, 76.020264], [-121.213477, 75.983691], [-121.908203, 76.034766], [-122.400488, 75.944238], [-122.533057, 75.950928], [-122.640479, 76.009082], [-122.645947, 76.031006], [-122.54624, 76.080518], [-122.608643, 76.121436], [-122.592725, 76.162061], [-122.902783, 76.134717], [-122.774023, 76.227686], [-122.423047, 76.390088], [-121.561133, 76.453467], [-121.102002, 76.660742], [-120.485352, 76.793213], [-120.310937, 76.90459], [-119.090186, 77.305078], [-118.005176, 77.381201], [-117.418604, 77.317383], [-117.279102, 77.313379], [-117.148975, 77.36084], [-116.843555, 77.339551], [-116.703613, 77.379932], [-117.029785, 77.431885], [-117.039746, 77.465137], [-116.835303, 77.528857], [-116.362598, 77.542822], [-115.475586, 77.324316], [-115.623926, 77.265918], [-116.329199, 77.137061], [-115.810059, 76.939111]]]}}, {"type": "Feature", "properties": {"kind": "land"}, "geometry": {"type": "Polygon", "coordinates": [[[-113.516504, 76.825049], [-113.487598, 76.783252], [-113.712451, 76.710547], [-114.751465, 76.758887], [-114.835254, 76.794678], [-114.419873, 76.875342], [-113.89165, 76.894873], [-113.516504, 76.825049]]]}}, {"type": "Feature", "properties": {"kind": "land"}, "geometry": {"type": "Polygon", "coordinates": [[[-105.883154, 77.626514], [-106.066113, 77.725391], [-105.862988, 77.754395], [-105.456104, 77.700928], [-105.073877, 77.548291], [-105.007227, 77.506738], [-104.955322, 77.418701], [-104.770215, 77.413232], [-104.542236, 77.337744], [-104.456982, 77.220801], [-104.493359, 77.162354], [-104.711377, 77.123975], [-105.215088, 77.18208], [-105.556348, 77.352637], [-105.747217, 77.525391], [-105.848145, 77.563428], [-105.883154, 77.626514]]]}}, {"type": "Feature", "properties": {"kind": "land"}, "geometry": {"type": "Polygon", "coordinates": [[[-93.33916, 77.629688], [-93.51958, 77.474414], [-93.836182, 77.452246], [-95.987061, 77.484131], [-96.263867, 77.594531], [-96.276611, 77.630566], [-96.142969, 77.714355], [-95.484375, 77.791992], [-95.233057, 77.753809], [-93.582861, 77.770752], [-93.300977, 77.739795], [-93.128711, 77.660156], [-93.33916, 77.629688]]]}}, {"type": "Feature", "properties": {"kind": "land"}, "geometry": {"type": "Polygon", "coordinates": [[[-110.811621, 77.803174], [-110.189209, 77.777002], [-110.117578, 77.715576], [-110.116895, 77.624707], [-110.198486, 77.524512], [-110.682861, 77.445898], [-112.176514, 77.34375], [-113.164355, 77.530273], [-113.208545, 77.580176], [-113.120654, 77.632617], [-113.283447, 77.813037], [-113.269336, 77.860059], [-113.187061, 77.912354], [-111.206592, 78.088135], [-110.458057, 78.103223], [-109.622266, 78.074756], [-109.679395, 77.999316], [-109.771777, 77.957422], [-110.865625, 77.834131], [-110.811621, 77.803174]]]}}, {"type": "Feature", "properties": {"kind": "land"}, "geometry": {"type": "Polygon", "coordinates": [[[-101.639404, 77.89209], [-101.193213, 77.829785], [-101.002051, 77.735107], [-102.079834, 77.692188], [-102.377832, 77.728125], [-102.458203, 77.770166], [-102.475049, 77.83667], [-102.447705, 77.880615], [-101.639404, 77.89209]]]}}, {"type": "Feature", "properties": {"kind": "land"}, "geometry": {"type": "Polygon", "coordinates": [[[-114.330371, 78.077539], [-114.279834, 78.004297], [-113.768018, 77.903564], [-113.619385, 77.813477], [-113.832471, 77.754639], [-114.287207, 77.721484], [-114.60835, 77.769336], [-114.98042, 77.91543], [-115.029346, 77.967529], [-114.330371, 78.077539]]]}}, {"type": "Feature", "properties": {"kind": "land"}, "geometry": {"type": "Polygon", "coordinates": [[[-102.788281, 78.218164], [-103.118213, 78.126367], [-103.252246, 78.138135], [-103.273584, 78.165771], [-103.110449, 78.24585], [-102.973291, 78.267236], [-102.891797, 78.27124], [-102.788281, 78.218164]]]}}, {"type": "Feature", "properties": {"kind": "land"}, "geometry": {"type": "Polygon", "coordinates": [[[-95.329248, 78.225049], [-94.987793, 78.136279], [-94.934277, 78.075635], [-95.199121, 77.968164], [-96.989648, 77.806006], [-97.063818, 77.859082], [-97.019092, 77.908105], [-97.42666, 77.982275], [-97.62085, 78.050244], [-97.658154, 78.090625], [-97.040918, 78.116943], [-96.944678, 78.151855], [-97.819043, 78.230615], [-97.842725, 78.262354], [-98.049512, 78.325928], [-98.069287, 78.386328], [-98.254932, 78.429248], [-98.317334, 78.476855], [-98.315625, 78.51748], [-98.060352, 78.55835], [-98.34082, 78.751221], [-98.212109, 78.804541], [-97.382324, 78.78291], [-96.475342, 78.665186], [-96.265283, 78.595361], [-96.256494, 78.551123], [-96.204492, 78.531299], [-95.412939, 78.497559], [-95.031201, 78.430273], [-94.887744, 78.360498], [-95.329248, 78.225049]]]}}, {"type": "Feature", "properties": {"kind": "land"}, "geometry": {"type": "Polygon", "coordinates": [[[-109.390527, 78.33667], [-110.418359, 78.294971], [-110.755078, 78.310742], [-111.169189, 78.386279], [-111.51748, 78.274707], [-111.759717, 78.282959], [-112.13125, 78.366064], [-113.17251, 78.283789], [-113.292578, 78.334375], [-113.149951, 78.408398], [-112.855859, 78.466846], [-112.214014, 78.547803], [-111.708789, 78.574707], [-111.071484, 78.708398], [-110.618066, 78.757812], [-110.407812, 78.756641], [-109.50415, 78.582471], [-109.342139, 78.456006], [-109.3521, 78.368652], [-109.390527, 78.33667]]]}}, {"type": "Feature", "properties": {"kind": "land"}, "geometry": {"type": "Polygon", "coordinates": [[[-102.580762, 78.930127], [-102.576172, 78.879395], [-102.424805, 78.933203], [-102.393164, 79.010303], [-101.973633, 79.079199], [-101.703662, 79.078906], [-101.037158, 78.939014], [-101.147461, 78.823975], [-101.128125, 78.80166], [-100.916992, 78.78291], [-100.435498, 78.820312], [-100.014746, 78.728613], [-99.582129, 78.563281], [-99.680176, 78.493506], [-99.847803, 78.438232], [-99.774121, 78.392969], [-99.778223, 78.325098], [-99.751367, 78.302979], [-99.562451, 78.279346], [-99.131543, 78.117529], [-98.999609, 77.996875], [-99.166406, 77.856934], [-99.955908, 77.793799], [-100.586035, 77.891797], [-100.75791, 77.977686], [-100.826172, 78.087744], [-101.074121, 78.193848], [-102.056982, 78.279541], [-102.606982, 78.248926], [-102.77207, 78.306885], [-102.784326, 78.330176], [-102.731348, 78.371045], [-103.677246, 78.31958], [-103.946582, 78.26001], [-104.512646, 78.294629], [-104.879346, 78.40127], [-104.9854, 78.468018], [-104.995557, 78.518506], [-104.727051, 78.579395], [-103.764355, 78.519531], [-103.570508, 78.539844], [-103.482568, 78.593945], [-103.587988, 78.622998], [-104.02085, 78.634912], [-103.371582, 78.736328], [-103.518359, 78.769141], [-104.18501, 78.781299], [-103.875635, 78.902686], [-104.151953, 78.989893], [-104.394824, 78.956152], [-104.736035, 78.825928], [-104.895508, 78.808154], [-104.970215, 78.82915], [-104.969531, 78.856494], [-104.735254, 78.991113], [-104.746777, 79.0271], [-104.901367, 79.051123], [-105.535645, 79.03252], [-105.580176, 79.114209], [-105.514551, 79.24248], [-105.387695, 79.323584], [-104.847363, 79.310986], [-103.706396, 79.352051], [-103.19165, 79.295312], [-102.914355, 79.231104], [-102.652295, 79.09502], [-102.648193, 79.027148], [-102.730518, 78.969336], [-102.580762, 78.930127]]]}}, {"type": "Feature", "properties": {"kind": "land"}, "geometry": {"type": "Polygon", "coordinates": [[[-99.515625, 79.887158], [-99.999902, 79.884033], [-100.092432, 79.918652], [-100.120361, 80.03042], [-100.053271, 80.093359], [-99.802783, 80.140137], [-99.016602, 80.111133], [-98.823193, 80.037354], [-98.768945, 79.850879], [-98.840625, 79.737061], [-98.945215, 79.724072], [-99.301758, 79.784082], [-99.333008, 79.839551], [-99.515625, 79.887158]]]}}, {"type": "Feature", "properties": {"kind": "land"}, "geometry": {"type": "Polygon", "coordinates": [[[-74.188184, 40.6146], [-74.100488, 40.658447], [-74.06875, 40.649316], [-74.079687, 40.586475], [-74.235889, 40.518701], [-74.188184, 40.6146]]]}}, {"type": "Feature", "properties": {"kind": "land"}, "geometry": {"type": "Polygon", "coordinates": [[[-71.903223, 41.060693], [-72.555566, 40.825781], [-73.194287, 40.654199], [-73.899561, 40.570508], [-73.79917, 40.640967], [-73.875195, 40.651611], [-73.929004, 40.598828], [-74.014893, 40.581201], [-74.032031, 40.638672], [-73.879248, 40.79165], [-73.695215, 40.87002], [-73.652246, 40.838037], [-73.642822, 40.88125], [-73.573828, 40.919629], [-72.625098, 40.991846], [-72.274121, 41.153027], [-72.580859, 40.921338], [-72.516602, 40.914795], [-72.183887, 41.046777], [-72.101904, 41.015039], [-71.903223, 41.060693]]]}}, {"type": "Feature", "properties": {"kind": "land"}, "geometry": {"type": "Polygon", "coordinates": [[[-70.233057, 41.286328], [-70.062695, 41.328467], [-70.041211, 41.397461], [-69.97793, 41.265576], [-70.055078, 41.249463], [-70.233057, 41.286328]]]}}, {"type": "Feature", "properties": {"kind": "land"}, "geometry": {"type": "Polygon", "coordinates": [[[-70.760498, 41.373584], [-70.67373, 41.448535], [-70.616016, 41.457227], [-70.525342, 41.414795], [-70.509912, 41.376318], [-70.785303, 41.327441], [-70.829199, 41.358984], [-70.760498, 41.373584]]]}}, {"type": "Feature", "properties": {"kind": "land"}, "geometry": {"type": "Polygon", "coordinates": [[[-71.364307, 41.571826], [-71.365332, 41.485254], [-71.393066, 41.466748], [-71.403418, 41.515039], [-71.364307, 41.571826]]]}}, {"type": "Feature", "properties": {"kind": "land"}, "geometry": {"type": "Polygon", "coordinates": [[[-71.34624, 41.469385], [-71.280176, 41.62002], [-71.232031, 41.654297], [-71.241406, 41.491943], [-71.34624, 41.469385]]]}}, {"type": "Feature", "properties": {"kind": "land"}, "geometry": {"type": "Polygon", "coordinates": [[[-68.701709, 44.182666], [-68.676758, 44.256201], [-68.623193, 44.196045], [-68.701709, 44.182666]]]}}, {"type": "Feature", "properties": {"kind": "land"}, "geometry": {"type": "Polygon", "coordinates": [[[-66.210352, 44.392041], [-66.324121, 44.257324], [-66.250488, 44.379004], [-66.210352, 44.392041]]]}}, {"type": "Feature", "properties": {"kind": "land"}, "geometry": {"type": "Polygon", "coordinates": [[[-68.238037, 44.438379], [-68.187256, 44.332471], [-68.309277, 44.321484], [-68.315088, 44.249707], [-68.411719, 44.294336], [-68.409473, 44.364258], [-68.347021, 44.430371], [-68.299414, 44.456494], [-68.238037, 44.438379]]]}}, {"type": "Feature", "properties": {"kind": "land"}, "geometry": {"type": "Polygon", "coordinates": [[[-66.74541, 44.791406], [-66.7625, 44.681787], [-66.89707, 44.628906], [-66.844727, 44.763916], [-66.802148, 44.805371], [-66.74541, 44.791406]]]}}, {"type": "Feature", "properties": {"kind": "land"}, "geometry": {"type": "Polygon", "coordinates": [[[-73.55166, 45.489844], [-73.643555, 45.449121], [-73.775342, 45.467627], [-73.960547, 45.441406], [-73.85293, 45.515723], [-73.687451, 45.561426], [-73.522461, 45.701172], [-73.476074, 45.704736], [-73.55166, 45.489844]]]}}, {"type": "Feature", "properties": {"kind": "land"}, "geometry": {"type": "Polygon", "coordinates": [[[-73.695312, 45.585498], [-73.857715, 45.573584], [-73.724658, 45.671826], [-73.572363, 45.694482], [-73.695312, 45.585498]]]}}, {"type": "Feature", "properties": {"kind": "land"}, "geometry": {"type": "Polygon", "coordinates": [[[-63.129395, 46.422217], [-62.163574, 46.487207], [-62.02373, 46.421582], [-62.526074, 46.202881], [-62.552002, 46.165918], [-62.543262, 46.028662], [-62.478076, 45.999707], [-62.804883, 45.973193], [-62.878369, 46.001367], [-62.903516, 46.068262], [-63.02207, 46.066602], [-62.894531, 46.123584], [-62.952637, 46.195166], [-63.015039, 46.189941], [-63.056348, 46.223926], [-63.05293, 46.269824], [-62.978467, 46.316357], [-63.270801, 46.2], [-63.152783, 46.18833], [-63.213477, 46.159863], [-63.568896, 46.209229], [-63.731787, 46.289062], [-63.800537, 46.367334], [-63.758643, 46.397607], [-64.11084, 46.425439], [-64.106543, 46.562109], [-64.136035, 46.599707], [-64.388037, 46.640869], [-64.403125, 46.691602], [-64.223242, 46.90127], [-63.993555, 47.061572], [-63.981494, 46.912988], [-64.087891, 46.775439], [-63.879297, 46.608984], [-63.863721, 46.572363], [-63.905566, 46.508789], [-63.784229, 46.454639], [-63.681445, 46.561914], [-63.368652, 46.508252], [-63.129395, 46.422217]]]}}, {"type": "Feature", "properties": {"kind": "land"}, "geometry": {"type": "Polygon", "coordinates": [[[-70.97085, 46.961426], [-70.825781, 46.995361], [-70.913477, 46.919531], [-71.11665, 46.864844], [-70.97085, 46.961426]]]}}, {"type": "Feature", "properties": {"kind": "land"}, "geometry": {"type": "Polygon", "coordinates": [[[-64.533887, 47.81377], [-64.621289, 47.751904], [-64.68457, 47.753613], [-64.663281, 47.863037], [-64.508594, 47.886719], [-64.533887, 47.81377]]]}}, {"type": "Feature", "properties": {"kind": "land"}, "geometry": {"type": "Polygon", "coordinates": [[[-64.500195, 48.01377], [-64.476074, 47.958887], [-64.591309, 47.907227], [-64.540723, 47.984961], [-64.500195, 48.01377]]]}}, {"type": "Feature", "properties": {"kind": "land"}, "geometry": {"type": "Polygon", "coordinates": [[[-79.351514, 51.968311], [-79.520605, 51.95293], [-79.64375, 52.010059], [-79.334863, 52.098145], [-79.271289, 52.086816], [-79.351514, 51.968311]]]}}, {"type": "Feature", "properties": {"kind": "land"}, "geometry": {"type": "Polygon", "coordinates": [[[-81.847314, 53.186279], [-81.335352, 53.224268], [-81.135596, 53.205811], [-80.765332, 52.923242], [-80.709521, 52.787402], [-80.731689, 52.747266], [-80.802344, 52.733984], [-81.009863, 52.760645], [-82.005029, 53.010498], [-82.039258, 53.049902], [-81.847314, 53.186279]]]}}, {"type": "Feature", "properties": {"kind": "land"}, "geometry": {"type": "Polygon", "coordinates": [[[-79.939307, 53.274268], [-80.067871, 53.324072], [-80.049707, 53.364453], [-79.974561, 53.352246], [-79.938232, 53.30415], [-79.939307, 53.274268]]]}}, {"type": "Feature", "properties": {"kind": "land"}, "geometry": {"type": "Polygon", "coordinates": [[[-79.182129, 56.212158], [-79.407422, 55.934863], [-79.495117, 55.874756], [-79.605713, 55.875684], [-79.764746, 55.806787], [-79.497461, 56.093164], [-79.544727, 56.128369], [-79.90459, 55.871045], [-80.008252, 55.911035], [-79.515283, 56.326514], [-79.458887, 56.539746], [-79.432031, 56.447461], [-79.554199, 56.191992], [-79.458301, 56.211084], [-79.339355, 56.376318], [-79.272412, 56.600439], [-79.123535, 56.519971], [-79.077734, 56.453613], [-78.963184, 56.421729], [-78.906641, 56.32041], [-79.175488, 55.885059], [-79.227832, 55.878516], [-79.273633, 55.922461], [-79.136084, 56.160254], [-79.182129, 56.212158]]]}}, {"type": "Feature", "properties": {"kind": "land"}, "geometry": {"type": "Polygon", "coordinates": [[[-78.66875, 56.438623], [-78.657178, 56.317383], [-78.710156, 56.212891], [-78.826514, 56.145312], [-78.913818, 56.132812], [-78.799414, 56.383301], [-78.724512, 56.439209], [-78.66875, 56.438623]]]}}, {"type": "Feature", "properties": {"kind": "land"}, "geometry": {"type": "Polygon", "coordinates": [[[-79.74917, 56.376514], [-79.579736, 56.466357], [-79.687939, 56.326807], [-79.977588, 56.207031], [-80.088867, 56.213867], [-80.057471, 56.287354], [-80.005078, 56.31792], [-79.74917, 56.376514]]]}}, {"type": "Feature", "properties": {"kind": "land"}, "geometry": {"type": "Polygon", "coordinates": [[[-79.482178, 56.714404], [-79.496533, 56.667285], [-79.577393, 56.644922], [-79.550732, 56.733496], [-79.583545, 56.780957], [-79.552881, 56.79873], [-79.51123, 56.771436], [-79.482178, 56.714404]]]}}, {"type": "Feature", "properties": {"kind": "land"}, "geometry": {"type": "Polygon", "coordinates": [[[-79.943652, 56.776758], [-79.945703, 56.826904], [-79.898145, 56.865283], [-79.82666, 56.843115], [-79.894482, 56.757129], [-79.943652, 56.776758]]]}}, {"type": "Feature", "properties": {"kind": "land"}, "geometry": {"type": "Polygon", "coordinates": [[[-79.742578, 57.607959], [-79.716504, 57.515527], [-79.775195, 57.514453], [-79.808447, 57.442432], [-79.838232, 57.483008], [-79.819141, 57.541602], [-79.742578, 57.607959]]]}}, {"type": "Feature", "properties": {"kind": "land"}, "geometry": {"type": "Polygon", "coordinates": [[[-69.195166, 59.146143], [-69.160059, 59.040234], [-69.22085, 58.967578], [-69.352832, 58.960742], [-69.303223, 59.144873], [-69.195166, 59.146143]]]}}, {"type": "Feature", "properties": {"kind": "land"}, "geometry": {"type": "Polygon", "coordinates": [[[-80.317236, 59.621045], [-80.298975, 59.67417], [-80.209961, 59.724609], [-80.167236, 59.708887], [-80.317236, 59.621045]]]}}, {"type": "Feature", "properties": {"kind": "land"}, "geometry": {"type": "Polygon", "coordinates": [[[-80.16709, 59.763867], [-80.041162, 59.870166], [-79.898633, 59.853125], [-80.064209, 59.770801], [-80.16709, 59.763867]]]}}, {"type": "Feature", "properties": {"kind": "land"}, "geometry": {"type": "Polygon", "coordinates": [[[-64.646289, 60.5146], [-64.407031, 60.36709], [-64.441943, 60.297852], [-64.808984, 60.4104], [-64.836426, 60.501025], [-64.646289, 60.5146]]]}}, {"type": "Feature", "properties": {"kind": "land"}, "geometry": {"type": "Polygon", "coordinates": [[[-67.978027, 60.57041], [-67.818848, 60.449512], [-67.844238, 60.39165], [-67.922314, 60.339893], [-68.233789, 60.240918], [-68.365234, 60.254053], [-68.338281, 60.360596], [-68.087598, 60.587842], [-67.978027, 60.57041]]]}}, {"type": "Feature", "properties": {"kind": "land"}, "geometry": {"type": "Polygon", "coordinates": [[[-78.669092, 60.731348], [-78.612012, 60.772314], [-78.241699, 60.818652], [-78.372461, 60.756396], [-78.669092, 60.731348]]]}}, {"type": "Feature", "properties": {"kind": "land"}, "geometry": {"type": "Polygon", "coordinates": [[[-65.129785, 61.685693], [-64.789648, 61.662207], [-64.66958, 61.593018], [-64.696387, 61.471484], [-64.879785, 61.35708], [-64.954248, 61.4104], [-65.393896, 61.562842], [-65.426807, 61.611035], [-65.432129, 61.649512], [-65.129785, 61.685693]]]}}, {"type": "Feature", "properties": {"kind": "land"}, "geometry": {"type": "Polygon", "coordinates": [[[-64.927734, 61.73252], [-65.165918, 61.797656], [-65.235352, 61.897705], [-65.125635, 61.942236], [-65.030566, 61.879053], [-64.960547, 61.87168], [-64.845508, 61.779883], [-64.927734, 61.73252]]]}}, {"type": "Feature", "properties": {"kind": "land"}, "geometry": {"type": "Polygon", "coordinates": [[[-79.323926, 62.026074], [-79.714258, 61.612549], [-79.816113, 61.594629], [-80.265186, 61.818213], [-80.275098, 62.054639], [-80.234668, 62.152686], [-80.021582, 62.342969], [-79.868066, 62.404346], [-79.545312, 62.411719], [-79.336035, 62.293701], [-79.272021, 62.185986], [-79.323926, 62.026074]]]}}, {"type": "Feature", "properties": {"kind": "land"}, "geometry": {"type": "Polygon", "coordinates": [[[-64.956494, 62.45835], [-64.8271, 62.50498], [-64.848779, 62.543311], [-64.823828, 62.55874], [-64.515332, 62.551807], [-64.418066, 62.487402], [-64.47832, 62.417871], [-64.657422, 62.383594], [-64.901221, 62.421045], [-64.956494, 62.45835]]]}}, {"type": "Feature", "properties": {"kind": "land"}, "geometry": {"type": "Polygon", "coordinates": [[[-83.01582, 62.209912], [-83.376807, 62.238135], [-83.698877, 62.160254], [-83.760937, 62.303516], [-83.903125, 62.40249], [-83.910498, 62.45415], [-83.739062, 62.568848], [-83.376416, 62.904932], [-83.289453, 62.921582], [-82.965771, 62.873926], [-82.706445, 62.944531], [-82.459717, 62.936182], [-82.234766, 62.977441], [-82.047607, 62.970557], [-81.960547, 62.926221], [-81.990186, 62.776318], [-82.113721, 62.652246], [-82.568262, 62.403223], [-83.01582, 62.209912]]]}}, {"type": "Feature", "properties": {"kind": "land"}, "geometry": {"type": "Polygon", "coordinates": [[[-74.016797, 62.662695], [-74.000439, 62.618408], [-74.253516, 62.621973], [-74.626465, 62.712744], [-74.564209, 62.733301], [-74.016797, 62.662695]]]}}, {"type": "Feature", "properties": {"kind": "land"}, "geometry": {"type": "Polygon", "coordinates": [[[-71.220117, 62.873926], [-70.674316, 62.807031], [-70.442627, 62.733789], [-70.268848, 62.578076], [-70.406348, 62.544824], [-70.766064, 62.596875], [-70.837549, 62.648096], [-70.85127, 62.704346], [-70.986133, 62.787793], [-71.136914, 62.815918], [-71.220117, 62.873926]]]}}, {"type": "Feature", "properties": {"kind": "land"}, "geometry": {"type": "Polygon", "coordinates": [[[-77.942432, 63.114404], [-78.255957, 63.239844], [-78.536768, 63.42373], [-78.507324, 63.451123], [-78.234912, 63.489551], [-77.876709, 63.470557], [-77.79209, 63.427832], [-77.703711, 63.430859], [-77.527295, 63.268945], [-77.532715, 63.233643], [-77.657666, 63.1646], [-77.942432, 63.114404]]]}}, {"type": "Feature", "properties": {"kind": "land"}, "geometry": {"type": "Polygon", "coordinates": [[[-76.921875, 63.406348], [-77.057227, 63.449756], [-77.364746, 63.58833], [-77.133691, 63.682031], [-76.763623, 63.573584], [-76.652441, 63.503564], [-76.677588, 63.393945], [-76.921875, 63.406348]]]}}, {"type": "Feature", "properties": {"kind": "land"}, "geometry": {"type": "Polygon", "coordinates": [[[-77.563623, 64.02207], [-77.714062, 63.945703], [-77.928809, 63.962012], [-77.965967, 63.99292], [-77.710791, 64.035645], [-77.563623, 64.02207]]]}}, {"type": "Feature", "properties": {"kind": "land"}, "geometry": {"type": "Polygon", "coordinates": [[[-84.084863, 65.217822], [-83.490771, 65.131787], [-83.200977, 64.959668], [-82.667627, 64.780322], [-82.27168, 64.721143], [-82.05, 64.644287], [-81.787207, 64.425977], [-81.676123, 64.212646], [-81.680908, 64.145557], [-81.902637, 64.03125], [-81.887109, 64.016406], [-81.335645, 64.075781], [-81.023584, 64.031055], [-80.921143, 64.100488], [-80.828955, 64.089941], [-80.568848, 63.931934], [-80.668262, 63.901465], [-80.261328, 63.801953], [-80.504053, 63.673779], [-81.046387, 63.461572], [-81.96333, 63.664453], [-82.378125, 63.706787], [-82.411719, 63.736523], [-82.46709, 63.926953], [-83.033887, 64.023242], [-83.016162, 64.127002], [-83.065137, 64.159033], [-83.303955, 64.143799], [-83.583594, 64.058105], [-83.661621, 63.872607], [-83.728271, 63.813379], [-84.022119, 63.659863], [-84.307617, 63.585791], [-84.506201, 63.390039], [-84.63291, 63.309229], [-84.961523, 63.197217], [-85.392627, 63.119678], [-85.495508, 63.139111], [-85.71416, 63.657959], [-85.768945, 63.700342], [-86.575684, 63.662305], [-86.915234, 63.568994], [-87.177148, 63.595117], [-87.188916, 63.672266], [-86.932031, 63.90166], [-86.421729, 64.051563], [-86.2521, 64.136865], [-86.354492, 64.376514], [-86.374268, 64.56582], [-86.188281, 65.010303], [-86.074609, 65.533838], [-85.96167, 65.704248], [-85.813965, 65.831934], [-85.554688, 65.918652], [-85.442432, 65.845557], [-85.241113, 65.795508], [-85.130371, 65.69292], [-85.105371, 65.622705], [-85.239941, 65.510303], [-85.056055, 65.437402], [-84.919629, 65.261084], [-84.84209, 65.255908], [-84.6125, 65.447314], [-84.501123, 65.458447], [-84.266406, 65.367236], [-84.084863, 65.217822]]]}}, {"type": "Feature", "properties": {"kind": "land"}, "geometry": {"type": "Polygon", "coordinates": [[[-85.096338, 65.756201], [-85.175684, 65.972412], [-85.149609, 66.015381], [-84.938574, 66.008545], [-84.691748, 65.793164], [-84.602246, 65.631494], [-84.674756, 65.575], [-84.78291, 65.570068], [-84.931152, 65.68916], [-85.096338, 65.756201]]]}}, {"type": "Feature", "properties": {"kind": "land"}, "geometry": {"type": "Polygon", "coordinates": [[[-83.332422, 65.631055], [-83.606543, 65.701367], [-83.649512, 65.657764], [-83.787549, 65.668896], [-83.798193, 65.71001], [-83.701904, 65.756201], [-83.813574, 65.7875], [-84.008496, 65.751514], [-84.118262, 65.771777], [-84.143213, 65.915967], [-84.370117, 66.011816], [-84.467383, 66.088281], [-84.407178, 66.131006], [-83.950391, 66.02749], [-83.701367, 65.920117], [-83.714893, 65.860742], [-83.765137, 65.831152], [-83.725977, 65.796729], [-83.23374, 65.715039], [-83.332422, 65.631055]]]}}, {"type": "Feature", "properties": {"kind": "land"}, "geometry": {"type": "Polygon", "coordinates": [[[-83.222266, 66.336475], [-83.123486, 66.282813], [-82.931348, 66.257324], [-83.059863, 66.199268], [-83.213916, 66.277051], [-83.222266, 66.336475]]]}}, {"type": "Feature", "properties": {"kind": "land"}, "geometry": {"type": "Polygon", "coordinates": [[[-75.090527, 67.634766], [-75.127295, 67.537305], [-75.201953, 67.45918], [-75.400098, 67.366699], [-75.780078, 67.283545], [-76.858838, 67.240479], [-77.004883, 67.266943], [-77.075928, 67.319629], [-77.224219, 67.508203], [-77.305908, 67.706104], [-77.228564, 67.850098], [-77.125879, 67.94707], [-76.688232, 68.254395], [-76.364453, 68.318701], [-75.866504, 68.336816], [-75.153809, 68.234033], [-75.103125, 68.201904], [-75.063477, 68.141211], [-75.062354, 68.075391], [-75.127344, 67.965234], [-75.090527, 67.634766]]]}}, {"type": "Feature", "properties": {"kind": "land"}, "geometry": {"type": "Polygon", "coordinates": [[[-85.065771, 71.078613], [-84.870312, 71.001807], [-84.82373, 71.028613], [-84.658105, 71.5146], [-84.659961, 71.586133], [-84.699414, 71.631445], [-85.339062, 71.697266], [-85.596191, 71.866406], [-85.911621, 71.986523], [-85.545801, 72.101562], [-85.405908, 72.214844], [-85.321875, 72.233154], [-85.01875, 72.218164], [-84.35166, 72.052637], [-84.282324, 72.058447], [-84.642969, 72.189551], [-84.841992, 72.308154], [-84.623047, 72.376563], [-84.849414, 72.40625], [-85.156396, 72.38291], [-85.391309, 72.443994], [-85.637891, 72.633203], [-85.644531, 72.774463], [-85.574609, 72.856396], [-85.454785, 72.925146], [-85.262109, 72.954004], [-84.256641, 72.796729], [-84.274268, 72.836426], [-85.383887, 73.04541], [-85.454736, 73.105469], [-85.018408, 73.335498], [-84.616064, 73.389551], [-84.416064, 73.456494], [-84.088965, 73.459375], [-83.781885, 73.416895], [-83.91499, 73.508398], [-83.904053, 73.52832], [-83.410352, 73.631689], [-82.659619, 73.72959], [-81.946143, 73.729834], [-81.605371, 73.695996], [-81.344092, 73.597754], [-81.23833, 73.479541], [-81.151758, 73.314014], [-81.025146, 73.245215], [-80.821729, 73.207178], [-80.603467, 73.121191], [-80.582764, 73.064941], [-80.619141, 72.997168], [-80.591895, 72.927686], [-80.430811, 72.81626], [-80.277246, 72.770166], [-80.322656, 72.71748], [-81.229346, 72.311719], [-81.240576, 72.27793], [-80.760791, 72.457178], [-80.611475, 72.45083], [-80.604687, 72.425781], [-80.702441, 72.338281], [-80.941211, 72.210156], [-80.691406, 72.103467], [-80.921094, 72.072314], [-80.9479, 71.916553], [-80.925146, 71.907666], [-80.802246, 71.929199], [-80.386133, 72.148779], [-80.181934, 72.208789], [-79.884375, 72.177197], [-80.108936, 72.332178], [-80.041797, 72.394238], [-79.831299, 72.446289], [-79.583691, 72.314648], [-79.427441, 72.337305], [-79.32334, 72.39082], [-79.000244, 72.272021], [-79.007812, 72.04292], [-78.775928, 71.930371], [-78.585107, 71.880615], [-78.862744, 72.10083], [-78.820117, 72.26543], [-78.699268, 72.351416], [-78.428809, 72.279785], [-78.116357, 72.280322], [-77.726025, 72.17998], [-77.516504, 72.177783], [-77.535742, 72.21875], [-78.287207, 72.359814], [-78.484277, 72.470605], [-78.422412, 72.571533], [-77.753223, 72.724756], [-76.893506, 72.720654], [-76.18877, 72.572217], [-75.704297, 72.571533], [-75.294238, 72.480859], [-75.185791, 72.434229], [-75.071484, 72.322852], [-75.039844, 72.26958], [-75.052686, 72.226367], [-75.394141, 72.039795], [-75.542773, 72.007959], [-75.922803, 71.717236], [-75.82207, 71.745898], [-75.599902, 71.918457], [-75.147656, 72.062988], [-74.694922, 72.096924], [-74.266357, 72.037695], [-74.209326, 71.978662], [-74.212598, 71.938672], [-74.315723, 71.842676], [-74.892969, 71.725537], [-75.204785, 71.709131], [-74.959473, 71.66748], [-74.700781, 71.675586], [-74.828955, 71.570898], [-74.868311, 71.504736], [-74.840723, 71.406592], [-75.035352, 71.230518], [-74.996191, 71.218115], [-74.758936, 71.338135], [-74.599561, 71.584863], [-74.488086, 71.648389], [-74.139062, 71.682227], [-73.866602, 71.771045], [-73.707227, 71.746338], [-73.713574, 71.719873], [-74.197266, 71.40415], [-74.06333, 71.426465], [-73.712842, 71.587598], [-73.481592, 71.479248], [-73.397803, 71.373437], [-73.180615, 71.282861], [-73.192187, 71.349854], [-73.310449, 71.484277], [-73.278223, 71.537988], [-72.901953, 71.677783], [-72.580615, 71.606787], [-72.116504, 71.592773], [-71.640674, 71.51626], [-71.332959, 71.403467], [-71.186523, 71.278711], [-71.49502, 71.105127], [-71.937939, 71.094287], [-72.632715, 70.830762], [-72.312549, 70.83252], [-72.00918, 71.013428], [-71.742529, 71.046875], [-71.37085, 70.975146], [-71.18623, 70.978027], [-70.826074, 71.10874], [-70.672656, 71.052197], [-70.636475, 71.006592], [-70.639111, 70.902441], [-70.761719, 70.792236], [-71.021777, 70.674121], [-71.585938, 70.565869], [-71.890186, 70.431543], [-71.727246, 70.395215], [-71.56499, 70.505664], [-71.42666, 70.5521], [-71.275879, 70.500293], [-71.27959, 70.425195], [-71.429443, 70.127783], [-71.313086, 70.209326], [-70.979785, 70.581055], [-70.560937, 70.738281], [-70.084717, 70.829541], [-69.949805, 70.84502], [-69.795703, 70.83457], [-69.695508, 70.785889], [-69.289062, 70.783447], [-68.495752, 70.610254], [-68.358252, 70.5229], [-68.363525, 70.48125], [-68.482568, 70.414844], [-68.84292, 70.314453], [-69.435693, 70.253125], [-70.061426, 70.07085], [-70.057715, 70.042627], [-69.79585, 70.046924], [-69.63457, 70.12876], [-69.483008, 70.160059], [-68.778223, 70.203564], [-68.723291, 70.145654], [-69.008301, 69.978955], [-68.744043, 69.941406], [-68.489355, 70.064844], [-68.230664, 70.112207], [-68.210449, 70.128418], [-68.327197, 70.180176], [-68.120654, 70.3146], [-67.855322, 70.281787], [-67.363672, 70.034424], [-67.195898, 69.860693], [-67.172656, 69.799463], [-67.192773, 69.756836], [-67.336719, 69.720996], [-67.806201, 69.777393], [-68.02041, 69.770068], [-68.37207, 69.644385], [-68.837109, 69.623535], [-69.227686, 69.547412], [-69.250781, 69.511914], [-68.513037, 69.577295], [-67.908252, 69.460107], [-67.360937, 69.47251], [-66.77085, 69.33667], [-66.67627, 69.258447], [-66.679297, 69.191064], [-66.802881, 69.152734], [-67.607227, 69.173193], [-67.938477, 69.248145], [-68.198193, 69.202686], [-68.406299, 69.232227], [-68.618896, 69.206006], [-69.040625, 69.097998], [-68.993457, 69.079346], [-68.415527, 69.17207], [-67.751709, 69.038672], [-67.751025, 68.933838], [-67.883203, 68.783984], [-68.450391, 68.85083], [-68.725293, 68.810205], [-69.342676, 68.869385], [-69.319092, 68.856982], [-68.871436, 68.759961], [-68.2104, 68.702979], [-68.15249, 68.681055], [-68.14834, 68.616113], [-67.938477, 68.52417], [-67.655957, 68.550732], [-67.20249, 68.465869], [-66.854199, 68.471631], [-66.713916, 68.445703], [-66.997266, 68.37417], [-67.032959, 68.326074], [-66.830957, 68.215625], [-66.923096, 68.065723], [-66.729004, 68.129004], [-66.702344, 68.120557], [-66.68457, 68.029248], [-66.662695, 68.034424], [-66.605469, 68.11001], [-66.630957, 68.210645], [-66.530762, 68.250342], [-66.212402, 68.28042], [-66.274707, 68.040771], [-66.413867, 67.904297], [-66.526465, 67.851172], [-66.392383, 67.831934], [-66.225195, 67.95874], [-65.942383, 68.070947], [-65.974902, 67.957422], [-65.864355, 67.922852], [-65.701709, 67.98667], [-65.509082, 67.968262], [-65.491113, 67.935693], [-65.552002, 67.799365], [-65.540869, 67.765625], [-65.40127, 67.674854], [-65.442236, 67.832324], [-65.415332, 67.879248], [-64.976904, 68.043408], [-64.835449, 67.98999], [-65.026025, 67.892041], [-65.071436, 67.823828], [-65.021094, 67.787549], [-64.829883, 67.784277], [-64.637793, 67.840234], [-64.527539, 67.812695], [-64.15625, 67.622998], [-64.019434, 67.654883], [-63.850195, 67.566064], [-64.07749, 67.495605], [-64.007959, 67.347314], [-64.699951, 67.350537], [-64.589258, 67.315527], [-64.375928, 67.301074], [-64.356445, 67.256152], [-63.83623, 67.264111], [-63.824121, 67.315674], [-63.591602, 67.377539], [-63.31582, 67.336328], [-63.040137, 67.23501], [-63.161621, 67.174365], [-63.258398, 67.024658], [-63.701562, 66.822363], [-62.962305, 66.949268], [-62.768164, 66.931982], [-62.710449, 66.954102], [-62.379736, 66.905371], [-62.123584, 67.046729], [-61.968555, 67.019043], [-61.299707, 66.64873], [-61.307227, 66.608838], [-61.527832, 66.558105], [-61.904492, 66.678125], [-62.12334, 66.643066], [-61.652637, 66.503125], [-61.576416, 66.4125], [-61.570801, 66.3729], [-61.862695, 66.312842], [-62.158447, 66.337988], [-62.374512, 66.41084], [-62.553125, 66.406836], [-62.405664, 66.315918], [-62.533594, 66.227002], [-62.24209, 66.147949], [-61.991602, 66.035303], [-62.244336, 66.005859], [-62.624121, 66.01626], [-62.448389, 65.945508], [-62.381982, 65.833301], [-62.610254, 65.723633], [-62.658887, 65.639941], [-62.968896, 65.622363], [-63.168945, 65.657324], [-63.45874, 65.853027], [-63.409766, 65.755811], [-63.420898, 65.708594], [-63.651074, 65.660986], [-63.337451, 65.616748], [-63.364258, 65.543213], [-63.363379, 65.229736], [-63.401807, 65.118457], [-63.606592, 64.928076], [-63.895605, 65.109277], [-64.061426, 65.121924], [-64.151855, 65.066162], [-64.345703, 65.172412], [-64.269678, 65.400781], [-64.469824, 65.252734], [-64.555078, 65.116602], [-65.108496, 65.46377], [-65.175684, 65.568164], [-65.401611, 65.764014], [-65.378125, 65.82207], [-65.184863, 65.939941], [-64.853711, 66.015918], [-64.672998, 66.192725], [-64.445361, 66.317139], [-64.655176, 66.287012], [-65.004492, 66.077734], [-65.415576, 65.99458], [-65.825732, 65.996924], [-65.891064, 66.020215], [-65.857178, 66.086426], [-65.656348, 66.204736], [-65.855957, 66.142236], [-66.063721, 66.132715], [-66.208594, 66.206396], [-66.476953, 66.279736], [-66.712305, 66.460449], [-66.787402, 66.555664], [-66.986328, 66.62749], [-67.014795, 66.622217], [-66.968994, 66.547168], [-67.076855, 66.525488], [-67.307324, 66.569727], [-67.317676, 66.520361], [-67.191748, 66.432764], [-67.189746, 66.321729], [-67.225391, 66.310254], [-67.368848, 66.31748], [-67.740771, 66.458203], [-67.868457, 66.490137], [-67.883398, 66.467432], [-67.704492, 66.268604], [-67.183203, 66.034424], [-67.350439, 65.929736], [-67.550781, 65.921631], [-67.828027, 65.965186], [-68.459912, 66.249268], [-68.748926, 66.200049], [-68.46709, 66.173193], [-68.217187, 66.078857], [-68.19834, 66.038965], [-68.260693, 65.99458], [-68.256836, 65.938623], [-68.186719, 65.870996], [-68.115039, 65.827783], [-67.866455, 65.773682], [-67.954346, 65.623096], [-67.936768, 65.564893], [-67.569629, 65.643555], [-67.399707, 65.588379], [-67.303418, 65.48291], [-67.117969, 65.440381], [-67.336523, 65.346582], [-67.066504, 65.244092], [-66.998584, 65.172998], [-66.970361, 65.084912], [-66.830908, 65.07417], [-66.697412, 64.815186], [-66.677148, 64.813672], [-66.666699, 64.973828], [-66.635498, 65.000342], [-66.22373, 64.854102], [-66.209717, 64.828125], [-66.301514, 64.777734], [-66.214648, 64.722412], [-66.15249, 64.734912], [-66.030176, 64.846582], [-65.938525, 64.885742], [-65.768066, 64.853564], [-65.513184, 64.706494], [-65.431934, 64.726416], [-65.274805, 64.631543], [-65.529346, 64.504785], [-65.178613, 64.509717], [-65.094531, 64.48457], [-65.074609, 64.43667], [-65.212988, 64.303271], [-65.507471, 64.318311], [-65.593652, 64.311133], [-65.580322, 64.293848], [-65.347803, 64.232324], [-65.149609, 64.087158], [-65.169873, 64.028174], [-64.678467, 64.027979], [-64.686182, 63.960938], [-64.798145, 63.915967], [-64.576318, 63.897363], [-64.410937, 63.706348], [-64.561572, 63.679688], [-64.498633, 63.462793], [-64.514355, 63.263965], [-64.664648, 63.245361], [-64.933301, 63.599268], [-65.191846, 63.764258], [-65.089404, 63.605957], [-65.004785, 63.333398], [-65.068945, 63.263477], [-64.672363, 62.921973], [-64.868701, 62.879883], [-65.132959, 62.952344], [-65.162793, 62.932617], [-65.046582, 62.701465], [-65.050195, 62.646143], [-65.108496, 62.626465], [-65.572412, 62.868896], [-65.740381, 62.931982], [-65.833691, 62.908545], [-66.224023, 63.107178], [-66.249219, 63.108252], [-66.201074, 63.00625], [-66.228662, 62.990967], [-66.414453, 63.027197], [-66.65498, 63.264746], [-66.636426, 63.080127], [-66.697461, 63.069531], [-66.773242, 63.162256], [-66.974707, 63.255566], [-67.01792, 63.316504], [-67.179785, 63.305029], [-67.260937, 63.340723], [-67.893262, 63.73374], [-67.722559, 63.422754], [-68.49375, 63.725488], [-68.858936, 63.751855], [-68.911084, 63.703223], [-68.789258, 63.595117], [-68.373926, 63.352197], [-68.14126, 63.172314], [-67.915332, 63.113672], [-67.675977, 63.093555], [-67.664893, 63.072656], [-67.736963, 63.00957], [-67.36665, 62.91416], [-66.979541, 62.70083], [-66.644873, 62.602051], [-66.28125, 62.302686], [-65.980176, 62.208887], [-66.026953, 62.137207], [-66.133154, 62.102393], [-66.056445, 61.96748], [-66.058887, 61.913867], [-66.256689, 61.868262], [-67.440137, 62.15127], [-68.535889, 62.255615], [-69.125586, 62.423975], [-69.604736, 62.767725], [-69.799512, 62.790479], [-70.236133, 62.763379], [-71.105762, 63.002246], [-70.946045, 63.120703], [-71.253711, 63.042529], [-71.50127, 63.126416], [-71.992236, 63.416162], [-71.614258, 63.444092], [-71.455859, 63.512256], [-71.380859, 63.580322], [-71.513477, 63.586572], [-71.725293, 63.706152], [-71.837549, 63.724951], [-72.290137, 63.727979], [-72.174268, 63.893408], [-72.498437, 63.823486], [-72.678076, 64.02002], [-72.913184, 64.117188], [-73.270312, 64.333496], [-73.454541, 64.399268], [-73.271289, 64.58252], [-73.626953, 64.602539], [-73.728418, 64.568262], [-73.910352, 64.578125], [-73.950391, 64.46582], [-74.064795, 64.424658], [-74.09873, 64.443701], [-74.130469, 64.607812], [-74.46123, 64.644678], [-74.634277, 64.823926], [-74.681396, 64.830664], [-74.91626, 64.791992], [-74.919434, 64.765527], [-74.640039, 64.55708], [-74.694727, 64.496582], [-75.067383, 64.456689], [-75.487793, 64.540771], [-75.715039, 64.524365], [-75.766699, 64.391943], [-76.118066, 64.376318], [-76.406836, 64.303174], [-76.561523, 64.301611], [-76.723828, 64.242041], [-76.856152, 64.237646], [-77.791162, 64.36709], [-78.045215, 64.499268], [-78.174561, 64.617725], [-78.189697, 64.751807], [-78.055273, 64.98291], [-77.876172, 65.072949], [-77.360889, 65.196533], [-77.4604, 65.355908], [-77.326709, 65.453125], [-76.481689, 65.369727], [-75.82832, 65.227051], [-75.519922, 65.056006], [-75.501562, 65.013086], [-75.589111, 64.905029], [-75.4521, 64.841602], [-75.357129, 65.00874], [-75.445801, 65.099707], [-75.772949, 65.257031], [-75.798682, 65.29751], [-75.708594, 65.315723], [-75.166309, 65.283936], [-74.981738, 65.381445], [-74.494775, 65.37168], [-74.236865, 65.483887], [-73.9896, 65.516992], [-73.550781, 65.485254], [-73.560742, 65.54292], [-73.746094, 65.766699], [-74.033105, 65.877051], [-74.276172, 66.012744], [-74.401074, 66.096973], [-74.433936, 66.139014], [-74.416406, 66.16709], [-74.374902, 66.208154], [-73.584229, 66.506934], [-73.280811, 66.674951], [-73.033252, 66.728174], [-72.985352, 66.765381], [-72.946777, 66.883252], [-72.788818, 67.030615], [-72.364941, 67.133398], [-72.22002, 67.254297], [-72.352881, 67.341895], [-72.576465, 67.658643], [-72.725293, 67.811621], [-73.063428, 68.106982], [-73.328223, 68.266748], [-73.331445, 68.308984], [-73.284473, 68.356982], [-73.644482, 68.294531], [-73.820508, 68.362939], [-73.879346, 68.429395], [-73.780615, 68.619287], [-73.851562, 68.701367], [-74.117969, 68.700928], [-73.966064, 68.57876], [-73.989258, 68.548633], [-74.270117, 68.541211], [-74.422412, 68.579932], [-74.647949, 68.70752], [-74.695801, 68.755566], [-74.699951, 68.80835], [-74.80835, 68.795898], [-74.9104, 68.823145], [-74.743262, 68.913379], [-74.954004, 68.961084], [-74.716699, 69.045508], [-74.854883, 69.06582], [-75.213281, 68.909375], [-75.522656, 68.952734], [-75.623047, 68.887744], [-76.234717, 68.728027], [-76.403418, 68.692334], [-76.585059, 68.69873], [-76.619434, 68.721387], [-76.61626, 68.759863], [-76.574561, 68.84668], [-76.587695, 68.974463], [-76.557227, 69.009473], [-76.380908, 69.052441], [-75.953711, 69.030811], [-75.667969, 69.158838], [-75.647754, 69.212549], [-75.787158, 69.318652], [-76.407959, 69.441113], [-76.520361, 69.516602], [-76.516113, 69.590918], [-76.463281, 69.619971], [-76.234082, 69.662109], [-76.513281, 69.683936], [-76.742334, 69.5729], [-77.089941, 69.635107], [-77.128809, 69.652734], [-76.868604, 69.745166], [-76.858594, 69.775391], [-77.015967, 69.836133], [-77.59165, 69.845605], [-77.774023, 70.238525], [-78.282812, 70.22915], [-78.621436, 70.353418], [-78.979785, 70.581348], [-79.066406, 70.603564], [-79.346631, 70.481885], [-79.405225, 70.400732], [-79.017529, 70.325195], [-78.933838, 70.293701], [-78.809814, 70.178564], [-78.777832, 70.047656], [-78.818799, 70.010449], [-79.092871, 69.925342], [-79.51543, 69.887598], [-80.670312, 70.0521], [-81.55957, 70.11123], [-81.651953, 70.094629], [-81.329492, 70.024365], [-81.02373, 69.9], [-80.842871, 69.79165], [-80.921729, 69.730908], [-81.564697, 69.942725], [-82.293848, 69.836914], [-83.149951, 70.009082], [-83.859082, 69.962744], [-84.521875, 70.005225], [-84.909082, 70.078223], [-85.432373, 70.111377], [-85.780029, 70.03667], [-86.322021, 70.14541], [-86.483105, 70.288574], [-86.499805, 70.350391], [-86.396875, 70.465332], [-86.70415, 70.390723], [-87.122461, 70.411963], [-87.171973, 70.399854], [-87.063281, 70.325098], [-87.617773, 70.31875], [-87.900684, 70.251904], [-88.4021, 70.44248], [-88.848437, 70.5229], [-89.208301, 70.759717], [-89.371533, 70.996143], [-89.455908, 71.061719], [-88.695654, 71.045605], [-87.844922, 70.944385], [-87.181592, 70.987549], [-87.140088, 71.011621], [-87.872461, 71.208545], [-89.079346, 71.287939], [-89.693311, 71.423486], [-89.845752, 71.492285], [-90.025195, 71.948779], [-89.931494, 72.049023], [-89.663818, 72.157959], [-89.8229, 72.207813], [-89.858691, 72.24834], [-89.874023, 72.367188], [-89.816846, 72.467725], [-89.357715, 72.80415], [-89.287695, 73.016943], [-89.225342, 73.108057], [-88.976807, 73.25249], [-88.760937, 73.312402], [-88.705176, 73.403271], [-87.926416, 73.67334], [-87.472363, 73.759424], [-86.406396, 73.854785], [-85.110498, 73.808154], [-85.009326, 73.778613], [-84.946777, 73.721631], [-85.204297, 73.603564], [-85.681885, 73.461475], [-86.000537, 73.312549], [-86.629346, 72.870801], [-86.667773, 72.762549], [-86.594629, 72.661133], [-86.322559, 72.46084], [-86.341357, 72.123193], [-86.218457, 71.899121], [-86.036133, 71.770947], [-85.078711, 71.398486], [-85.023389, 71.353223], [-85.405371, 71.226758], [-85.94541, 71.162646], [-86.589355, 71.010791], [-86.549658, 70.98877], [-86.321289, 71.016797], [-85.643848, 71.152441], [-85.001562, 71.137451], [-85.065771, 71.078613]]]}}, {"type": "Feature", "properties": {"kind": "land"}, "geometry": {"type": "Polygon", "coordinates": [[[-74.379395, 68.093457], [-73.49375, 68.000635], [-73.435254, 67.97002], [-73.407178, 67.793066], [-74.374072, 67.7896], [-74.573389, 67.828662], [-74.745996, 67.984814], [-74.706543, 68.06709], [-74.379395, 68.093457]]]}}, {"type": "Feature", "properties": {"kind": "land"}, "geometry": {"type": "Polygon", "coordinates": [[[-86.959814, 68.100244], [-86.884863, 68.190527], [-86.7021, 68.305615], [-86.569922, 68.287695], [-86.421143, 68.183447], [-86.382422, 67.927295], [-86.446924, 67.816992], [-86.546045, 67.752197], [-86.705957, 67.750146], [-86.892529, 67.836572], [-86.908447, 67.901953], [-86.84707, 68.010254], [-86.959814, 68.100244]]]}}, {"type": "Feature", "properties": {"kind": "land"}, "geometry": {"type": "Polygon", "coordinates": [[[-79.174023, 68.234961], [-79.153467, 68.335254], [-78.952588, 68.353027], [-78.828516, 68.268164], [-79.064062, 68.181787], [-79.174023, 68.234961]]]}}, {"type": "Feature", "properties": {"kind": "land"}, "geometry": {"type": "Polygon", "coordinates": [[[-75.074707, 68.684717], [-74.983643, 68.647607], [-74.818945, 68.494434], [-74.798242, 68.457959], [-74.830957, 68.440723], [-74.812891, 68.41333], [-74.844971, 68.365967], [-74.959326, 68.342236], [-75.400244, 68.525488], [-75.370166, 68.636084], [-75.287402, 68.687744], [-75.074707, 68.684717]]]}}, {"type": "Feature", "properties": {"kind": "land"}, "geometry": {"type": "Polygon", "coordinates": [[[-78.930469, 69.1229], [-78.771826, 69.252197], [-78.662012, 69.262354], [-78.689062, 69.325098], [-78.59668, 69.370605], [-78.332568, 69.386035], [-78.228955, 69.304004], [-78.53291, 69.146045], [-78.852686, 68.915674], [-79.279736, 68.838721], [-79.361377, 68.857666], [-79.405762, 68.923047], [-79.242676, 69.049268], [-78.930469, 69.1229]]]}}, {"type": "Feature", "properties": {"kind": "land"}, "geometry": {"type": "Polygon", "coordinates": [[[-77.187549, 69.440088], [-76.745703, 69.404004], [-76.67002, 69.348584], [-76.91123, 69.174658], [-76.995361, 69.14375], [-77.215039, 69.138086], [-77.321924, 69.193604], [-77.379395, 69.274023], [-77.340918, 69.403857], [-77.187549, 69.440088]]]}}, {"type": "Feature", "properties": {"kind": "land"}, "geometry": {"type": "Polygon", "coordinates": [[[-90.539844, 69.324609], [-90.492578, 69.221094], [-90.574414, 69.209424], [-90.685889, 69.287158], [-90.771582, 69.292578], [-90.742383, 69.357324], [-90.662793, 69.37417], [-90.539844, 69.324609]]]}}, {"type": "Feature", "properties": {"kind": "land"}, "geometry": {"type": "Polygon", "coordinates": [[[-90.492041, 69.369873], [-90.228564, 69.436035], [-90.177393, 69.35708], [-90.295459, 69.257812], [-90.364062, 69.262598], [-90.492041, 69.369873]]]}}, {"type": "Feature", "properties": {"kind": "land"}, "geometry": {"type": "Polygon", "coordinates": [[[-67.914697, 69.540967], [-68.202344, 69.58042], [-68.221387, 69.616748], [-67.908838, 69.681836], [-67.75459, 69.631445], [-67.914697, 69.540967]]]}}, {"type": "Feature", "properties": {"kind": "land"}, "geometry": {"type": "Polygon", "coordinates": [[[-78.848193, 69.482812], [-78.578564, 69.638818], [-78.295508, 69.667139], [-78.200732, 69.739502], [-78.029102, 69.714893], [-77.969141, 69.638965], [-78.470068, 69.502539], [-78.848193, 69.482812]]]}}, {"type": "Feature", "properties": {"kind": "land"}, "geometry": {"type": "Polygon", "coordinates": [[[-79.954492, 69.523486], [-80.161475, 69.535938], [-80.244482, 69.593164], [-80.32959, 69.586768], [-80.448047, 69.649707], [-80.794775, 69.689258], [-80.726611, 69.74043], [-80.465918, 69.737109], [-80.424219, 69.797607], [-80.213672, 69.801953], [-80.124609, 69.737256], [-79.97085, 69.738965], [-79.593994, 69.810498], [-79.430664, 69.787793], [-79.36499, 69.712354], [-79.552832, 69.630859], [-79.881689, 69.608691], [-80.04751, 69.634326], [-79.971143, 69.556348], [-79.954492, 69.523486]]]}}, {"type": "Feature", "properties": {"kind": "land"}, "geometry": {"type": "Polygon", "coordinates": [[[-86.734326, 69.976318], [-87.19082, 70.018555], [-87.323145, 70.102246], [-87.107275, 70.14668], [-86.691211, 70.115039], [-86.612744, 70.105713], [-86.515234, 70.017041], [-86.734326, 69.976318]]]}}, {"type": "Feature", "properties": {"kind": "land"}, "geometry": {"type": "Polygon", "coordinates": [[[-91.087988, 74.009277], [-90.35459, 73.868652], [-90.466162, 73.753857], [-90.764551, 73.580615], [-90.933691, 73.527686], [-91.249316, 73.304004], [-91.553711, 73.236084], [-91.425928, 73.194873], [-91.78833, 72.915381], [-92.11792, 72.753809], [-92.391943, 72.718457], [-93.340625, 72.801855], [-94.211328, 72.756934], [-93.770557, 72.668213], [-93.572266, 72.558643], [-93.533936, 72.499463], [-93.555176, 72.421143], [-93.870605, 72.252637], [-94.037549, 72.02876], [-94.14375, 72.00083], [-94.497168, 72.043604], [-95.192969, 72.027441], [-95.166797, 72.180029], [-95.251025, 72.501953], [-95.547607, 72.781543], [-95.602148, 72.884473], [-95.589258, 73.17417], [-95.644238, 73.557471], [-95.63291, 73.695459], [-95.385986, 73.755127], [-94.816846, 73.662549], [-94.691016, 73.671436], [-94.896924, 73.716016], [-95.134131, 73.88125], [-95.152588, 73.932764], [-95.121191, 73.985059], [-94.973535, 74.041406], [-94.482568, 74.113135], [-93.784619, 74.118359], [-93.410303, 74.17876], [-92.586816, 74.082715], [-92.222705, 73.972363], [-91.63042, 74.027783], [-91.087988, 74.009277]]]}}, {"type": "Feature", "properties": {"kind": "land"}, "geometry": {"type": "Polygon", "coordinates": [[[-76.758691, 73.31001], [-76.569775, 73.159277], [-76.289551, 73.081006], [-76.30957, 72.9979], [-76.08999, 72.881201], [-76.400537, 72.820654], [-77.835938, 72.896826], [-78.314209, 72.881836], [-79.13418, 72.771631], [-79.500537, 72.755957], [-79.936865, 72.863623], [-80.051611, 72.977002], [-80.183301, 73.224658], [-80.61792, 73.270801], [-80.776416, 73.33418], [-80.82417, 73.380664], [-80.822949, 73.428955], [-80.797998, 73.471533], [-80.73584, 73.483105], [-80.827002, 73.534668], [-80.860742, 73.670557], [-80.822852, 73.743457], [-80.621387, 73.767334], [-79.366797, 73.641357], [-78.062939, 73.647656], [-77.206543, 73.499561], [-77.005322, 73.356055], [-76.758691, 73.31001]]]}}, {"type": "Feature", "properties": {"kind": "land"}, "geometry": {"type": "Polygon", "coordinates": [[[-93.18999, 76.686377], [-93.316748, 76.573682], [-93.53457, 76.447705], [-92.995361, 76.62041], [-92.297021, 76.616016], [-91.789453, 76.675781], [-91.305029, 76.680762], [-90.738428, 76.581348], [-90.542627, 76.495752], [-90.621631, 76.464697], [-91.398096, 76.509766], [-91.443262, 76.498535], [-91.415088, 76.455859], [-90.854785, 76.437305], [-89.284521, 76.301611], [-89.219092, 76.258203], [-89.236523, 76.239014], [-89.406592, 76.18916], [-90.312061, 76.158008], [-91.407324, 76.220068], [-91.279443, 76.159912], [-90.712109, 76.076172], [-90.251367, 76.053467], [-90.032764, 75.970898], [-89.793408, 75.924854], [-89.695312, 75.853613], [-89.51123, 75.856934], [-89.277588, 75.795068], [-89.204541, 75.737256], [-89.36123, 75.645801], [-89.646045, 75.565039], [-89.28042, 75.564111], [-88.916699, 75.453955], [-88.838916, 75.463477], [-88.804102, 75.50249], [-88.864062, 75.588623], [-88.852148, 75.624902], [-88.644971, 75.658447], [-88.201318, 75.512012], [-87.729736, 75.575635], [-87.539111, 75.484863], [-87.364648, 75.591309], [-87.256934, 75.617725], [-86.814453, 75.491357], [-86.236328, 75.406348], [-85.951465, 75.39502], [-85.904541, 75.441943], [-86.06875, 75.502246], [-85.58125, 75.579785], [-85.372314, 75.572607], [-84.986768, 75.644922], [-84.604883, 75.653467], [-83.931982, 75.818945], [-83.237109, 75.75083], [-82.153662, 75.831055], [-81.268555, 75.756006], [-81.150781, 75.735547], [-81.192676, 75.684375], [-81.173535, 75.669238], [-81.000781, 75.643115], [-80.321973, 75.629102], [-80.119189, 75.562061], [-80.286621, 75.490381], [-80.260449, 75.479443], [-79.660205, 75.449512], [-79.507812, 75.295361], [-79.509082, 75.259814], [-79.634424, 75.199316], [-80.381982, 75.03418], [-80.135254, 74.988086], [-79.664062, 75.02085], [-79.524805, 74.989697], [-79.401416, 74.917627], [-79.507959, 74.880127], [-79.944482, 74.833643], [-80.347754, 74.902979], [-80.148926, 74.795703], [-80.212695, 74.749463], [-80.220605, 74.657031], [-80.277734, 74.581592], [-81.226221, 74.56665], [-81.940186, 74.472705], [-82.931055, 74.565576], [-83.116992, 74.693115], [-83.102637, 74.816553], [-83.52207, 74.901465], [-83.543555, 74.892285], [-83.509766, 74.848193], [-83.364209, 74.801904], [-83.341309, 74.7646], [-83.393701, 74.670166], [-83.531885, 74.585693], [-84.425537, 74.508105], [-84.818262, 74.541992], [-85.061426, 74.606934], [-85.086768, 74.527686], [-85.133447, 74.517432], [-85.339258, 74.543311], [-85.442334, 74.600586], [-85.543506, 74.534766], [-85.808008, 74.498975], [-86.109863, 74.539746], [-86.340576, 74.513477], [-86.730762, 74.557031], [-86.666113, 74.489111], [-87.36377, 74.502197], [-87.592578, 74.470361], [-88.423047, 74.494141], [-88.500732, 74.509717], [-88.557861, 74.569727], [-88.339551, 74.784863], [-88.534961, 74.831738], [-88.682031, 74.802002], [-88.851074, 74.68999], [-88.940137, 74.789502], [-89.057861, 74.747266], [-89.191943, 74.744873], [-89.219141, 74.731787], [-89.195801, 74.637549], [-89.558691, 74.554736], [-89.844385, 74.548584], [-90.553271, 74.612744], [-90.784082, 74.695898], [-90.966797, 74.715088], [-90.880225, 74.817773], [-91.129883, 74.736279], [-91.163721, 74.710254], [-91.13457, 74.649854], [-91.50835, 74.650684], [-91.871045, 74.743506], [-91.961572, 74.793213], [-92.17417, 75.051074], [-92.060498, 75.100977], [-92.076318, 75.123535], [-92.389258, 75.26333], [-92.4271, 75.346387], [-92.411084, 75.40625], [-92.068848, 75.65791], [-92.185107, 75.846533], [-92.708887, 76.114453], [-93.091748, 76.354004], [-93.308594, 76.359619], [-93.665186, 76.273145], [-94.585352, 76.297168], [-95.273877, 76.264404], [-95.447412, 76.363037], [-95.84165, 76.416162], [-96.039697, 76.486719], [-95.650977, 76.584668], [-95.971338, 76.569629], [-96.897998, 76.754004], [-96.878027, 76.802783], [-96.590283, 76.763037], [-96.401562, 76.797217], [-96.813525, 76.913477], [-96.758301, 76.971777], [-96.06123, 77.050049], [-95.638232, 77.06377], [-94.294971, 76.912451], [-93.810937, 76.91416], [-93.230029, 76.770264], [-93.18999, 76.686377]]]}}, {"type": "Feature", "properties": {"kind": "land"}, "geometry": {"type": "Polygon", "coordinates": [[[-79.009326, 76.145898], [-78.845166, 76.106299], [-79.056641, 75.985156], [-79.051758, 75.866992], [-79.544531, 75.825635], [-79.69873, 75.883252], [-79.009326, 76.145898]]]}}, {"type": "Feature", "properties": {"kind": "land"}, "geometry": {"type": "Polygon", "coordinates": [[[-90.524805, 76.787842], [-89.948779, 76.83623], [-89.774561, 76.782031], [-89.694434, 76.719824], [-89.822119, 76.630615], [-89.821924, 76.602197], [-89.726465, 76.507422], [-89.974121, 76.487549], [-90.164551, 76.523584], [-90.55625, 76.73457], [-90.524805, 76.787842]]]}}, {"type": "Feature", "properties": {"kind": "land"}, "geometry": {"type": "Polygon", "coordinates": [[[-72.089062, 77.46709], [-71.433447, 77.394385], [-71.46709, 77.353662], [-71.667334, 77.325293], [-72.023535, 77.316455], [-72.494922, 77.385547], [-72.489551, 77.431641], [-72.436426, 77.447559], [-72.089062, 77.46709]]]}}, {"type": "Feature", "properties": {"kind": "land"}, "geometry": {"type": "Polygon", "coordinates": [[[-91.019043, 77.643896], [-90.674854, 77.648633], [-90.171924, 77.594678], [-89.719482, 77.442139], [-89.69458, 77.338965], [-89.74668, 77.292578], [-90.094727, 77.2104], [-90.993213, 77.329492], [-91.147266, 77.387305], [-91.185059, 77.481543], [-91.149463, 77.608057], [-91.019043, 77.643896]]]}}, {"type": "Feature", "properties": {"kind": "land"}, "geometry": {"type": "Polygon", "coordinates": [[[-66.600391, 82.86123], [-68.469336, 82.653369], [-67.39707, 82.668115], [-65.727441, 82.842432], [-65.299023, 82.799609], [-65.113184, 82.888916], [-64.904883, 82.90083], [-64.504004, 82.778418], [-63.983594, 82.829102], [-63.49873, 82.792578], [-63.473047, 82.77124], [-63.642529, 82.712988], [-63.085352, 82.565234], [-63.087061, 82.532813], [-63.246777, 82.450195], [-62.475195, 82.51958], [-61.697168, 82.488623], [-61.477051, 82.467432], [-61.207227, 82.341064], [-61.273535, 82.279834], [-62.176709, 82.043408], [-64.435791, 81.742627], [-65.226172, 81.743506], [-65.701074, 81.645557], [-66.625732, 81.616406], [-66.914062, 81.485107], [-68.688525, 81.293311], [-68.721191, 81.26123], [-68.542578, 81.247998], [-65.735693, 81.494238], [-64.780078, 81.492871], [-64.832764, 81.438623], [-65.483984, 81.284766], [-66.312842, 81.146143], [-66.726855, 81.040918], [-68.630469, 80.678711], [-69.550684, 80.383252], [-69.733789, 80.366943], [-70.143506, 80.397656], [-70.712598, 80.5396], [-70.212793, 80.277734], [-70.264893, 80.233594], [-72.055957, 80.123242], [-71.948682, 80.086182], [-71.616113, 80.071045], [-70.758496, 80.118652], [-70.559082, 80.070996], [-70.75752, 79.998242], [-71.355811, 79.911279], [-71.106348, 79.875537], [-71.110156, 79.847803], [-71.387842, 79.761768], [-71.964551, 79.701074], [-72.436523, 79.694385], [-73.448145, 79.8271], [-74.394482, 79.874072], [-74.660205, 79.835156], [-73.472461, 79.756445], [-73.229395, 79.643994], [-73.201123, 79.596582], [-73.293555, 79.521582], [-73.466064, 79.495166], [-73.865967, 79.501416], [-75.503418, 79.41416], [-76.898828, 79.512305], [-76.295703, 79.413623], [-76.116357, 79.326123], [-75.602734, 79.239551], [-75.093604, 79.203906], [-74.481201, 79.229492], [-74.532324, 79.052734], [-75.233154, 79.035547], [-75.911816, 79.117773], [-77.398047, 79.057275], [-78.581641, 79.075], [-77.882764, 78.942383], [-76.824805, 79.017871], [-76.255859, 79.006836], [-75.952686, 78.959033], [-75.795068, 78.889746], [-75.098535, 78.858301], [-74.433105, 78.724121], [-74.535059, 78.659277], [-74.546582, 78.620312], [-74.878613, 78.544824], [-76.416113, 78.511523], [-75.488379, 78.403516], [-75.193457, 78.327734], [-75.550684, 78.221094], [-75.865967, 78.009814], [-75.969629, 77.993115], [-76.355566, 77.991016], [-76.974023, 77.927246], [-78.012598, 77.946045], [-78.084131, 77.846094], [-78.047168, 77.615479], [-78.076172, 77.519043], [-78.28374, 77.413086], [-78.493213, 77.369385], [-79.906396, 77.299561], [-80.573047, 77.314795], [-81.659082, 77.525439], [-81.503564, 77.429785], [-81.277734, 77.365186], [-81.522949, 77.31084], [-82.056787, 77.296533], [-81.967822, 77.247852], [-81.756348, 77.204004], [-81.117188, 77.269629], [-80.672559, 77.244287], [-80.218701, 77.146582], [-79.92373, 77.193604], [-79.497266, 77.196094], [-79.340869, 77.158398], [-79.281104, 77.085156], [-79.273828, 77.025781], [-79.318945, 76.980371], [-79.220752, 76.936035], [-78.791797, 76.883594], [-78.455957, 76.967236], [-78.288867, 76.977979], [-77.99873, 76.851953], [-77.983301, 76.75498], [-78.118701, 76.644043], [-78.284326, 76.57124], [-79.511035, 76.310498], [-80.690283, 76.176465], [-80.962939, 76.183936], [-80.99668, 76.21499], [-80.834814, 76.369141], [-80.832373, 76.408643], [-80.974512, 76.470068], [-81.170703, 76.512744], [-81.717383, 76.494971], [-82.03418, 76.629395], [-82.311133, 76.655371], [-82.529834, 76.723291], [-82.261963, 76.574707], [-82.20835, 76.51377], [-82.233154, 76.46582], [-83.885693, 76.453125], [-83.986328, 76.49502], [-84.223779, 76.675342], [-84.275342, 76.356543], [-85.343604, 76.313379], [-86.11582, 76.434912], [-86.296191, 76.491846], [-86.453711, 76.584863], [-86.561914, 76.516504], [-86.680225, 76.376611], [-87.354199, 76.448047], [-87.489795, 76.58584], [-87.497559, 76.386279], [-88.395996, 76.405273], [-88.481641, 76.580078], [-88.49585, 76.772852], [-88.614111, 76.650879], [-88.545801, 76.420898], [-89.570068, 76.491943], [-89.499756, 76.826807], [-88.770898, 76.993359], [-88.556201, 77.072217], [-88.147949, 77.124023], [-87.361719, 77.13623], [-86.812256, 77.184912], [-87.182422, 77.332129], [-87.429688, 77.347803], [-87.681445, 77.436377], [-88.094678, 77.719189], [-88.016992, 77.784717], [-87.236035, 77.891797], [-86.755078, 77.863721], [-86.172998, 77.746143], [-85.588477, 77.461133], [-84.950879, 77.374951], [-84.487012, 77.367969], [-83.973584, 77.390527], [-83.608057, 77.442236], [-82.902734, 77.732715], [-82.710352, 77.849512], [-82.595312, 77.992139], [-83.428223, 77.621289], [-83.779395, 77.532617], [-84.167822, 77.522705], [-84.48584, 77.561963], [-84.860547, 77.499512], [-85.289355, 77.559033], [-85.292041, 77.763867], [-85.547559, 77.927686], [-84.61543, 78.195703], [-84.222705, 78.176025], [-84.55, 78.251367], [-84.910352, 78.239697], [-84.783203, 78.527588], [-85.024316, 78.312402], [-85.418994, 78.142432], [-85.585938, 78.10957], [-86.217773, 78.081201], [-86.062598, 78.186963], [-85.920068, 78.342871], [-86.427051, 78.197021], [-86.913232, 78.126807], [-87.339355, 78.132666], [-87.551758, 78.176611], [-87.491113, 78.284424], [-87.491309, 78.417187], [-86.95293, 78.663916], [-86.80791, 78.774365], [-85.00376, 78.912256], [-83.271436, 78.770313], [-82.989795, 78.844141], [-82.151074, 78.864111], [-81.750098, 78.975781], [-82.43877, 78.903662], [-84.145801, 78.959814], [-84.412012, 78.996582], [-84.567773, 79.071289], [-84.530273, 79.10127], [-84.256641, 79.122168], [-83.575879, 79.053662], [-84.197363, 79.225098], [-85.268506, 79.664111], [-86.031494, 79.721924], [-86.420752, 79.845215], [-86.494336, 80.018164], [-86.614502, 80.123535], [-86.498535, 80.258252], [-86.307178, 80.319336], [-84.056543, 80.261963], [-83.723633, 80.228955], [-82.67749, 79.992773], [-81.688379, 79.685791], [-81.038086, 79.614209], [-80.475928, 79.60625], [-80.124463, 79.669482], [-81.010156, 79.693115], [-82.681299, 80.174902], [-82.961133, 80.277881], [-82.987012, 80.322607], [-82.536133, 80.375537], [-80.979639, 80.445264], [-80.051074, 80.528564], [-79.629346, 80.647852], [-78.386182, 80.784375], [-76.862988, 80.864795], [-77.118555, 80.896436], [-78.550977, 80.921436], [-78.716211, 80.95166], [-78.629297, 81.043457], [-78.286816, 81.167627], [-76.885107, 81.430273], [-77.972363, 81.330811], [-78.733887, 81.151025], [-79.19834, 81.117578], [-79.402148, 81.036865], [-79.54541, 80.909326], [-79.761328, 80.841943], [-80.133545, 80.763916], [-81.007031, 80.654883], [-82.368213, 80.561328], [-82.884326, 80.577539], [-82.222363, 80.772314], [-83.401416, 80.713965], [-84.219775, 80.537793], [-85.14585, 80.521143], [-85.726221, 80.581152], [-86.250342, 80.565771], [-86.61543, 80.630029], [-86.603076, 80.664014], [-86.2521, 80.789551], [-85.246289, 80.987891], [-83.349219, 81.10332], [-83.288818, 81.147949], [-85.780859, 81.035059], [-86.233447, 80.950098], [-87.329883, 80.669775], [-87.71167, 80.65625], [-88.921436, 80.805615], [-89.14458, 80.853662], [-89.263281, 80.914307], [-88.413086, 80.999756], [-87.388672, 80.988379], [-86.476758, 81.035742], [-85.80957, 81.123584], [-84.941211, 81.28623], [-85.40249, 81.285303], [-86.622754, 81.122656], [-87.275098, 81.080811], [-89.623047, 81.032471], [-89.980957, 81.124707], [-89.947314, 81.172656], [-89.208691, 81.250098], [-89.673682, 81.328613], [-89.427002, 81.387451], [-88.621924, 81.501416], [-87.597021, 81.52583], [-88.479053, 81.564648], [-88.978369, 81.541504], [-90.303516, 81.401123], [-90.609033, 81.429541], [-89.82168, 81.634863], [-90.626318, 81.656006], [-91.292383, 81.57124], [-91.684082, 81.635693], [-91.647559, 81.683838], [-91.423828, 81.744238], [-90.941943, 81.827441], [-90.490186, 81.877246], [-89.381006, 81.916748], [-88.566846, 82.061084], [-88.063184, 82.096484], [-87.404395, 82.054199], [-87.018213, 81.95874], [-86.999219, 81.992139], [-86.834033, 82.03335], [-86.626807, 82.051025], [-86.15835, 82.025537], [-85.645654, 81.953271], [-85.044824, 81.982812], [-85.310596, 82.043994], [-86.580615, 82.187207], [-86.615625, 82.218555], [-85.794434, 82.291602], [-85.275977, 82.405225], [-84.896826, 82.449414], [-84.368115, 82.373926], [-83.590674, 82.326465], [-83.010156, 82.141699], [-82.633691, 82.077295], [-82.356006, 82.066016], [-82.327441, 82.09248], [-82.747461, 82.196436], [-82.638379, 82.245752], [-82.536914, 82.247266], [-80.153369, 81.977637], [-79.424854, 81.854443], [-79.629492, 81.932324], [-80.129834, 82.028369], [-81.468262, 82.192383], [-81.997607, 82.278271], [-82.447559, 82.39502], [-82.451367, 82.4271], [-82.268896, 82.464648], [-81.681152, 82.518652], [-82.12251, 82.601758], [-82.116846, 82.628662], [-81.579687, 82.643018], [-80.809668, 82.586377], [-81.178076, 82.744678], [-81.010156, 82.779053], [-80.075781, 82.706201], [-78.748779, 82.679395], [-79.833789, 82.816504], [-80.154932, 82.911133], [-79.886328, 82.938525], [-77.47959, 82.883154], [-76.420996, 82.670898], [-76.146484, 82.549854], [-76.009375, 82.535156], [-75.565625, 82.608545], [-76.908447, 82.919434], [-77.124902, 83.008545], [-75.744922, 83.047168], [-74.41416, 83.013135], [-74.197754, 82.989014], [-73.703125, 82.851855], [-73.272021, 82.771582], [-72.658691, 82.721631], [-73.234668, 82.844238], [-73.441895, 82.904834], [-73.440723, 82.94585], [-73.331152, 82.998779], [-72.81167, 83.081201], [-72.069238, 83.106055], [-70.940381, 82.902246], [-71.423535, 83.021143], [-70.870557, 83.098145], [-69.969922, 83.116113], [-69.488867, 83.016797], [-68.409033, 83.005273], [-68.106885, 82.961182], [-66.422559, 82.926855], [-66.600391, 82.86123]]]}}, {"type": "Feature", "properties": {"kind": "land"}, "geometry": {"type": "Polygon", "coordinates": [[[-89.861865, 80.498437], [-89.524805, 80.538818], [-89.235596, 80.510645], [-89.13418, 80.440234], [-89.204395, 80.406934], [-89.147266, 80.360352], [-89.217676, 80.289258], [-89.19834, 80.263184], [-88.857324, 80.166211], [-88.199902, 80.111475], [-88.380762, 80.225195], [-88.6125, 80.255371], [-88.663428, 80.348291], [-88.643652, 80.386865], [-88.424365, 80.428076], [-88.125244, 80.429492], [-87.675, 80.372119], [-87.630273, 80.301611], [-87.625488, 80.187207], [-87.922314, 80.097705], [-87.202051, 80.043213], [-86.977197, 79.894238], [-87.144238, 79.662646], [-87.295166, 79.580176], [-86.925244, 79.590967], [-86.648828, 79.64624], [-86.336963, 79.634961], [-86.180469, 79.60542], [-86.007031, 79.479443], [-85.647852, 79.611426], [-85.06377, 79.328174], [-85.042139, 79.28457], [-85.289844, 79.20835], [-86.09165, 79.1], [-86.720801, 78.975488], [-86.957178, 78.974902], [-87.080371, 78.866113], [-87.617383, 78.676318], [-87.861475, 78.706836], [-87.922314, 78.751367], [-87.953174, 78.915039], [-87.816748, 79.036328], [-88.040186, 78.995312], [-88.163818, 78.933496], [-88.190234, 78.867432], [-88.166602, 78.745508], [-88.189697, 78.696387], [-88.25376, 78.671973], [-88.003125, 78.615527], [-87.982861, 78.537061], [-88.040234, 78.494434], [-88.147559, 78.4771], [-88.580664, 78.601904], [-88.741602, 78.584033], [-88.623047, 78.462109], [-88.606445, 78.391992], [-88.732959, 78.241699], [-88.822412, 78.185889], [-89.095703, 78.209229], [-90.037109, 78.606836], [-90.076318, 78.54917], [-89.61167, 78.278906], [-89.489844, 78.171924], [-89.579492, 78.166602], [-90.136084, 78.313086], [-90.459033, 78.330908], [-90.652393, 78.307715], [-90.40542, 78.24668], [-90.326758, 78.184766], [-90.614404, 78.149854], [-91.409619, 78.187988], [-92.35127, 78.312891], [-92.848242, 78.460107], [-91.866895, 78.542676], [-92.715527, 78.605029], [-93.266602, 78.608301], [-93.634424, 78.750928], [-93.561426, 78.777344], [-93.159863, 78.775635], [-93.902246, 78.872217], [-94.1146, 78.928906], [-94.169678, 78.972803], [-93.950195, 79.037402], [-93.293896, 79.139502], [-92.683643, 79.185791], [-92.547217, 79.282617], [-91.299902, 79.372705], [-92.247949, 79.373437], [-92.48457, 79.439258], [-92.821924, 79.449902], [-93.933154, 79.290723], [-94.109375, 79.315088], [-93.939697, 79.385693], [-94.110303, 79.401562], [-94.404883, 79.390527], [-95.103174, 79.289893], [-95.316602, 79.354736], [-95.733008, 79.418213], [-95.662891, 79.527344], [-94.519678, 79.667139], [-94.401855, 79.736328], [-95.296973, 79.653076], [-95.85752, 79.673779], [-96.462744, 79.84751], [-96.589062, 79.91665], [-96.639209, 80.02417], [-96.773242, 80.135791], [-95.781982, 80.066406], [-94.645898, 80.04873], [-94.61084, 80.055518], [-94.582617, 80.141406], [-94.262598, 80.194873], [-94.590137, 80.201514], [-95.405078, 80.13501], [-95.64624, 80.230957], [-96.025684, 80.221729], [-96.308301, 80.266992], [-96.394092, 80.315039], [-96.334375, 80.352783], [-96.112158, 80.38042], [-95.549072, 80.366602], [-96.151807, 80.553467], [-96.132812, 80.691406], [-95.926953, 80.720654], [-95.22583, 80.685791], [-95.025732, 80.646436], [-94.892578, 80.570898], [-93.92793, 80.55918], [-94.596289, 80.640625], [-94.788477, 80.75127], [-95.514746, 80.838135], [-95.269775, 81.000781], [-94.980518, 81.049658], [-94.519434, 81.031201], [-93.825977, 81.105713], [-93.345117, 81.085352], [-93.235645, 81.128857], [-93.285937, 81.179248], [-93.406543, 81.209082], [-94.110352, 81.225], [-94.194434, 81.240918], [-94.231494, 81.289697], [-94.220117, 81.330762], [-94.059717, 81.349316], [-93.332764, 81.364404], [-92.211768, 81.243604], [-91.997852, 81.185498], [-91.75498, 81.049316], [-91.272461, 80.850098], [-90.68291, 80.687695], [-90.636719, 80.655322], [-90.643018, 80.593701], [-89.861865, 80.498437]]]}}, {"type": "Feature", "properties": {"kind": "land"}, "geometry": {"type": "Polygon", "coordinates": [[[-60.037744, 43.906641], [-60.11748, 43.953369], [-59.866357, 43.947168], [-59.727148, 44.002832], [-59.787598, 43.9396], [-60.037744, 43.906641]]]}}, {"type": "Feature", "properties": {"kind": "land"}, "geometry": {"type": "Polygon", "coordinates": [[[-60.961572, 45.489941], [-61.081738, 45.557812], [-60.912451, 45.567285], [-60.961572, 45.489941]]]}}, {"type": "Feature", "properties": {"kind": "land"}, "geometry": {"type": "Polygon", "coordinates": [[[-1.368701, 45.967676], [-1.388672, 46.050391], [-1.285059, 46.002686], [-1.17832, 45.904053], [-1.213574, 45.816602], [-1.368701, 45.967676]]]}}, {"type": "Feature", "properties": {"kind": "land"}, "geometry": {"type": "Polygon", "coordinates": [[[-61.09209, 45.748389], [-61.059033, 45.703369], [-60.699072, 45.77334], [-60.460596, 45.968701], [-60.704883, 45.93291], [-60.733301, 45.956592], [-60.573193, 46.061426], [-60.585742, 46.11665], [-60.504932, 46.203857], [-60.297949, 46.31123], [-60.243848, 46.270117], [-60.226465, 46.195557], [-60.09248, 46.206006], [-59.865039, 46.159521], [-59.848779, 46.112939], [-59.934033, 46.019434], [-59.828027, 45.965137], [-60.386084, 45.654639], [-60.672949, 45.59082], [-60.871582, 45.610693], [-61.283691, 45.573877], [-61.449805, 45.716211], [-61.495312, 45.941455], [-61.480615, 46.059766], [-61.408643, 46.170361], [-61.240527, 46.302539], [-60.870166, 46.796777], [-60.571045, 46.998828], [-60.408203, 47.003516], [-60.425439, 46.923193], [-60.33291, 46.737012], [-60.482422, 46.413525], [-60.494531, 46.270264], [-60.576855, 46.172168], [-61.105176, 45.944727], [-60.865234, 45.983496], [-60.868408, 45.948633], [-61.037549, 45.882227], [-60.971533, 45.837988], [-61.09209, 45.748389]]]}}, {"type": "Feature", "properties": {"kind": "land"}, "geometry": {"type": "Polygon", "coordinates": [[[-56.17168, 46.752832], [-56.243262, 46.767187], [-56.152637, 46.811084], [-56.139258, 46.778662], [-56.17168, 46.752832]]]}}, {"type": "Feature", "properties": {"kind": "land"}, "geometry": {"type": "Polygon", "coordinates": [[[-56.287354, 47.070996], [-56.314893, 46.953857], [-56.255469, 46.860986], [-56.354199, 46.795312], [-56.384766, 46.819434], [-56.333936, 46.935645], [-56.37793, 47.089551], [-56.287354, 47.070996]]]}}, {"type": "Feature", "properties": {"kind": "land"}, "geometry": {"type": "Polygon", "coordinates": [[[-61.548047, 47.631787], [-61.395508, 47.637646], [-61.475537, 47.563965], [-61.582227, 47.56001], [-61.684082, 47.49873], [-61.886621, 47.344629], [-61.914111, 47.284521], [-61.772559, 47.259814], [-61.83374, 47.222607], [-62.008301, 47.234277], [-61.924707, 47.425146], [-61.548047, 47.631787]]]}}, {"type": "Feature", "properties": {"kind": "land"}, "geometry": {"type": "Polygon", "coordinates": [[[-54.128174, 47.646826], [-54.227148, 47.441357], [-54.325977, 47.408105], [-54.214941, 47.585107], [-54.128174, 47.646826]]]}}, {"type": "Feature", "properties": {"kind": "land"}, "geometry": {"type": "Polygon", "coordinates": [[[-55.96084, 51.191406], [-55.815088, 51.191162], [-55.785352, 51.131445], [-55.8, 51.033301], [-55.871387, 50.907373], [-56.106543, 50.759277], [-56.135645, 50.650977], [-56.195752, 50.584766], [-56.454346, 50.380029], [-56.483936, 50.27085], [-56.732324, 50.007715], [-56.754102, 49.88291], [-56.848633, 49.765332], [-56.809229, 49.7104], [-56.822168, 49.613477], [-56.500928, 49.869629], [-56.376416, 49.933691], [-56.24707, 50.090088], [-56.179395, 50.11499], [-56.122168, 50.062842], [-56.161279, 49.940137], [-55.927002, 50.017773], [-55.764746, 49.960449], [-55.50293, 49.983154], [-55.583691, 49.892383], [-56.03999, 49.704687], [-56.140186, 49.619141], [-55.978516, 49.678125], [-55.869824, 49.670166], [-55.892041, 49.580273], [-56.087305, 49.451953], [-55.815234, 49.515283], [-55.678125, 49.434619], [-55.375928, 49.489746], [-55.343848, 49.3729], [-55.280176, 49.412744], [-55.283008, 49.513818], [-55.229541, 49.508154], [-55.200293, 49.408496], [-55.259326, 49.266992], [-55.34248, 49.168115], [-55.353174, 49.079443], [-55.252344, 49.120898], [-55.244531, 49.199805], [-55.176123, 49.244434], [-55.026172, 49.305371], [-55.015918, 49.260352], [-54.982617, 49.268115], [-54.502197, 49.527344], [-54.469189, 49.529785], [-54.448242, 49.329443], [-54.316748, 49.424121], [-53.957715, 49.441846], [-53.619434, 49.321631], [-53.56958, 49.26416], [-53.573437, 49.141211], [-53.758057, 49.0354], [-53.903223, 48.88916], [-54.161279, 48.787695], [-53.852881, 48.811328], [-53.961523, 48.738867], [-53.966016, 48.706689], [-53.698047, 48.679834], [-53.706348, 48.655518], [-53.794629, 48.526367], [-54.114453, 48.393604], [-53.799316, 48.449219], [-53.738867, 48.495801], [-53.644434, 48.51123], [-53.552051, 48.481787], [-53.411328, 48.562158], [-53.220264, 48.577881], [-53.057275, 48.659033], [-53.027588, 48.634717], [-53.037305, 48.515869], [-53.135742, 48.401855], [-53.334326, 48.355957], [-53.405518, 48.294336], [-53.609766, 48.207715], [-53.560205, 48.173828], [-53.541846, 48.108447], [-53.569434, 48.088086], [-53.86958, 48.019678], [-53.638232, 48.014648], [-53.69502, 47.921191], [-53.863672, 47.787012], [-53.765137, 47.650098], [-53.672363, 47.648242], [-53.60376, 47.662305], [-53.50376, 47.743848], [-53.282715, 47.997852], [-52.920996, 48.14707], [-52.866016, 48.112988], [-52.998242, 47.975928], [-53.153857, 47.73457], [-53.169824, 47.512109], [-53.122461, 47.455127], [-52.94502, 47.552832], [-52.782422, 47.769434], [-52.711426, 47.745312], [-52.653662, 47.549414], [-52.683643, 47.426318], [-52.912402, 47.103223], [-52.889209, 46.974121], [-53.069775, 46.68125], [-53.166992, 46.646484], [-53.323047, 46.718359], [-53.536133, 46.63252], [-53.589795, 46.638867], [-53.616357, 46.680273], [-53.581348, 46.957275], [-53.612158, 47.010352], [-53.579639, 47.099414], [-53.597363, 47.145996], [-54.00957, 46.8396], [-54.102393, 46.824902], [-54.17373, 46.880371], [-54.092676, 47.08623], [-53.849512, 47.440332], [-53.989014, 47.756201], [-54.191846, 47.859814], [-54.488135, 47.403857], [-54.562549, 47.375195], [-54.473926, 47.54707], [-54.651172, 47.408203], [-54.856641, 47.38501], [-55.09043, 47.173926], [-55.139648, 47.045947], [-55.315723, 46.905713], [-55.530713, 46.914014], [-55.788525, 46.867236], [-55.949902, 46.927686], [-55.919238, 47.016895], [-55.838379, 47.071631], [-55.491504, 47.160645], [-55.19082, 47.448975], [-54.869531, 47.570898], [-54.784619, 47.664746], [-54.945947, 47.62085], [-55.074561, 47.657568], [-55.366309, 47.661084], [-55.434668, 47.50127], [-55.576123, 47.465234], [-55.862061, 47.530078], [-56.127246, 47.502832], [-55.86709, 47.592334], [-55.85791, 47.819189], [-56.020117, 47.763721], [-56.121436, 47.78916], [-56.262988, 47.658447], [-56.774121, 47.56499], [-57.659814, 47.625391], [-57.925537, 47.674902], [-58.333203, 47.676855], [-58.336865, 47.730859], [-58.613135, 47.626221], [-58.941162, 47.580469], [-59.116943, 47.570703], [-59.259766, 47.63418], [-59.362402, 47.865674], [-59.340869, 47.933643], [-58.60498, 48.411328], [-58.330225, 48.522119], [-59.166797, 48.521777], [-59.167676, 48.558496], [-58.841797, 48.746436], [-58.819189, 48.746826], [-58.906445, 48.650195], [-58.843408, 48.605322], [-58.716455, 48.598047], [-58.49375, 49.003223], [-58.403662, 49.084326], [-58.186133, 49.061914], [-58.049658, 48.987549], [-57.990527, 48.987939], [-58.098926, 49.077441], [-58.049072, 49.17998], [-57.980078, 49.229639], [-58.190918, 49.25874], [-58.213379, 49.38667], [-58.107422, 49.499707], [-58.01582, 49.54248], [-57.856055, 49.473828], [-57.791309, 49.48999], [-57.897461, 49.600391], [-57.926172, 49.70083], [-57.432617, 50.505811], [-57.330566, 50.605176], [-57.17959, 50.614844], [-57.26416, 50.649365], [-57.297998, 50.69873], [-57.053271, 50.857324], [-57.005664, 50.939648], [-57.035937, 51.01084], [-56.825146, 51.125732], [-56.750195, 51.274902], [-56.682422, 51.332764], [-56.517969, 51.399316], [-56.025586, 51.568359], [-55.9021, 51.563916], [-55.86582, 51.508301], [-55.69043, 51.471338], [-55.65957, 51.511035], [-55.700635, 51.559424], [-55.666406, 51.578906], [-55.521631, 51.596387], [-55.453223, 51.562305], [-55.583398, 51.388574], [-56.031104, 51.328369], [-56.030664, 51.226904], [-55.96084, 51.191406]]]}}, {"type": "Feature", "properties": {"kind": "land"}, "geometry": {"type": "Polygon", "coordinates": [[[-2.009912, 49.180811], [-2.23584, 49.176367], [-2.220508, 49.266357], [-2.018652, 49.23125], [-2.009912, 49.180811]]]}}, {"type": "Feature", "properties": {"kind": "land"}, "geometry": {"type": "Polygon", "coordinates": [[[-2.542187, 49.506592], [-2.512305, 49.494531], [-2.547363, 49.428711], [-2.639014, 49.450928], [-2.542187, 49.506592]]]}}, {"type": "Feature", "properties": {"kind": "land"}, "geometry": {"type": "Polygon", "coordinates": [[[-64.440039, 49.827734], [-64.485205, 49.886963], [-64.372949, 49.925928], [-64.131445, 49.94165], [-63.088818, 49.772705], [-62.043066, 49.389795], [-61.817139, 49.283545], [-61.696143, 49.139014], [-61.801123, 49.093896], [-62.219531, 49.079102], [-63.041504, 49.224951], [-63.565869, 49.399316], [-63.676221, 49.534326], [-63.884912, 49.657715], [-64.440039, 49.827734]]]}}, {"type": "Feature", "properties": {"kind": "land"}, "geometry": {"type": "Polygon", "coordinates": [[[-54.764062, 49.562354], [-54.61875, 49.62207], [-54.537695, 49.619971], [-54.554395, 49.588867], [-54.786523, 49.496143], [-54.863574, 49.576074], [-54.813086, 49.599365], [-54.764062, 49.562354]]]}}, {"type": "Feature", "properties": {"kind": "land"}, "geometry": {"type": "Polygon", "coordinates": [[[-54.137695, 49.751172], [-53.980664, 49.661963], [-54.286133, 49.595361], [-54.277637, 49.711475], [-54.199365, 49.688525], [-54.137695, 49.751172]]]}}, {"type": "Feature", "properties": {"kind": "land"}, "geometry": {"type": "Polygon", "coordinates": [[[-1.312793, 50.773486], [-1.065576, 50.690234], [-1.251465, 50.588818], [-1.563428, 50.666113], [-1.312793, 50.773486]]]}}, {"type": "Feature", "properties": {"kind": "land"}, "geometry": {"type": "Polygon", "coordinates": [[[-55.536133, 50.719678], [-55.600781, 50.709033], [-55.633887, 50.740186], [-55.604492, 50.780713], [-55.469287, 50.796387], [-55.536133, 50.719678]]]}}, {"type": "Feature", "properties": {"kind": "land"}, "geometry": {"type": "Polygon", "coordinates": [[[3.949121, 51.739453], [4.075098, 51.648779], [3.950977, 51.627051], [3.819043, 51.693994], [3.731836, 51.678223], [3.699023, 51.709912], [3.789062, 51.746436], [3.949121, 51.739453]]]}}, {"type": "Feature", "properties": {"kind": "land"}, "geometry": {"type": "Polygon", "coordinates": [[[-55.419629, 51.900049], [-55.346484, 51.982861], [-55.274072, 51.995166], [-55.293555, 51.92998], [-55.36123, 51.889648], [-55.419629, 51.900049]]]}}, {"type": "Feature", "properties": {"kind": "land"}, "geometry": {"type": "Polygon", "coordinates": [[[-4.567871, 53.386475], [-4.315088, 53.417236], [-4.154883, 53.302832], [-4.049365, 53.305762], [-4.084277, 53.264307], [-4.373047, 53.13418], [-4.418848, 53.178027], [-4.471973, 53.176367], [-4.553223, 53.260449], [-4.567871, 53.386475]]]}}, {"type": "Feature", "properties": {"kind": "land"}, "geometry": {"type": "Polygon", "coordinates": [[[-6.475049, 55.241016], [-6.12915, 55.217383], [-6.035791, 55.144531], [-5.985742, 55.029688], [-5.869189, 54.916211], [-5.716846, 54.81748], [-5.710742, 54.75708], [-5.879102, 54.684375], [-5.878613, 54.641309], [-5.738623, 54.673047], [-5.58252, 54.663428], [-5.52793, 54.619629], [-5.47041, 54.500195], [-5.483887, 54.44165], [-5.671094, 54.549756], [-5.655957, 54.381738], [-5.557812, 54.370996], [-5.606787, 54.272559], [-5.826172, 54.23584], [-5.937744, 54.089062], [-6.019043, 54.05127], [-6.218018, 54.088721], [-6.156934, 54.017236], [-6.345166, 53.987207], [-6.321582, 53.882178], [-6.270117, 53.840234], [-6.141846, 53.577539], [-6.129102, 53.390869], [-6.15166, 53.366406], [-6.04502, 53.091162], [-6.027393, 52.9271], [-6.169336, 52.738135], [-6.217236, 52.543115], [-6.34541, 52.402002], [-6.463184, 52.345361], [-6.325, 52.24668], [-6.561084, 52.188818], [-6.782227, 52.210498], [-6.890234, 52.159229], [-6.965771, 52.249512], [-7.003271, 52.165918], [-7.527295, 52.098877], [-7.624902, 51.993115], [-7.872168, 51.935303], [-8.057812, 51.825586], [-8.14502, 51.813525], [-8.290234, 51.890674], [-8.40918, 51.88877], [-8.347363, 51.847705], [-8.335596, 51.792969], [-8.349121, 51.739307], [-8.407812, 51.712061], [-8.734473, 51.636182], [-8.813428, 51.584912], [-9.296484, 51.498242], [-9.462891, 51.529053], [-9.737305, 51.47373], [-9.835352, 51.48335], [-9.710352, 51.603711], [-9.524902, 51.681104], [-9.579834, 51.689258], [-10.120752, 51.600684], [-10.069434, 51.655566], [-9.749512, 51.824268], [-9.598828, 51.874414], [-10.084229, 51.770996], [-10.211719, 51.783594], [-10.241748, 51.812451], [-10.341064, 51.798926], [-10.378711, 51.86875], [-10.231592, 51.974512], [-9.946045, 52.079834], [-9.909668, 52.122949], [-10.390234, 52.134912], [-10.356689, 52.206934], [-10.13208, 52.28208], [-9.937305, 52.237646], [-9.772119, 52.250098], [-9.841064, 52.291455], [-9.853223, 52.375488], [-9.906055, 52.403711], [-9.632227, 52.546924], [-8.783447, 52.679639], [-8.990283, 52.75542], [-9.175391, 52.634912], [-9.394238, 52.61709], [-9.561035, 52.653955], [-9.764355, 52.57998], [-9.916602, 52.569727], [-9.464893, 52.823193], [-9.393652, 52.89624], [-9.461963, 52.947266], [-9.299219, 53.097559], [-8.997168, 53.162061], [-8.930127, 53.20708], [-9.140332, 53.250488], [-9.514209, 53.238232], [-9.625977, 53.334473], [-9.825391, 53.320361], [-9.875781, 53.342725], [-9.79541, 53.394971], [-10.09126, 53.412842], [-10.054395, 53.47832], [-10.116992, 53.548535], [-9.720654, 53.604492], [-9.909717, 53.657617], [-9.901611, 53.727197], [-9.578223, 53.80542], [-9.578857, 53.879834], [-9.914062, 53.863721], [-9.856348, 54.004297], [-9.856445, 54.095361], [-9.934473, 54.075244], [-9.9771, 54.187109], [-10.092676, 54.155762], [-10.056396, 54.257812], [-9.562305, 54.308545], [-9.315527, 54.298633], [-9.145898, 54.209619], [-9.002441, 54.287988], [-8.545557, 54.241211], [-8.623145, 54.346875], [-8.470996, 54.441943], [-8.230371, 54.507275], [-8.133447, 54.64082], [-8.456543, 54.609277], [-8.763916, 54.681201], [-8.715186, 54.732031], [-8.538281, 54.782959], [-8.377295, 54.889453], [-8.411719, 54.965088], [-8.393262, 55.02041], [-8.325781, 55.056445], [-8.274609, 55.146289], [-8.006104, 55.195312], [-7.750537, 55.185791], [-7.762549, 55.24834], [-7.66709, 55.256494], [-7.57002, 55.171387], [-7.556641, 55.122217], [-7.634277, 55.05498], [-7.589844, 55.025049], [-7.65874, 54.970947], [-7.478418, 55.046973], [-7.531445, 55.193848], [-7.517871, 55.247949], [-7.301758, 55.298779], [-7.365967, 55.360205], [-7.24668, 55.353027], [-6.96167, 55.237891], [-7.172852, 55.137012], [-7.218652, 55.091992], [-7.178613, 55.056885], [-7.100635, 55.048291], [-7.030762, 55.080615], [-6.947168, 55.18252], [-6.475049, 55.241016]]]}}, {"type": "Feature", "properties": {"kind": "land"}, "geometry": {"type": "Polygon", "coordinates": [[[-9.952539, 53.884619], [-10.062305, 53.959766], [-10.26582, 53.977734], [-10.181152, 54.016992], [-9.996338, 54.003369], [-9.956152, 53.987354], [-9.952539, 53.884619]]]}}, {"type": "Feature", "properties": {"kind": "land"}, "geometry": {"type": "Polygon", "coordinates": [[[-4.395557, 54.40293], [-4.337988, 54.269092], [-4.412061, 54.185352], [-4.614258, 54.058691], [-4.785352, 54.073047], [-4.69873, 54.224902], [-4.508643, 54.376709], [-4.395557, 54.40293]]]}}, {"type": "Feature", "properties": {"kind": "land"}, "geometry": {"type": "Polygon", "coordinates": [[[-4.035596, 57.852002], [-3.857129, 57.818555], [-4.078418, 57.677051], [-4.134521, 57.577734], [-3.294531, 57.710156], [-3.036035, 57.672314], [-2.074072, 57.702393], [-1.961523, 57.67666], [-1.867383, 57.612354], [-1.780664, 57.474023], [-2.020312, 57.258887], [-2.089551, 57.102539], [-2.260254, 56.86333], [-2.500977, 56.636572], [-2.680957, 56.514404], [-3.047412, 56.449365], [-3.309961, 56.363477], [-2.885156, 56.39751], [-2.652734, 56.318262], [-2.674268, 56.253418], [-2.767578, 56.202148], [-2.979785, 56.194092], [-3.178223, 56.080127], [-3.362256, 56.027637], [-3.789062, 56.095215], [-3.607812, 56.016016], [-3.04873, 55.951953], [-2.836865, 56.02627], [-2.599316, 56.027295], [-2.14707, 55.902979], [-1.655371, 55.570361], [-1.422656, 55.026416], [-1.232422, 54.703711], [-1.154395, 54.654492], [-0.671387, 54.503906], [-0.370361, 54.279199], [-0.084375, 54.118066], [-0.205566, 54.021729], [-0.16875, 53.94165], [0.115332, 53.609277], [-0.07373, 53.643652], [-0.27002, 53.736768], [-0.659912, 53.724023], [-0.293701, 53.692334], [0.12832, 53.468262], [0.270996, 53.335498], [0.355762, 53.159961], [0.298047, 53.081104], [0.045898, 52.905615], [0.279785, 52.808691], [0.381934, 52.825195], [0.558789, 52.966943], [1.055566, 52.958984], [1.382129, 52.893506], [1.656738, 52.753711], [1.716113, 52.677246], [1.746582, 52.468994], [1.591406, 52.119775], [1.413477, 51.994775], [1.316797, 51.956934], [1.232422, 51.97124], [1.274414, 51.845361], [1.188477, 51.803369], [0.955078, 51.807812], [0.752246, 51.72959], [0.898047, 51.689404], [0.927441, 51.646631], [0.890918, 51.571436], [0.424512, 51.465625], [0.52832, 51.484473], [0.600293, 51.467969], [0.686523, 51.386572], [0.889355, 51.359521], [1.414941, 51.363281], [1.397559, 51.182031], [1.365527, 51.155469], [1.044434, 51.047266], [0.960156, 50.925879], [0.772363, 50.933984], [0.684375, 50.885547], [0.205078, 50.763037], [-0.203906, 50.814355], [-0.785254, 50.76543], [-1.416455, 50.896875], [-1.334473, 50.820801], [-1.60083, 50.732861], [-2.031055, 50.725391], [-1.962061, 50.627783], [-2.03584, 50.603076], [-2.350146, 50.637402], [-2.433447, 50.599219], [-2.776953, 50.705566], [-2.999414, 50.716602], [-3.40459, 50.632422], [-3.485449, 50.547949], [-3.584375, 50.321826], [-3.679785, 50.239941], [-3.793359, 50.229248], [-4.19458, 50.393311], [-4.727979, 50.290479], [-5.009521, 50.160742], [-5.118506, 50.03833], [-5.225244, 50.021387], [-5.322852, 50.082959], [-5.433984, 50.104443], [-5.622119, 50.050684], [-5.655176, 50.077246], [-5.65625, 50.131885], [-5.570654, 50.196973], [-5.342285, 50.246143], [-5.004443, 50.495264], [-4.893555, 50.533691], [-4.58291, 50.776367], [-4.523096, 50.977441], [-4.296484, 51.027148], [-4.188184, 51.188525], [-3.842334, 51.230908], [-3.135986, 51.205029], [-3.042041, 51.248584], [-2.88125, 51.405664], [-2.433057, 51.740723], [-2.742139, 51.581104], [-2.978516, 51.538867], [-3.293115, 51.39043], [-3.562354, 51.413818], [-3.890771, 51.59165], [-4.23457, 51.569092], [-4.091016, 51.659912], [-4.276172, 51.68252], [-4.386279, 51.741064], [-4.600781, 51.737646], [-4.902295, 51.62627], [-5.124756, 51.705859], [-5.168359, 51.740723], [-5.200586, 51.861377], [-5.262305, 51.880176], [-5.088086, 51.995898], [-4.383154, 52.197314], [-4.149365, 52.32627], [-3.980322, 52.541748], [-4.048437, 52.557617], [-4.078906, 52.607861], [-4.039258, 52.704053], [-4.117529, 52.82002], [-4.101465, 52.915479], [-4.356445, 52.897412], [-4.683057, 52.806152], [-4.63833, 52.891113], [-4.405078, 53.013818], [-4.268555, 53.144531], [-4.111035, 53.218945], [-3.764209, 53.307617], [-3.645898, 53.2979], [-3.326172, 53.347168], [-3.097559, 53.260303], [-3.165576, 53.394678], [-3.064746, 53.426855], [-2.918555, 53.305371], [-2.749512, 53.310205], [-2.913086, 53.350244], [-3.0646, 53.512842], [-3.059473, 53.58623], [-2.925098, 53.732764], [-3.031787, 53.773584], [-3.045361, 53.843848], [-3.026758, 53.905908], [-2.899854, 53.960693], [-2.846484, 54.135303], [-2.867578, 54.177246], [-3.165967, 54.12793], [-3.321533, 54.229102], [-3.569385, 54.467578], [-3.592041, 54.564355], [-3.4646, 54.773096], [-3.26792, 54.906592], [-3.03623, 54.953076], [-3.550439, 54.947412], [-3.95791, 54.780957], [-4.132959, 54.779248], [-4.253418, 54.846777], [-4.51748, 54.75835], [-4.818066, 54.846143], [-4.889502, 54.772266], [-4.91123, 54.689453], [-5.135498, 54.85752], [-5.172705, 54.985889], [-5.116699, 55.012256], [-5.055859, 54.988135], [-4.965186, 55.149463], [-4.676758, 55.501318], [-4.72417, 55.598291], [-4.891846, 55.699121], [-4.87168, 55.873926], [-4.806836, 55.940137], [-4.584082, 55.938672], [-4.844092, 56.051172], [-4.800293, 56.15835], [-4.9271, 56.028076], [-5.092822, 55.987305], [-5.11499, 55.944629], [-5.19585, 55.928662], [-5.228223, 55.886328], [-5.247314, 56.000391], [-5.222949, 56.06582], [-4.996973, 56.23335], [-5.084326, 56.197461], [-5.410449, 55.995361], [-5.38584, 55.770117], [-5.556445, 55.3896], [-5.618457, 55.331445], [-5.730664, 55.334131], [-5.767871, 55.394971], [-5.681348, 55.623975], [-5.504492, 55.802393], [-5.622852, 55.813135], [-5.60957, 56.055273], [-5.391943, 56.514795], [-5.329443, 56.555908], [-5.312695, 56.618799], [-5.188379, 56.758057], [-5.652441, 56.531982], [-5.864844, 56.561865], [-5.936768, 56.605713], [-5.968896, 56.689893], [-6.133691, 56.706689], [-6.034717, 56.763916], [-5.877637, 56.779639], [-5.730615, 56.853076], [-5.861426, 56.902686], [-5.736279, 56.960645], [-5.591309, 57.102344], [-5.561914, 57.232715], [-5.656348, 57.334082], [-5.794922, 57.378809], [-5.801953, 57.468018], [-5.581787, 57.546777], [-5.67876, 57.57168], [-5.744922, 57.668311], [-5.60835, 57.881348], [-5.349023, 57.878076], [-5.289795, 57.90459], [-5.157227, 57.881348], [-5.413184, 58.069727], [-5.351367, 58.143701], [-5.338281, 58.238721], [-5.008301, 58.262646], [-5.090137, 58.384521], [-5.066504, 58.520215], [-5.016748, 58.566553], [-4.809619, 58.5729], [-4.71543, 58.51001], [-4.491895, 58.568457], [-4.433252, 58.512842], [-3.259131, 58.65], [-3.053076, 58.634814], [-3.109668, 58.515479], [-3.112891, 58.408887], [-3.212354, 58.32124], [-3.990039, 57.959033], [-4.035596, 57.852002]]]}}, {"type": "Feature", "properties": {"kind": "land"}, "geometry": {"type": "Polygon", "coordinates": [[[-5.1604, 55.666797], [-5.10498, 55.573975], [-5.10542, 55.448828], [-5.331494, 55.481055], [-5.392676, 55.618359], [-5.370801, 55.666943], [-5.251611, 55.716943], [-5.1604, 55.666797]]]}}, {"type": "Feature", "properties": {"kind": "land"}, "geometry": {"type": "Polygon", "coordinates": [[[-6.286426, 55.77251], [-6.491357, 55.697314], [-6.462842, 55.808252], [-6.413184, 55.854639], [-6.311279, 55.856494], [-6.128906, 55.930566], [-6.055322, 55.695312], [-6.088379, 55.65752], [-6.305078, 55.606934], [-6.27002, 55.670313], [-6.302051, 55.728369], [-6.286426, 55.77251]]]}}, {"type": "Feature", "properties": {"kind": "land"}, "geometry": {"type": "Polygon", "coordinates": [[[-5.939062, 56.045264], [-5.725146, 56.118555], [-5.970068, 55.814551], [-6.041553, 55.806787], [-6.071973, 55.893115], [-5.911768, 55.974756], [-5.970312, 55.992188], [-5.939062, 56.045264]]]}}, {"type": "Feature", "properties": {"kind": "land"}, "geometry": {"type": "Polygon", "coordinates": [[[-60.955371, 56.08042], [-60.994482, 56.039307], [-60.982715, 56.015137], [-61.19585, 56.063916], [-61.157568, 56.118359], [-61.086914, 56.14082], [-60.955371, 56.08042]]]}}, {"type": "Feature", "properties": {"kind": "land"}, "geometry": {"type": "Polygon", "coordinates": [[[-6.286328, 56.611865], [-6.102734, 56.645654], [-5.94668, 56.534521], [-5.76084, 56.490674], [-5.777881, 56.344336], [-6.313428, 56.293652], [-6.32583, 56.320947], [-6.298486, 56.33916], [-6.184863, 56.356885], [-6.138867, 56.490625], [-6.310645, 56.552148], [-6.286328, 56.611865]]]}}, {"type": "Feature", "properties": {"kind": "land"}, "geometry": {"type": "Polygon", "coordinates": [[[-6.569922, 56.66123], [-6.483691, 56.665771], [-6.664453, 56.579443], [-6.668555, 56.593604], [-6.569922, 56.66123]]]}}, {"type": "Feature", "properties": {"kind": "land"}, "geometry": {"type": "Polygon", "coordinates": [[[-7.537402, 56.959717], [-7.522949, 57.006787], [-7.455469, 57.018945], [-7.398926, 56.98335], [-7.537402, 56.959717]]]}}, {"type": "Feature", "properties": {"kind": "land"}, "geometry": {"type": "Polygon", "coordinates": [[[-6.30874, 56.951807], [-6.383398, 56.970898], [-6.432617, 57.01792], [-6.322363, 57.050537], [-6.278223, 57.031396], [-6.260547, 56.985254], [-6.30874, 56.951807]]]}}, {"type": "Feature", "properties": {"kind": "land"}, "geometry": {"type": "Polygon", "coordinates": [[[-7.247559, 57.126367], [-7.381494, 57.130664], [-7.422363, 57.229346], [-7.410547, 57.381104], [-7.267139, 57.371777], [-7.247559, 57.126367]]]}}, {"type": "Feature", "properties": {"kind": "land"}, "geometry": {"type": "Polygon", "coordinates": [[[-5.668652, 57.226904], [-5.91377, 57.062646], [-5.987305, 57.044434], [-6.014746, 57.051953], [-6.034375, 57.201221], [-6.322705, 57.20249], [-6.442432, 57.32749], [-6.675439, 57.362891], [-6.761133, 57.442383], [-6.704199, 57.495752], [-6.583008, 57.507129], [-6.616797, 57.562695], [-6.378516, 57.60332], [-6.357666, 57.666797], [-6.305957, 57.671973], [-6.166064, 57.585303], [-6.135547, 57.314258], [-5.880273, 57.263232], [-5.706006, 57.268945], [-5.668652, 57.226904]]]}}, {"type": "Feature", "properties": {"kind": "land"}, "geometry": {"type": "Polygon", "coordinates": [[[-61.84834, 57.579346], [-61.659521, 57.524951], [-61.6375, 57.416064], [-61.795264, 57.422461], [-61.975488, 57.49541], [-62.01123, 57.548486], [-61.84834, 57.579346]]]}}, {"type": "Feature", "properties": {"kind": "land"}, "geometry": {"type": "Polygon", "coordinates": [[[-7.470312, 57.652539], [-7.205566, 57.682959], [-7.092773, 57.62666], [-7.182617, 57.533301], [-7.320557, 57.53374], [-7.514746, 57.601953], [-7.470312, 57.652539]]]}}, {"type": "Feature", "properties": {"kind": "land"}, "geometry": {"type": "Polygon", "coordinates": [[[-6.402441, 58.041357], [-6.956934, 57.750049], [-7.013184, 57.761768], [-7.083447, 57.81377], [-6.856836, 57.923535], [-7.05708, 58.003174], [-6.985303, 58.050488], [-7.076904, 58.079004], [-7.085254, 58.182178], [-7.012061, 58.228711], [-6.88623, 58.182568], [-6.726465, 58.189404], [-6.776465, 58.301514], [-6.237451, 58.502832], [-6.194238, 58.435107], [-6.198682, 58.363281], [-6.32583, 58.188867], [-6.55459, 58.092871], [-6.436523, 58.091895], [-6.402441, 58.041357]]]}}, {"type": "Feature", "properties": {"kind": "land"}, "geometry": {"type": "Polygon", "coordinates": [[[-3.035449, 58.822656], [-2.941211, 58.835693], [-2.896436, 58.827588], [-2.938965, 58.738623], [-3.035449, 58.822656]]]}}, {"type": "Feature", "properties": {"kind": "land"}, "geometry": {"type": "Polygon", "coordinates": [[[-3.211621, 58.813574], [-3.158545, 58.801221], [-3.278809, 58.781934], [-3.367188, 58.839746], [-3.394727, 58.909619], [-3.271924, 58.905273], [-3.211621, 58.813574]]]}}, {"type": "Feature", "properties": {"kind": "land"}, "geometry": {"type": "Polygon", "coordinates": [[[-2.994824, 58.939355], [-3.22334, 58.93877], [-3.242139, 58.999707], [-3.304346, 58.967432], [-3.34707, 58.986719], [-3.310352, 59.130811], [-3.156494, 59.136328], [-3.019238, 59.076025], [-3.070703, 59.00498], [-2.762451, 58.955811], [-2.826221, 58.893262], [-2.994824, 58.939355]]]}}, {"type": "Feature", "properties": {"kind": "land"}, "geometry": {"type": "Polygon", "coordinates": [[[-2.815039, 59.24082], [-2.730664, 59.226758], [-2.729395, 59.186768], [-2.815234, 59.161914], [-2.851855, 59.182471], [-2.861426, 59.246826], [-3.052051, 59.323877], [-2.975537, 59.347119], [-2.815039, 59.24082]]]}}, {"type": "Feature", "properties": {"kind": "land"}, "geometry": {"type": "Polygon", "coordinates": [[[-2.406982, 59.297559], [-2.548877, 59.231348], [-2.662061, 59.230176], [-2.603613, 59.289307], [-2.406982, 59.297559]]]}}, {"type": "Feature", "properties": {"kind": "land"}, "geometry": {"type": "Polygon", "coordinates": [[[-1.052441, 60.444482], [-1.199316, 60.006592], [-1.283789, 59.886914], [-1.355859, 59.911133], [-1.276172, 60.114648], [-1.290918, 60.153467], [-1.322803, 60.188379], [-1.481494, 60.173389], [-1.516602, 60.231006], [-1.613037, 60.229102], [-1.660059, 60.262256], [-1.66377, 60.28252], [-1.374609, 60.33291], [-1.449561, 60.468555], [-1.548828, 60.481299], [-1.571777, 60.494434], [-1.552637, 60.517432], [-1.414209, 60.59873], [-1.301709, 60.607666], [-1.287402, 60.467041], [-1.235742, 60.485303], [-1.157764, 60.417725], [-1.052441, 60.444482]]]}}, {"type": "Feature", "properties": {"kind": "land"}, "geometry": {"type": "Polygon", "coordinates": [[[-1.034229, 60.530176], [-1.067871, 60.502295], [-1.165527, 60.603906], [-1.093311, 60.720215], [-1.005615, 60.716504], [-0.99165, 60.686035], [-1.049023, 60.646924], [-1.034229, 60.530176]]]}}, {"type": "Feature", "properties": {"kind": "land"}, "geometry": {"type": "Polygon", "coordinates": [[[-0.91582, 60.810449], [-0.823437, 60.831885], [-0.774268, 60.811963], [-0.825488, 60.683936], [-0.909131, 60.687012], [-0.938086, 60.745654], [-0.91582, 60.810449]]]}}, {"type": "Feature", "properties": {"kind": "land"}, "geometry": {"type": "Polygon", "coordinates": [[[-46.205225, 60.943506], [-46.266699, 60.781396], [-46.381543, 60.660303], [-46.496338, 60.68667], [-46.553125, 60.740771], [-46.788086, 60.758398], [-46.78999, 60.779834], [-46.393896, 60.908789], [-46.205225, 60.943506]]]}}, {"type": "Feature", "properties": {"kind": "land"}, "geometry": {"type": "Polygon", "coordinates": [[[-6.740625, 61.570508], [-6.679688, 61.414307], [-6.888135, 61.534766], [-6.934863, 61.634326], [-6.740625, 61.570508]]]}}, {"type": "Feature", "properties": {"kind": "land"}, "geometry": {"type": "Polygon", "coordinates": [[[-6.62583, 61.826709], [-6.642773, 61.768311], [-6.670166, 61.768652], [-6.83916, 61.840771], [-6.884766, 61.899121], [-6.662109, 61.861768], [-6.62583, 61.826709]]]}}, {"type": "Feature", "properties": {"kind": "land"}, "geometry": {"type": "Polygon", "coordinates": [[[-7.186865, 62.139307], [-7.065186, 62.073242], [-7.254932, 62.046143], [-7.379102, 62.074805], [-7.422607, 62.140283], [-7.186865, 62.139307]]]}}, {"type": "Feature", "properties": {"kind": "land"}, "geometry": {"type": "Polygon", "coordinates": [[[-6.714404, 61.96416], [-6.809717, 61.977441], [-7.013574, 62.093994], [-7.172168, 62.285596], [-6.958643, 62.31626], [-6.631055, 62.227881], [-6.655811, 62.093604], [-6.823437, 62.139111], [-6.840527, 62.119287], [-6.714404, 61.96416]]]}}, {"type": "Feature", "properties": {"kind": "land"}, "geometry": {"type": "Polygon", "coordinates": [[[-6.453857, 62.186523], [-6.559473, 62.224512], [-6.55459, 62.355664], [-6.406055, 62.258643], [-6.453857, 62.186523]]]}}, {"type": "Feature", "properties": {"kind": "land"}, "geometry": {"type": "Polygon", "coordinates": [[[-14.593896, 66.373975], [-14.912207, 66.284277], [-15.117383, 66.125635], [-15.010303, 66.061279], [-14.894043, 66.037891], [-14.787158, 66.059082], [-14.698193, 66.020215], [-14.668994, 65.959863], [-14.688232, 65.896973], [-14.839307, 65.780908], [-14.8271, 65.764258], [-14.391846, 65.787402], [-14.318164, 65.684473], [-14.473389, 65.575342], [-14.166943, 65.642285], [-13.935449, 65.616064], [-13.785254, 65.533008], [-13.670312, 65.549512], [-13.617871, 65.519336], [-13.667773, 65.398975], [-13.804785, 65.354785], [-13.722852, 65.290967], [-13.641113, 65.275], [-13.648926, 65.236963], [-13.754883, 65.192529], [-13.558594, 65.124658], [-13.599316, 65.035938], [-13.854004, 64.992871], [-13.827832, 64.958008], [-13.85293, 64.862158], [-14.044434, 64.741895], [-14.135156, 64.714795], [-14.385107, 64.745215], [-14.375293, 64.677441], [-14.465381, 64.635693], [-14.416992, 64.583105], [-14.432568, 64.53833], [-14.628223, 64.415967], [-15.021582, 64.295898], [-15.255859, 64.296924], [-15.83291, 64.17666], [-16.060449, 64.11123], [-16.468066, 63.916357], [-16.640332, 63.865479], [-17.815723, 63.712988], [-17.914844, 63.636377], [-17.880273, 63.590186], [-17.946924, 63.535742], [-18.080029, 63.496338], [-18.252197, 63.529687], [-18.222266, 63.473193], [-18.653613, 63.406689], [-19.250195, 63.441992], [-19.778271, 63.536572], [-20.198145, 63.555811], [-20.494043, 63.687354], [-20.469971, 63.748193], [-20.363037, 63.764941], [-20.413965, 63.805176], [-20.650928, 63.737402], [-20.727051, 63.765771], [-20.729932, 63.793359], [-20.87876, 63.803906], [-21.136572, 63.887939], [-21.155762, 63.906836], [-21.105957, 63.939844], [-21.24624, 63.935449], [-21.448633, 63.858398], [-22.652197, 63.827734], [-22.742969, 64.019385], [-22.701172, 64.083203], [-22.510059, 63.991455], [-22.187598, 64.039209], [-22.056641, 64.071338], [-21.865918, 64.180322], [-21.668652, 64.349023], [-21.46333, 64.37915], [-21.64668, 64.397852], [-21.951221, 64.313916], [-22.053369, 64.313916], [-21.90127, 64.391602], [-22.000684, 64.413184], [-22.003809, 64.452197], [-21.950342, 64.51499], [-21.590625, 64.626367], [-21.674951, 64.647705], [-22.106006, 64.533057], [-22.253906, 64.571875], [-22.324707, 64.624414], [-22.247559, 64.726904], [-22.467041, 64.794971], [-23.346973, 64.824365], [-23.818994, 64.73916], [-23.932764, 64.778516], [-24.026172, 64.863428], [-24.007031, 64.896436], [-23.924414, 64.915234], [-23.352686, 64.952783], [-23.197998, 65.002148], [-23.108838, 64.965869], [-22.788086, 65.046484], [-22.599707, 65.025732], [-21.892139, 65.048779], [-21.800439, 65.105908], [-21.763721, 65.17373], [-22.099316, 65.126221], [-22.509082, 65.196777], [-22.313965, 65.291602], [-21.906982, 65.399707], [-21.844385, 65.447363], [-22.005762, 65.493457], [-22.311475, 65.480713], [-22.389697, 65.5354], [-22.643604, 65.567773], [-22.812646, 65.547412], [-22.90249, 65.580469], [-23.899902, 65.407568], [-24.223975, 65.487207], [-24.454785, 65.500342], [-24.475684, 65.525195], [-24.341064, 65.601221], [-24.248926, 65.61499], [-23.856738, 65.538379], [-24.01001, 65.616211], [-24.017578, 65.690918], [-24.111914, 65.759717], [-24.092627, 65.776465], [-23.909082, 65.765576], [-23.615918, 65.67959], [-23.285352, 65.75], [-23.704736, 65.781201], [-23.832617, 65.849219], [-23.741309, 65.88457], [-23.524951, 65.880029], [-23.777344, 66.017578], [-23.737158, 66.069434], [-23.434473, 66.024219], [-23.598535, 66.108838], [-23.452539, 66.181006], [-23.3, 66.166602], [-23.062549, 66.08623], [-23.028516, 66.063672], [-23.018994, 65.982129], [-22.815332, 65.983496], [-22.72334, 66.039014], [-22.659863, 66.025928], [-22.609717, 65.976465], [-22.616016, 65.86748], [-22.551562, 65.90542], [-22.441699, 65.908301], [-22.445312, 66.07002], [-22.9479, 66.212744], [-22.861621, 66.251465], [-22.484424, 66.266309], [-22.646094, 66.301563], [-22.68623, 66.337695], [-23.116943, 66.338721], [-22.889209, 66.440625], [-22.426123, 66.430127], [-22.170215, 66.307129], [-21.966992, 66.256982], [-21.625293, 66.089697], [-21.406885, 66.025586], [-21.51665, 65.967578], [-21.308789, 65.895313], [-21.374902, 65.741895], [-21.456641, 65.698242], [-21.658447, 65.723584], [-21.46626, 65.635156], [-21.433643, 65.609668], [-21.455127, 65.584668], [-21.364746, 65.578223], [-21.432178, 65.474072], [-21.22998, 65.420605], [-21.129687, 65.266602], [-20.939746, 65.565186], [-20.804346, 65.636426], [-20.678955, 65.663086], [-20.548145, 65.579492], [-20.454834, 65.571045], [-20.356641, 65.719043], [-20.356592, 66.033252], [-20.292139, 66.084375], [-20.20752, 66.100098], [-20.026074, 66.049268], [-19.647852, 65.800781], [-19.489697, 65.768066], [-19.433887, 65.814453], [-19.45625, 65.984912], [-19.382959, 66.075684], [-18.845898, 66.183936], [-18.706201, 66.135742], [-18.454932, 65.964551], [-18.276953, 65.884717], [-18.141943, 65.734082], [-18.099023, 65.830273], [-18.315332, 66.093164], [-18.297168, 66.157422], [-17.906982, 66.143311], [-17.550439, 65.964404], [-17.153027, 66.202832], [-16.838037, 66.125244], [-16.48501, 66.195947], [-16.428076, 66.278369], [-16.540674, 66.446729], [-16.493359, 66.481152], [-16.249316, 66.5229], [-15.9854, 66.514648], [-15.71377, 66.358594], [-15.702783, 66.285742], [-15.543115, 66.228516], [-15.240918, 66.259131], [-14.856104, 66.381445], [-14.593896, 66.373975]]]}}, {"type": "Feature", "properties": {"kind": "land"}, "geometry": {"type": "Polygon", "coordinates": [[[-37.2229, 65.695459], [-37.04751, 65.722266], [-36.953076, 65.66333], [-37.03125, 65.531982], [-37.186816, 65.531348], [-37.238428, 65.609863], [-37.2229, 65.695459]]]}}, {"type": "Feature", "properties": {"kind": "land"}, "geometry": {"type": "Polygon", "coordinates": [[[-62.396338, 67.17832], [-62.80542, 67.028809], [-62.871631, 67.062598], [-62.625293, 67.176953], [-62.396338, 67.17832]]]}}, {"type": "Feature", "properties": {"kind": "land"}, "geometry": {"type": "Polygon", "coordinates": [[[-50.940234, 69.908691], [-50.679004, 69.848535], [-50.911719, 69.756689], [-50.967236, 69.664258], [-50.97041, 69.583008], [-51.013672, 69.55249], [-51.202051, 69.525], [-51.314893, 69.674072], [-51.338867, 69.732031], [-51.318945, 69.804053], [-51.350293, 69.854785], [-51.208887, 69.913916], [-50.940234, 69.908691]]]}}, {"type": "Feature", "properties": {"kind": "land"}, "geometry": {"type": "Polygon", "coordinates": [[[-51.900195, 69.604785], [-52.112598, 69.489111], [-52.770459, 69.363916], [-53.578418, 69.256641], [-53.754346, 69.260156], [-54.051172, 69.337158], [-54.182715, 69.403516], [-54.158154, 69.427783], [-53.658301, 69.465137], [-53.825, 69.540332], [-54.734131, 69.610547], [-54.919141, 69.713623], [-54.84126, 69.901904], [-54.787891, 69.949854], [-54.322607, 69.941895], [-54.773633, 70.052539], [-54.830762, 70.132959], [-54.815576, 70.189404], [-54.705957, 70.256152], [-54.371631, 70.317285], [-53.296729, 70.205371], [-53.10293, 70.140869], [-52.731152, 69.944727], [-52.045312, 69.807227], [-51.977051, 69.722412], [-52.007471, 69.686279], [-51.907764, 69.63667], [-51.900195, 69.604785]]]}}, {"type": "Feature", "properties": {"kind": "land"}, "geometry": {"type": "Polygon", "coordinates": [[[-25.800586, 70.598926], [-26.217871, 70.454053], [-26.273877, 70.454346], [-26.33916, 70.511426], [-26.604687, 70.553369], [-27.897998, 70.454004], [-28.003027, 70.467139], [-28.036816, 70.514355], [-27.939551, 70.615283], [-27.805273, 70.642041], [-27.714209, 70.712793], [-27.743994, 70.789746], [-27.708936, 70.897119], [-27.617236, 70.91377], [-27.238867, 70.867578], [-26.621777, 70.875635], [-25.818896, 71.043652], [-25.726807, 71.042041], [-25.432324, 70.921338], [-25.393652, 70.834668], [-25.467773, 70.779687], [-25.346338, 70.693311], [-25.402246, 70.652686], [-25.800586, 70.598926]]]}}, {"type": "Feature", "properties": {"kind": "land"}, "geometry": {"type": "Polygon", "coordinates": [[[-51.606934, 70.868848], [-52.119385, 70.870654], [-52.148047, 70.904395], [-52.106738, 70.968018], [-51.969824, 70.976465], [-51.606934, 70.868848]]]}}, {"type": "Feature", "properties": {"kind": "land"}, "geometry": {"type": "Polygon", "coordinates": [[[-8.635352, 70.94043], [-8.953564, 70.83916], [-9.098877, 70.854883], [-8.520801, 71.030664], [-8.343701, 71.140137], [-8.001367, 71.177686], [-7.978809, 71.116895], [-8.0021, 71.04126], [-8.635352, 70.94043]]]}}, {"type": "Feature", "properties": {"kind": "land"}, "geometry": {"type": "Polygon", "coordinates": [[[-53.441406, 71.18584], [-53.455469, 71.08291], [-53.535205, 71.04082], [-53.897559, 71.085156], [-53.957812, 71.127734], [-53.700977, 71.283008], [-53.584473, 71.29707], [-53.441406, 71.18584]]]}}, {"type": "Feature", "properties": {"kind": "land"}, "geometry": {"type": "Polygon", "coordinates": [[[-26.182715, 83.221387], [-30.091992, 83.157422], [-31.992676, 83.085352], [-32.032715, 82.983447], [-31.515576, 82.99165], [-29.963574, 83.110498], [-28.151465, 83.063721], [-27.002051, 83.067188], [-25.123389, 83.159619], [-24.470312, 82.877393], [-23.919531, 82.885107], [-23.833545, 82.83877], [-23.694629, 82.819141], [-22.524902, 82.78916], [-21.691797, 82.68252], [-21.520654, 82.59541], [-21.615771, 82.547705], [-21.993945, 82.462793], [-23.118066, 82.324707], [-29.579395, 82.161182], [-29.772754, 82.13125], [-29.887402, 82.054834], [-29.810986, 81.955469], [-29.543848, 81.939941], [-27.839502, 82.048877], [-25.148828, 82.001123], [-24.58916, 81.882812], [-24.293066, 81.700977], [-23.496143, 81.773047], [-23.179834, 81.989453], [-22.940088, 82.030518], [-21.337988, 82.068701], [-21.167383, 81.983838], [-21.130322, 81.934229], [-21.146582, 81.695166], [-21.230518, 81.601367], [-21.503906, 81.4375], [-23.072461, 80.926709], [-23.196387, 80.847363], [-23.203662, 80.789258], [-23.117725, 80.778174], [-22.825684, 80.912646], [-22.089404, 81.020215], [-21.449756, 81.178174], [-20.889746, 81.276367], [-20.015723, 81.564355], [-19.629932, 81.639893], [-19.224756, 81.640039], [-19.152979, 81.512207], [-18.456543, 81.497949], [-17.456055, 81.397705], [-17.226221, 81.43042], [-16.358984, 81.729053], [-16.120703, 81.776611], [-15.450635, 81.836963], [-14.241992, 81.813867], [-12.434424, 81.68252], [-11.425537, 81.480615], [-11.528809, 81.424023], [-12.231348, 81.309229], [-13.126221, 81.087793], [-13.451172, 81.038086], [-14.452344, 80.993115], [-14.490137, 80.973291], [-14.228564, 80.870459], [-14.240186, 80.832422], [-14.503564, 80.763281], [-15.194238, 80.721436], [-15.542676, 80.650391], [-16.318945, 80.649805], [-16.760596, 80.573389], [-16.587793, 80.51123], [-15.937256, 80.427637], [-15.932617, 80.395117], [-16.48877, 80.251953], [-17.011133, 80.190186], [-18.070947, 80.17207], [-19.429199, 80.257715], [-19.866797, 80.144727], [-20.150146, 80.01123], [-20.197412, 79.937646], [-20.181348, 79.857959], [-20.068848, 79.773779], [-19.353027, 79.73418], [-19.283594, 79.683154], [-19.399316, 79.488379], [-19.431201, 79.398145], [-19.414014, 79.348828], [-19.152197, 79.325391], [-19.011328, 79.251465], [-18.970801, 79.211377], [-18.991992, 79.178369], [-19.723047, 79.065039], [-19.887207, 78.910938], [-20.050488, 78.841797], [-20.615576, 78.803906], [-21.13374, 78.658643], [-20.947461, 78.595898], [-20.955664, 78.555029], [-21.194775, 78.379834], [-21.397266, 78.073584], [-21.747559, 77.790625], [-21.72959, 77.708545], [-21.578906, 77.651367], [-21.379687, 77.697559], [-21.131885, 77.847217], [-20.862598, 77.911865], [-20.318604, 77.861963], [-19.49043, 77.718896], [-19.296875, 77.621289], [-19.296094, 77.585254], [-19.524121, 77.571973], [-20.162061, 77.689844], [-20.680811, 77.618994], [-20.46377, 77.447314], [-20.231934, 77.368408], [-19.808643, 77.332373], [-19.300293, 77.222363], [-18.903418, 77.280469], [-18.442627, 77.259375], [-18.339014, 77.215283], [-18.292383, 77.132861], [-18.337256, 76.921191], [-18.510303, 76.778174], [-18.605762, 76.763281], [-19.864941, 76.914404], [-20.486719, 76.920801], [-20.94209, 76.887012], [-20.959912, 76.842676], [-21.614697, 76.687891], [-21.749023, 76.68999], [-22.185254, 76.794092], [-22.334326, 76.793701], [-22.554541, 76.729248], [-22.606641, 76.680762], [-22.378613, 76.612207], [-21.877344, 76.573486], [-21.758105, 76.400537], [-21.488232, 76.271875], [-21.185449, 76.267969], [-20.887402, 76.304004], [-20.563818, 76.239844], [-20.103613, 76.219092], [-19.862891, 76.120654], [-19.957715, 75.99668], [-19.508984, 75.75752], [-19.399512, 75.494434], [-19.375293, 75.298193], [-19.425977, 75.229834], [-19.526367, 75.180225], [-19.798486, 75.157471], [-20.198682, 75.307959], [-20.484961, 75.314258], [-20.905859, 75.156934], [-21.246533, 75.133398], [-21.409424, 75.064795], [-21.649316, 75.023438], [-22.232861, 75.119727], [-21.904346, 75.003906], [-21.695117, 74.964453], [-20.985791, 75.074365], [-20.861084, 74.992578], [-20.785693, 74.891748], [-20.795312, 74.805957], [-21.038477, 74.65415], [-20.861572, 74.635937], [-20.611133, 74.728223], [-20.41709, 74.975195], [-20.214258, 75.019238], [-19.984912, 74.975195], [-19.537793, 74.624561], [-19.287012, 74.546387], [-19.225098, 74.479492], [-19.271582, 74.342627], [-19.369141, 74.284033], [-19.64624, 74.257959], [-20.256445, 74.282813], [-20.230566, 74.204639], [-20.653125, 74.137354], [-21.129443, 74.110889], [-21.580566, 74.163477], [-21.954932, 74.244287], [-21.832031, 74.357275], [-21.761963, 74.482764], [-21.982617, 74.56748], [-21.920166, 74.439209], [-21.972705, 74.390039], [-22.334326, 74.286377], [-22.263525, 74.272412], [-22.195654, 74.205713], [-22.335254, 74.063428], [-22.134814, 73.990479], [-21.022217, 73.94126], [-20.367285, 73.848242], [-20.337988, 73.819678], [-20.448926, 73.653027], [-20.509668, 73.492871], [-20.636719, 73.463574], [-21.547998, 73.431689], [-22.185059, 73.269873], [-22.346875, 73.269238], [-23.233203, 73.397705], [-23.760596, 73.543115], [-24.157715, 73.764453], [-24.45127, 73.628516], [-24.677246, 73.602197], [-25.521289, 73.851611], [-24.77832, 73.539893], [-24.79126, 73.511279], [-25.310742, 73.431006], [-25.66543, 73.292822], [-26.062305, 73.253027], [-27.27041, 73.436279], [-27.169385, 73.37417], [-26.541846, 73.248975], [-26.728613, 73.171387], [-27.264893, 73.176465], [-27.561621, 73.138477], [-27.483154, 73.088916], [-27.348047, 73.067822], [-27.189893, 73.132422], [-26.753223, 73.121094], [-25.399023, 73.275781], [-25.268311, 73.361963], [-25.057031, 73.396484], [-24.132666, 73.409375], [-23.898975, 73.398291], [-23.709619, 73.316797], [-23.244092, 73.193262], [-22.996045, 73.171582], [-22.852295, 73.083984], [-22.036328, 72.918457], [-22.006738, 72.635449], [-22.074805, 72.399219], [-22.280225, 72.344775], [-22.239258, 72.220264], [-22.293213, 72.119531], [-23.208008, 72.326562], [-23.674365, 72.392578], [-24.069043, 72.49873], [-24.358594, 72.687305], [-24.62998, 73.037646], [-24.99248, 73.013086], [-25.170557, 72.980273], [-25.255859, 72.924121], [-26.657617, 72.71582], [-26.39209, 72.672803], [-25.687988, 72.797363], [-25.357422, 72.810254], [-24.81333, 72.901514], [-24.771045, 72.868652], [-24.65, 72.58252], [-24.700684, 72.506348], [-25.203711, 72.392969], [-25.117871, 72.346973], [-24.666846, 72.437354], [-24.572363, 72.420215], [-24.417187, 72.348242], [-23.587109, 72.139795], [-22.496875, 71.913818], [-22.370215, 71.769824], [-21.959668, 71.744678], [-22.01333, 71.688818], [-22.503223, 71.500439], [-22.479639, 71.383447], [-22.417578, 71.248682], [-22.299023, 71.432324], [-21.961426, 71.508203], [-21.752246, 71.47832], [-21.671191, 71.205957], [-21.674512, 70.856299], [-21.625146, 70.804639], [-21.573926, 70.590479], [-21.522656, 70.526221], [-21.625537, 70.468555], [-21.943506, 70.443457], [-22.069287, 70.471875], [-22.384131, 70.462402], [-22.437012, 70.86001], [-22.526074, 70.807812], [-22.609668, 70.493311], [-22.690674, 70.437305], [-23.327832, 70.450977], [-23.791797, 70.555176], [-23.971387, 70.649463], [-24.228516, 70.923389], [-24.265723, 71.046338], [-24.377002, 71.146387], [-24.562207, 71.223535], [-25.885156, 71.571924], [-26.688525, 71.58335], [-27.087207, 71.626563], [-27.162305, 71.602197], [-27.107031, 71.532666], [-25.842725, 71.480176], [-25.757812, 71.439941], [-25.699414, 71.368311], [-25.667578, 71.265332], [-25.742236, 71.183594], [-26.014111, 71.092822], [-26.71792, 70.950488], [-27.335693, 70.952783], [-27.888916, 71.001709], [-28.398438, 70.99292], [-27.992188, 70.895215], [-27.979297, 70.839502], [-28.069873, 70.699023], [-28.145654, 70.655664], [-28.530078, 70.547559], [-29.07207, 70.444971], [-28.540918, 70.476904], [-28.015039, 70.402246], [-27.596094, 70.406689], [-26.747266, 70.475537], [-26.621777, 70.463379], [-26.508398, 70.396631], [-26.576807, 70.35708], [-27.328125, 70.217139], [-27.56084, 70.124463], [-27.628857, 70.028223], [-27.38418, 69.991602], [-27.027734, 70.201221], [-26.752148, 70.242188], [-26.415674, 70.221338], [-26.155713, 70.245605], [-25.529883, 70.353174], [-24.748828, 70.295068], [-23.667334, 70.139307], [-22.206592, 70.10791], [-22.287061, 70.033398], [-22.435107, 69.985742], [-23.088232, 69.882959], [-23.014551, 69.804834], [-23.049561, 69.792725], [-23.865723, 69.736719], [-23.708984, 69.627246], [-23.739404, 69.588623], [-23.943652, 69.558057], [-24.29668, 69.585547], [-24.252295, 69.562354], [-24.220898, 69.479297], [-24.295557, 69.439307], [-24.866602, 69.293066], [-25.188574, 69.260547], [-25.080469, 69.19248], [-25.092432, 69.165186], [-25.272217, 69.091602], [-25.544043, 69.045703], [-25.626123, 68.927979], [-25.697998, 68.889893], [-26.48291, 68.675928], [-28.126465, 68.479004], [-29.249512, 68.298779], [-29.868506, 68.311572], [-30.051123, 68.271924], [-30.195508, 68.198975], [-30.72002, 68.251172], [-30.605664, 68.162354], [-30.610742, 68.11792], [-30.978564, 68.061328], [-31.419482, 68.128467], [-32.327441, 68.437305], [-32.313672, 68.387598], [-32.180127, 68.257275], [-32.366846, 68.213037], [-32.155957, 68.063184], [-32.164551, 67.991113], [-32.369531, 67.882764], [-33.108154, 67.658203], [-33.348877, 67.442725], [-33.504443, 67.377002], [-33.527979, 67.258154], [-34.10166, 66.725928], [-34.268896, 66.625049], [-34.422852, 66.630176], [-34.632812, 66.434766], [-35.188574, 66.250293], [-35.411719, 66.261523], [-35.867236, 66.441406], [-35.630078, 66.139941], [-36.379199, 65.830811], [-36.388965, 65.959717], [-36.527246, 66.007715], [-36.537012, 65.940869], [-36.665186, 65.790088], [-36.932422, 65.782568], [-37.062793, 65.871436], [-37.233203, 65.788086], [-37.316016, 65.790234], [-37.329834, 65.720166], [-37.410059, 65.656348], [-37.66377, 65.630859], [-37.754199, 65.593066], [-37.954785, 65.633594], [-38.00127, 65.709619], [-37.797363, 65.856787], [-37.826514, 65.909668], [-37.787842, 65.977979], [-37.278711, 66.304395], [-37.813916, 66.385498], [-38.156641, 66.385596], [-37.752344, 66.261523], [-37.969434, 66.141113], [-38.139941, 65.903516], [-38.520361, 66.009668], [-38.442676, 65.92168], [-38.216357, 65.83833], [-38.203369, 65.711719], [-38.636719, 65.624365], [-40.173535, 65.556152], [-40.191553, 65.52251], [-39.57793, 65.340771], [-39.937256, 65.141602], [-40.253125, 65.048877], [-40.667578, 65.10874], [-40.880566, 65.081982], [-41.084424, 65.10083], [-41.088672, 65.035352], [-41.027734, 64.987549], [-40.966016, 64.868848], [-40.655469, 64.915332], [-40.521094, 64.825488], [-40.432715, 64.673193], [-40.278418, 64.595947], [-40.182227, 64.479932], [-40.477637, 64.344434], [-40.698535, 64.329736], [-40.686426, 64.266943], [-40.781738, 64.221777], [-41.177734, 64.281445], [-41.581006, 64.29834], [-41.030566, 64.121045], [-40.825684, 64.162549], [-40.617773, 64.131738], [-40.652344, 63.927734], [-40.550391, 63.725244], [-40.771533, 63.626172], [-40.775195, 63.533643], [-41.04873, 63.513818], [-41.056152, 63.412256], [-41.152246, 63.348926], [-41.107715, 63.273779], [-41.387891, 63.061865], [-41.844482, 63.070264], [-42.174512, 63.208789], [-42.093994, 63.116748], [-41.634473, 62.972461], [-41.643604, 62.915869], [-41.723242, 62.89126], [-41.908984, 62.737109], [-42.058252, 62.693994], [-42.94165, 62.720215], [-42.673682, 62.6375], [-42.152979, 62.568457], [-42.164355, 62.512207], [-42.243164, 62.466064], [-42.197949, 62.397119], [-42.321484, 62.152734], [-42.236133, 62.05918], [-42.143066, 62.013525], [-42.153857, 61.953418], [-42.110205, 61.857227], [-42.249707, 61.771387], [-42.53042, 61.755322], [-42.585303, 61.71748], [-42.323633, 61.681738], [-42.645996, 61.064111], [-42.717041, 60.76748], [-43.044092, 60.523682], [-43.34834, 60.519775], [-43.59834, 60.576025], [-43.922705, 60.595361], [-43.939551, 60.567383], [-43.831152, 60.521973], [-43.295654, 60.444971], [-43.212988, 60.390674], [-43.156494, 60.332861], [-43.1229, 60.06123], [-43.320117, 59.928125], [-43.616895, 59.936914], [-43.955029, 60.025488], [-43.65791, 59.858643], [-43.906543, 59.815479], [-44.116992, 59.831934], [-44.065479, 59.924805], [-44.268945, 59.89292], [-44.412939, 59.922607], [-44.453467, 60.014551], [-44.231348, 60.180273], [-44.176123, 60.244385], [-44.224365, 60.273535], [-44.34834, 60.204785], [-44.533154, 60.029492], [-44.613281, 60.01665], [-45.379248, 60.20293], [-45.367773, 60.372949], [-45.20249, 60.382715], [-44.974707, 60.457227], [-44.853516, 60.531934], [-44.756738, 60.6646], [-45.082715, 60.507178], [-45.380518, 60.444922], [-46.046631, 60.615723], [-46.141943, 60.776514], [-46.018652, 60.971777], [-45.879883, 61.094141], [-45.849414, 61.181152], [-45.870215, 61.218311], [-45.942285, 61.205566], [-46.011719, 61.096826], [-46.582422, 60.962061], [-46.874463, 60.816406], [-47.224414, 60.782861], [-47.464648, 60.842627], [-47.79624, 60.828857], [-47.729932, 60.729492], [-47.82793, 60.724756], [-48.013965, 60.721973], [-48.180811, 60.769238], [-48.241943, 60.806836], [-48.205176, 60.855908], [-47.770312, 60.997754], [-48.386426, 61.004736], [-48.378125, 61.138477], [-48.428174, 61.187402], [-48.597168, 61.247412], [-48.92207, 61.277441], [-49.049219, 61.523877], [-49.289062, 61.589941], [-49.193115, 61.685645], [-49.31123, 61.747803], [-49.380273, 61.890186], [-49.039648, 62.039355], [-48.828711, 62.079687], [-49.120459, 62.112598], [-49.202295, 62.099316], [-49.348535, 62.010205], [-49.623779, 61.998584], [-49.664258, 62.016943], [-49.667725, 62.150879], [-49.553467, 62.232715], [-49.943359, 62.324463], [-50.319238, 62.473193], [-50.259326, 62.578076], [-50.256006, 62.679785], [-50.29873, 62.721973], [-50.076025, 62.90376], [-49.793115, 63.044629], [-50.092236, 62.976758], [-50.390088, 62.822021], [-50.501563, 62.944922], [-50.804297, 63.090771], [-51.187598, 63.436426], [-51.468848, 63.642285], [-51.538184, 63.758008], [-51.451074, 63.904785], [-51.54751, 64.006104], [-50.699365, 64.149268], [-50.341895, 64.170361], [-50.260693, 64.214258], [-50.486621, 64.208887], [-50.437061, 64.312842], [-50.721045, 64.22334], [-51.542285, 64.097021], [-51.707861, 64.205078], [-51.533789, 64.314209], [-51.40376, 64.463184], [-51.231543, 64.560596], [-50.834912, 64.558984], [-50.849219, 64.644678], [-50.684326, 64.678174], [-50.355127, 64.682568], [-50.158203, 64.489551], [-50.008984, 64.447266], [-50.015527, 64.507422], [-50.092969, 64.584912], [-50.121631, 64.70376], [-50.298877, 64.778564], [-50.516992, 64.766504], [-50.648145, 64.85332], [-50.681299, 64.927539], [-50.92373, 65.196729], [-50.960645, 65.201123], [-50.721582, 64.797607], [-50.891064, 64.695215], [-51.220605, 64.628467], [-51.138965, 64.785742], [-51.255371, 64.758105], [-51.363623, 64.701562], [-51.400928, 64.623096], [-51.758105, 64.279932], [-51.922607, 64.21875], [-51.998682, 64.256787], [-52.093408, 64.415918], [-52.088867, 64.681543], [-52.259033, 65.154932], [-52.447607, 65.205127], [-52.537695, 65.328809], [-52.17959, 65.441943], [-51.619141, 65.713184], [-51.090381, 65.751025], [-51.091895, 65.775781], [-51.393799, 65.77915], [-51.723437, 65.723486], [-52.035352, 65.569482], [-52.348242, 65.461328], [-52.55127, 65.461377], [-52.760937, 65.59082], [-52.994922, 65.566016], [-53.198975, 65.594043], [-53.23374, 65.77085], [-53.106348, 65.977148], [-53.24375, 65.979053], [-53.392041, 66.04834], [-52.056104, 66.507324], [-51.891211, 66.623145], [-51.51709, 66.732031], [-51.258594, 66.841211], [-51.225, 66.881543], [-51.281055, 66.890967], [-51.823047, 66.697852], [-53.035791, 66.201416], [-53.53877, 66.139355], [-53.614697, 66.154492], [-53.648096, 66.273535], [-53.634717, 66.413672], [-53.570703, 66.513281], [-53.41875, 66.648535], [-53.114648, 66.753809], [-53.038281, 66.826807], [-52.491064, 66.850146], [-52.386865, 66.881152], [-52.560107, 66.909082], [-53.443604, 66.924658], [-53.687158, 66.986475], [-53.884424, 67.135547], [-53.798584, 67.418164], [-52.969531, 67.687256], [-52.512012, 67.761279], [-51.909082, 67.663721], [-51.450586, 67.667725], [-51.181445, 67.636523], [-50.705371, 67.508887], [-50.613477, 67.52793], [-50.640137, 67.558838], [-51.171045, 67.693604], [-51.167969, 67.733838], [-50.887012, 67.783545], [-50.968848, 67.806641], [-51.765234, 67.737842], [-52.344824, 67.836914], [-52.97959, 67.757764], [-53.418799, 67.574561], [-53.603613, 67.536475], [-53.735205, 67.549023], [-53.616211, 67.715332], [-53.577979, 67.836816], [-53.35293, 67.970508], [-53.151562, 68.207764], [-52.889844, 68.204541], [-52.058496, 68.075488], [-51.596875, 68.054785], [-51.456494, 68.116064], [-51.414697, 68.198193], [-51.207275, 68.325537], [-51.169141, 68.385205], [-51.210156, 68.419922], [-51.456104, 68.393506], [-51.632422, 68.273047], [-52.198535, 68.220801], [-52.698389, 68.261523], [-52.780029, 68.309863], [-53.383154, 68.297363], [-53.213281, 68.412988], [-53.039453, 68.610889], [-52.60459, 68.70874], [-52.302783, 68.701123], [-51.780664, 68.548193], [-51.623145, 68.534814], [-51.133301, 68.598438], [-50.945703, 68.682666], [-50.800635, 68.79126], [-50.807715, 68.816992], [-51.030225, 68.756299], [-51.249414, 68.739941], [-51.084863, 69.128271], [-50.392676, 69.137402], [-50.297363, 69.170605], [-50.536621, 69.247852], [-51.076953, 69.209473], [-51.057812, 69.274805], [-50.892236, 69.411768], [-50.804102, 69.663037], [-50.720264, 69.725342], [-50.349463, 69.79624], [-50.343457, 69.825244], [-50.5, 69.935791], [-50.291699, 70.014453], [-50.322949, 70.027148], [-50.802344, 70.003223], [-51.105713, 70.057422], [-51.499072, 69.987158], [-52.254639, 70.058936], [-53.023047, 70.301904], [-54.014453, 70.42168], [-54.343311, 70.571191], [-54.530762, 70.699268], [-54.343555, 70.789209], [-54.16582, 70.820117], [-53.513086, 70.766602], [-52.801953, 70.750586], [-52.405225, 70.686768], [-51.524463, 70.439453], [-50.946875, 70.363623], [-50.682129, 70.396875], [-50.663281, 70.417578], [-50.932666, 70.453857], [-51.322852, 70.58877], [-51.339893, 70.687549], [-51.256592, 70.852686], [-51.774316, 71.010449], [-51.130078, 70.971729], [-51.018945, 71.001318], [-51.37666, 71.119043], [-52.061377, 71.121631], [-52.53457, 71.200439], [-53.007568, 71.17998], [-53.117041, 71.312891], [-52.891846, 71.457666], [-52.749414, 71.501514], [-51.967285, 71.599121], [-51.778613, 71.68291], [-52.195801, 71.62998], [-52.656299, 71.672266], [-53.167529, 71.535938], [-53.440088, 71.579004], [-53.476025, 71.640186], [-53.249707, 71.710156], [-53.138867, 71.775195], [-53.144531, 71.807422], [-53.333691, 71.789746], [-53.420117, 71.999756], [-53.692871, 72.159668], [-53.809863, 72.292578], [-53.652148, 72.362646], [-53.927734, 72.318799], [-53.792871, 72.134082], [-53.513672, 71.97627], [-53.4625, 71.893555], [-53.477588, 71.849951], [-53.71543, 71.757666], [-53.779687, 71.678516], [-53.894092, 71.641992], [-54.019922, 71.657861], [-53.912061, 71.525928], [-53.962988, 71.458984], [-54.317725, 71.384473], [-54.689062, 71.367236], [-55.336426, 71.426758], [-55.594043, 71.553516], [-55.667822, 71.626758], [-55.669336, 71.691504], [-55.549219, 71.768262], [-55.452441, 71.957666], [-55.315576, 72.110693], [-54.840137, 72.356104], [-54.896338, 72.394189], [-55.320117, 72.199561], [-55.581445, 72.178857], [-55.659473, 72.222607], [-55.63584, 72.300439], [-55.37793, 72.311133], [-55.295703, 72.354395], [-55.427979, 72.419873], [-55.601709, 72.453467], [-55.456787, 72.503271], [-55.121875, 72.499609], [-54.924951, 72.571973], [-54.740039, 72.700195], [-54.76084, 72.831738], [-54.737939, 72.87251], [-54.866211, 72.966846], [-55.073096, 73.015137], [-55.133984, 72.960645], [-55.288916, 72.933203], [-55.668555, 73.00791], [-55.692773, 73.112842], [-55.358691, 73.20293], [-55.297168, 73.262305], [-55.288281, 73.3271], [-55.332031, 73.397363], [-55.445703, 73.460498], [-55.738867, 73.383984], [-55.787061, 73.460498], [-55.875537, 73.504639], [-56.104053, 73.558154], [-56.10918, 73.590771], [-55.968408, 73.75957], [-55.838281, 73.759717], [-55.929492, 73.89541], [-56.225391, 74.129102], [-56.493164, 74.182178], [-57.230566, 74.125293], [-56.706348, 74.219189], [-56.638965, 74.278369], [-56.654297, 74.378125], [-56.717676, 74.429248], [-56.255469, 74.526807], [-56.871143, 74.694971], [-57.190869, 74.89375], [-57.813184, 75.03999], [-58.25332, 75.278955], [-58.565527, 75.352734], [-58.603467, 75.385303], [-58.281201, 75.47207], [-58.249658, 75.506689], [-58.516211, 75.689063], [-59.081592, 75.764697], [-59.445312, 75.858594], [-61.188232, 76.157861], [-62.09668, 76.242334], [-62.742871, 76.252148], [-63.291309, 76.352051], [-63.438867, 76.339453], [-63.843066, 76.217139], [-63.960352, 76.208936], [-64.307275, 76.316504], [-64.911963, 76.17251], [-65.369922, 76.130566], [-65.57373, 76.144238], [-65.954053, 76.241699], [-66.465771, 76.13916], [-66.874023, 76.217871], [-67.078711, 76.194824], [-67.054785, 76.151855], [-66.674805, 75.977393], [-66.826172, 75.968799], [-68.317285, 76.090771], [-69.3729, 76.331885], [-69.484082, 76.39917], [-68.86499, 76.561377], [-68.114258, 76.650635], [-68.223389, 76.677686], [-69.252051, 76.686133], [-69.673828, 76.735889], [-69.888086, 76.827051], [-69.872217, 76.876611], [-69.694238, 76.989453], [-70.441309, 76.807373], [-70.613135, 76.821826], [-70.792822, 76.869092], [-70.734668, 76.929004], [-71.015039, 76.984863], [-71.141455, 77.028662], [-71.154883, 77.073877], [-70.862842, 77.175439], [-70.603711, 77.193848], [-69.656543, 77.229004], [-68.97832, 77.195312], [-68.747461, 77.306934], [-68.591602, 77.342529], [-68.135547, 77.37959], [-66.937988, 77.364209], [-66.389453, 77.280273], [-66.371289, 77.297705], [-66.447656, 77.349805], [-66.453076, 77.393066], [-66.266455, 77.515381], [-66.306445, 77.564502], [-66.445361, 77.615674], [-66.823535, 77.686621], [-67.688086, 77.523779], [-68.137305, 77.530469], [-68.621533, 77.601855], [-68.974561, 77.492627], [-69.351367, 77.467139], [-69.976758, 77.547656], [-70.118164, 77.583496], [-70.126367, 77.637793], [-70.561914, 77.717187], [-70.081494, 77.831396], [-70.114453, 77.841357], [-70.412402, 77.843115], [-70.728711, 77.792725], [-71.271631, 77.813135], [-71.649902, 77.899805], [-72.158545, 77.956934], [-72.791504, 78.154883], [-72.818066, 78.194336], [-72.581299, 78.279102], [-72.570947, 78.29873], [-72.714795, 78.362305], [-72.47251, 78.482031], [-71.651318, 78.623145], [-70.905762, 78.638477], [-69.973535, 78.777686], [-68.993457, 78.857422], [-68.923926, 78.881934], [-69.030518, 78.942871], [-68.377051, 79.037842], [-67.354541, 79.12334], [-66.075342, 79.118213], [-65.825537, 79.17373], [-65.419873, 79.340234], [-65.287793, 79.437305], [-65.116943, 79.589014], [-64.792285, 80.000635], [-64.17915, 80.099268], [-64.439941, 80.141846], [-65.810449, 80.024072], [-66.447705, 80.080273], [-66.843652, 80.076221], [-67.141309, 80.166455], [-67.201465, 80.222168], [-67.193164, 80.280078], [-66.995898, 80.412988], [-66.610059, 80.52959], [-65.645215, 80.685059], [-64.515527, 81.0], [-63.721973, 81.057324], [-63.441699, 81.013867], [-63.058594, 80.885596], [-63.028662, 80.889551], [-63.235205, 81.08335], [-63.2125, 81.143115], [-62.993262, 81.206982], [-62.298877, 81.194385], [-61.635596, 81.115723], [-61.435986, 81.133594], [-61.162061, 81.281494], [-61.1, 81.396094], [-61.175977, 81.631885], [-61.235693, 81.69458], [-61.20293, 81.746875], [-60.842871, 81.855371], [-60.432373, 81.920166], [-59.901904, 81.933008], [-59.281934, 81.884033], [-58.079932, 81.622217], [-57.504883, 81.539893], [-56.862061, 81.382715], [-56.615137, 81.362891], [-56.859668, 81.459961], [-57.853027, 81.662012], [-58.816748, 81.92041], [-59.268018, 81.98208], [-59.261816, 82.006641], [-58.717383, 82.093066], [-56.589355, 82.227148], [-55.548682, 82.245752], [-55.48623, 82.282861], [-55.343604, 82.299561], [-54.548877, 82.350635], [-53.987305, 82.279248], [-53.671338, 82.164062], [-53.582031, 82.061572], [-53.595508, 81.738037], [-53.590771, 81.676855], [-53.555664, 81.653271], [-53.14502, 81.799756], [-53.041211, 81.870996], [-52.925537, 82.038379], [-53.101953, 82.118945], [-53.110742, 82.251221], [-53.022559, 82.321729], [-52.775586, 82.321729], [-51.754004, 82.078223], [-51.351855, 82.025635], [-50.894434, 81.895215], [-49.541064, 81.918066], [-50.394824, 82.120703], [-50.713135, 82.237354], [-50.935547, 82.382812], [-50.989941, 82.460156], [-50.037109, 82.472412], [-48.861182, 82.40542], [-47.357422, 82.173633], [-46.617334, 82.096973], [-45.291064, 81.828809], [-44.729492, 81.779834], [-44.532422, 81.848926], [-44.526904, 81.896826], [-44.591016, 81.956689], [-44.637109, 82.104443], [-44.54707, 82.260059], [-44.333203, 82.310791], [-44.238867, 82.368164], [-44.326562, 82.471729], [-45.552441, 82.725244], [-45.556543, 82.747021], [-45.067432, 82.784961], [-42.650732, 82.741455], [-41.876465, 82.680322], [-41.357275, 82.70498], [-41.369629, 82.75], [-41.434424, 82.778613], [-44.761963, 82.883545], [-46.136816, 82.858838], [-46.478174, 82.951904], [-46.169043, 83.063867], [-45.4146, 83.017676], [-44.656934, 83.129053], [-43.009277, 83.2646], [-42.259521, 83.231982], [-41.819775, 83.147754], [-41.300146, 83.100781], [-40.689453, 83.275195], [-40.356836, 83.332178], [-38.931104, 83.175342], [-38.278369, 82.998877], [-38.15625, 82.998633], [-38.037012, 83.046289], [-37.934766, 83.160742], [-38.539551, 83.258154], [-38.747803, 83.332568], [-38.749561, 83.37085], [-38.541455, 83.414795], [-38.071094, 83.412109], [-37.72334, 83.497754], [-36.804492, 83.46582], [-36.6896, 83.479932], [-36.606494, 83.536963], [-34.667773, 83.571143], [-33.837354, 83.52998], [-32.984424, 83.599609], [-29.952881, 83.564844], [-28.991992, 83.504785], [-28.483789, 83.434912], [-27.034424, 83.376904], [-25.795068, 83.260986], [-26.182715, 83.221387]]]}}, {"type": "Feature", "properties": {"kind": "land"}, "geometry": {"type": "Polygon", "coordinates": [[[-55.869043, 72.662109], [-56.140869, 72.668457], [-56.214795, 72.719189], [-55.993555, 72.782275], [-55.51626, 72.780713], [-55.205811, 72.84165], [-55.033008, 72.820508], [-55.016895, 72.791113], [-55.523633, 72.568408], [-55.781006, 72.617236], [-55.869043, 72.662109]]]}}, {"type": "Feature", "properties": {"kind": "land"}, "geometry": {"type": "Polygon", "coordinates": [[[-18.891309, 75.072168], [-18.856055, 75.319141], [-18.635547, 75.389648], [-18.450342, 75.327979], [-18.000537, 75.407324], [-17.885889, 75.204443], [-17.762402, 75.142773], [-17.497852, 75.151514], [-17.391992, 75.036914], [-17.586035, 74.992773], [-18.670801, 75.00166], [-18.891309, 75.072168]]]}}, {"type": "Feature", "properties": {"kind": "land"}, "geometry": {"type": "Polygon", "coordinates": [[[-19.085352, 76.430371], [-19.058887, 76.694971], [-18.882471, 76.703809], [-18.732617, 76.642041], [-18.582617, 76.042334], [-18.697266, 76.015869], [-19.085352, 76.430371]]]}}, {"type": "Feature", "properties": {"kind": "land"}, "geometry": {"type": "Polygon", "coordinates": [[[-17.953711, 77.642334], [-18.22002, 77.668359], [-17.903711, 77.862598], [-17.681445, 77.858594], [-17.641357, 77.782471], [-17.729492, 77.706396], [-17.953711, 77.642334]]]}}, {"type": "Feature", "properties": {"kind": "land"}, "geometry": {"type": "Polygon", "coordinates": [[[-18.882471, 78.114893], [-18.997168, 77.973779], [-19.129492, 77.938525], [-19.297021, 78.185449], [-19.314697, 78.344189], [-19.111816, 78.423584], [-18.9354, 78.423584], [-18.953027, 78.211914], [-18.882471, 78.114893]]]}}, {"type": "Feature", "properties": {"kind": "land"}, "geometry": {"type": "Polygon", "coordinates": [[[-17.6125, 79.825879], [-18.03584, 79.71123], [-18.662012, 79.72002], [-19.032422, 79.772949], [-19.138281, 79.852344], [-18.997168, 79.940479], [-18.547363, 80.011084], [-17.98291, 80.055176], [-17.471387, 80.028711], [-17.40083, 79.940479], [-17.6125, 79.825879]]]}}, {"type": "Feature", "properties": {"kind": "land"}, "geometry": {"type": "Polygon", "coordinates": [[[-18.664746, 81.846484], [-18.767676, 81.814307], [-19.031445, 81.827197], [-19.594482, 81.99126], [-19.610547, 82.078125], [-19.494727, 82.116699], [-19.314551, 82.123193], [-18.812695, 81.949463], [-18.664746, 81.846484]]]}}, {"type": "Feature", "properties": {"kind": "land"}, "geometry": {"type": "Polygon", "coordinates": [[[-45.411377, 82.577539], [-44.91748, 82.480518], [-44.749902, 82.401123], [-44.776367, 82.242383], [-44.864551, 82.083643], [-45.067432, 82.066016], [-45.490771, 82.171826], [-46.751904, 82.348193], [-47.30752, 82.533398], [-47.351221, 82.599219], [-47.272266, 82.656934], [-46.39917, 82.692139], [-45.411377, 82.577539]]]}}, {"type": "Feature", "properties": {"kind": "land"}, "geometry": {"type": "Polygon", "coordinates": [[[4.225781, 40.032373], [4.250905171969046, 40.0], [3.843750942137486, 40.0], [3.853418, 40.063037], [4.05918, 40.075098], [4.225781, 40.032373]]]}}, {"type": "Feature", "properties": {"kind": "land"}, "geometry": {"type": "Polygon", "coordinates": [[[9.70293119108507, 40.0], [8.402720991054615, 40.0], [8.470801, 40.130713], [8.471289, 40.292676], [8.40918, 40.352344], [8.353223, 40.500537], [8.189941, 40.651611], [8.180859, 40.771045], [8.224219, 40.91333], [8.363281, 40.846338], [8.571875, 40.850195], [8.821191, 40.949902], [8.998145, 41.110352], [9.107227, 41.14292], [9.182129, 41.242188], [9.228418, 41.25708], [9.283008, 41.20166], [9.455176, 41.150146], [9.53877, 41.053662], [9.615332, 41.017285], [9.553711, 40.932129], [9.682031, 40.818115], [9.794336, 40.556201], [9.782813, 40.441504], [9.642969, 40.268408], [9.70293119108507, 40.0]]]}}, {"type": "Feature", "properties": {"kind": "land"}, "geometry": {"type": "Polygon", "coordinates": [[[13.853516, 40.724072], [13.871191, 40.761816], [13.962109, 40.739404], [13.893652, 40.696973], [13.853516, 40.724072]]]}}, {"type": "Feature", "properties": {"kind": "land"}, "geometry": {"type": "Polygon", "coordinates": [[[8.205664, 40.997461], [8.267383, 41.099121], [8.320215, 41.121875], [8.34375, 41.101611], [8.252734, 40.994141], [8.205664, 40.997461]]]}}, {"type": "Feature", "properties": {"kind": "land"}, "geometry": {"type": "Polygon", "coordinates": [[[9.374219, 41.678809], [9.186133, 41.384912], [8.84209, 41.558887], [8.80752, 41.588379], [8.886816, 41.700684], [8.717969, 41.761426], [8.758691, 41.87041], [8.74043, 41.925146], [8.621875, 41.930713], [8.615137, 41.959131], [8.702539, 42.043115], [8.700977, 42.095605], [8.587793, 42.16084], [8.566211, 42.218799], [8.675488, 42.284033], [8.625879, 42.343408], [8.565625, 42.357715], [8.713086, 42.549756], [8.814844, 42.60791], [9.043652, 42.66167], [9.137891, 42.73291], [9.287695, 42.694629], [9.313379, 42.713184], [9.338379, 42.766895], [9.330957, 42.943799], [9.363184, 43.017383], [9.415234, 43.021484], [9.463281, 42.981006], [9.480371, 42.80542], [9.454199, 42.658594], [9.526172, 42.552637], [9.556445, 42.160937], [9.400879, 41.926221], [9.374219, 41.678809]]]}}, {"type": "Feature", "properties": {"kind": "land"}, "geometry": {"type": "Polygon", "coordinates": [[[17.607813, 42.769043], [17.744238, 42.700342], [17.344141, 42.790381], [17.431934, 42.800391], [17.607813, 42.769043]]]}}, {"type": "Feature", "properties": {"kind": "land"}, "geometry": {"type": "Polygon", "coordinates": [[[10.127539, 42.810303], [10.358984, 42.822314], [10.395117, 42.858154], [10.432227, 42.796582], [10.419336, 42.713184], [10.335645, 42.761133], [10.13125, 42.742041], [10.109766, 42.785059], [10.127539, 42.810303]]]}}, {"type": "Feature", "properties": {"kind": "land"}, "geometry": {"type": "Polygon", "coordinates": [[[16.696387, 42.933691], [16.650684, 42.996582], [17.093652, 42.964355], [17.188281, 42.917041], [16.977539, 42.927783], [16.850684, 42.895508], [16.696387, 42.933691]]]}}, {"type": "Feature", "properties": {"kind": "land"}, "geometry": {"type": "Polygon", "coordinates": [[[17.194043, 43.125781], [16.679199, 43.123145], [16.376465, 43.21377], [16.521387, 43.229248], [16.655957, 43.21377], [16.697266, 43.174951], [17.194043, 43.125781]]]}}, {"type": "Feature", "properties": {"kind": "land"}, "geometry": {"type": "Polygon", "coordinates": [[[16.785254, 43.270654], [16.627441, 43.268066], [16.423145, 43.317236], [16.448926, 43.387061], [16.834375, 43.35083], [16.891309, 43.314648], [16.785254, 43.270654]]]}}, {"type": "Feature", "properties": {"kind": "land"}, "geometry": {"type": "Polygon", "coordinates": [[[15.27002, 44.010742], [15.371387, 43.973828], [15.437207, 43.899512], [15.374219, 43.914795], [15.27002, 44.010742]]]}}, {"type": "Feature", "properties": {"kind": "land"}, "geometry": {"type": "Polygon", "coordinates": [[[15.20166, 43.897754], [15.13584, 43.907275], [14.865039, 44.167969], [14.952539, 44.117188], [15.20166, 43.897754]]]}}, {"type": "Feature", "properties": {"kind": "land"}, "geometry": {"type": "Polygon", "coordinates": [[[15.231055, 44.062305], [15.24668, 44.027051], [15.06582, 44.157666], [15.231055, 44.062305]]]}}, {"type": "Feature", "properties": {"kind": "land"}, "geometry": {"type": "Polygon", "coordinates": [[[14.741895, 44.697363], [14.898047, 44.61084], [15.239941, 44.350195], [15.162598, 44.30918], [15.038574, 44.393018], [14.912793, 44.48584], [14.741895, 44.697363]]]}}, {"type": "Feature", "properties": {"kind": "land"}, "geometry": {"type": "Polygon", "coordinates": [[[14.856641, 44.714844], [14.678223, 44.769873], [14.672461, 44.824365], [14.754199, 44.844824], [14.856641, 44.714844]]]}}, {"type": "Feature", "properties": {"kind": "land"}, "geometry": {"type": "Polygon", "coordinates": [[[14.358203, 45.167432], [14.39375, 45.03125], [14.467383, 44.970215], [14.480371, 44.62124], [14.419531, 44.670312], [14.302539, 44.94043], [14.340039, 45.019971], [14.28584, 45.144629], [14.358203, 45.167432]]]}}, {"type": "Feature", "properties": {"kind": "land"}, "geometry": {"type": "Polygon", "coordinates": [[[14.571094, 45.224756], [14.810254, 44.977051], [14.687012, 44.955615], [14.612988, 45.025439], [14.511719, 45.0354], [14.437891, 45.098633], [14.524609, 45.146826], [14.571094, 45.224756]]]}}, {"type": "Feature", "properties": {"kind": "land"}, "geometry": {"type": "Polygon", "coordinates": [[[4.739844, 53.091309], [4.886426, 53.183301], [4.886133, 53.070703], [4.787109, 52.999805], [4.70918, 53.036035], [4.739844, 53.091309]]]}}, {"type": "Feature", "properties": {"kind": "land"}, "geometry": {"type": "Polygon", "coordinates": [[[4.92373, 53.23457], [5.027051, 53.310205], [5.108594, 53.308008], [4.92373, 53.23457]]]}}, {"type": "Feature", "properties": {"kind": "land"}, "geometry": {"type": "Polygon", "coordinates": [[[5.190234, 53.391797], [5.582617, 53.438086], [5.325781, 53.385742], [5.190234, 53.391797]]]}}, {"type": "Feature", "properties": {"kind": "land"}, "geometry": {"type": "Polygon", "coordinates": [[[5.654297, 53.466504], [5.87627, 53.475098], [5.929297, 53.458838], [5.732031, 53.442627], [5.654297, 53.466504]]]}}, {"type": "Feature", "properties": {"kind": "land"}, "geometry": {"type": "Polygon", "coordinates": [[[6.333398, 53.510742], [6.193262, 53.476807], [6.159277, 53.483936], [6.290918, 53.51499], [6.333398, 53.510742]]]}}, {"type": "Feature", "properties": {"kind": "land"}, "geometry": {"type": "Polygon", "coordinates": [[[6.734766, 53.58252], [6.64209, 53.579199], [6.800879, 53.625488], [6.734766, 53.58252]]]}}, {"type": "Feature", "properties": {"kind": "land"}, "geometry": {"type": "Polygon", "coordinates": [[[13.18125, 54.508984], [13.239941, 54.638428], [13.336816, 54.697119], [13.422754, 54.699316], [13.491211, 54.615381], [13.657617, 54.55957], [13.670703, 54.535449], [13.580469, 54.463965], [13.601855, 54.425146], [13.70918, 54.382715], [13.73418, 54.31543], [13.707324, 54.281152], [13.594922, 54.338184], [13.482031, 54.337402], [13.414551, 54.249561], [13.364355, 54.24585], [13.162109, 54.364551], [13.18125, 54.508984]]]}}, {"type": "Feature", "properties": {"kind": "land"}, "geometry": {"type": "Polygon", "coordinates": [[[11.129297, 54.416016], [11.011719, 54.466162], [11.084961, 54.533398], [11.233594, 54.50127], [11.282813, 54.417969], [11.129297, 54.416016]]]}}, {"type": "Feature", "properties": {"kind": "land"}, "geometry": {"type": "Polygon", "coordinates": [[[8.587891, 54.712695], [8.453809, 54.691064], [8.400391, 54.714111], [8.468164, 54.757422], [8.573438, 54.74873], [8.587891, 54.712695]]]}}, {"type": "Feature", "properties": {"kind": "land"}, "geometry": {"type": "Polygon", "coordinates": [[[11.035547, 54.773096], [11.058594, 54.940576], [11.258496, 54.951807], [11.538379, 54.82959], [11.739551, 54.807422], [11.765918, 54.679443], [11.457422, 54.628857], [11.035547, 54.773096]]]}}, {"type": "Feature", "properties": {"kind": "land"}, "geometry": {"type": "Polygon", "coordinates": [[[10.417285, 54.837158], [10.340527, 54.858936], [10.199902, 54.962744], [10.504883, 54.860547], [10.417285, 54.837158]]]}}, {"type": "Feature", "properties": {"kind": "land"}, "geometry": {"type": "Polygon", "coordinates": [[[8.600586, 54.865381], [8.347363, 54.847607], [8.284668, 54.76709], [8.295703, 54.908301], [8.405176, 55.05874], [8.451465, 55.055371], [8.39043, 54.986279], [8.379883, 54.899854], [8.62959, 54.891748], [8.600586, 54.865381]]]}}, {"type": "Feature", "properties": {"kind": "land"}, "geometry": {"type": "Polygon", "coordinates": [[[10.951074, 55.156201], [10.734082, 54.750732], [10.689746, 54.745068], [10.62168, 54.851416], [10.951074, 55.156201]]]}}, {"type": "Feature", "properties": {"kind": "land"}, "geometry": {"type": "Polygon", "coordinates": [[[9.957129, 54.872461], [9.80625, 54.906006], [9.771191, 55.059912], [9.998828, 54.986475], [10.06123, 54.886377], [9.957129, 54.872461]]]}}, {"type": "Feature", "properties": {"kind": "land"}, "geometry": {"type": "Polygon", "coordinates": [[[12.274023, 55.064111], [12.469531, 55.01748], [12.549219, 54.965771], [12.35752, 54.961816], [12.184473, 54.89248], [12.118848, 54.914404], [12.161719, 54.974805], [12.258789, 55.021094], [12.274023, 55.064111]]]}}, {"type": "Feature", "properties": {"kind": "land"}, "geometry": {"type": "Polygon", "coordinates": [[[15.050781, 55.004932], [14.68418, 55.102246], [14.713672, 55.238037], [14.765332, 55.296729], [15.132617, 55.144531], [15.137109, 55.087158], [15.050781, 55.004932]]]}}, {"type": "Feature", "properties": {"kind": "land"}, "geometry": {"type": "Polygon", "coordinates": [[[9.98877, 55.163184], [9.858984, 55.357227], [9.860645, 55.515479], [10.286133, 55.61084], [10.505078, 55.558057], [10.645117, 55.609814], [10.819238, 55.321875], [10.785352, 55.269775], [10.808398, 55.203027], [10.785254, 55.133398], [10.623828, 55.052441], [10.442773, 55.048779], [9.98877, 55.163184]]]}}, {"type": "Feature", "properties": {"kind": "land"}, "geometry": {"type": "Polygon", "coordinates": [[[12.413086, 55.286182], [12.322461, 55.237109], [12.089941, 55.188135], [12.050391, 54.815332], [11.862305, 54.772607], [11.740918, 54.915332], [11.653809, 55.186914], [11.286328, 55.204443], [11.170703, 55.328613], [11.189746, 55.465625], [11.128027, 55.534766], [11.120996, 55.600732], [11.008789, 55.644434], [10.978906, 55.721533], [11.322266, 55.752539], [11.463672, 55.879297], [11.474707, 55.943457], [11.627734, 55.956885], [11.695898, 55.90791], [11.690918, 55.729004], [11.819727, 55.697656], [11.92207, 55.828076], [11.93457, 55.895898], [11.866406, 55.968164], [12.218945, 56.118652], [12.525781, 56.083398], [12.608398, 56.033008], [12.524805, 55.918457], [12.571191, 55.684961], [12.507031, 55.636621], [12.320605, 55.587842], [12.243457, 55.537891], [12.215039, 55.466504], [12.275391, 55.414258], [12.385156, 55.385645], [12.413086, 55.286182]]]}}, {"type": "Feature", "properties": {"kind": "land"}, "geometry": {"type": "Polygon", "coordinates": [[[12.550879, 55.55625], [12.520313, 55.6146], [12.62002, 55.679346], [12.665723, 55.596533], [12.550879, 55.55625]]]}}, {"type": "Feature", "properties": {"kind": "land"}, "geometry": {"type": "Polygon", "coordinates": [[[10.607324, 55.783057], [10.526953, 55.783789], [10.544336, 55.906592], [10.516113, 55.958545], [10.547168, 55.991943], [10.661719, 55.877588], [10.607324, 55.783057]]]}}, {"type": "Feature", "properties": {"kind": "land"}, "geometry": {"type": "Polygon", "coordinates": [[[16.727734, 56.902002], [17.025391, 57.345068], [17.117676, 57.319824], [17.050391, 57.280469], [17.053516, 57.208008], [16.883691, 56.985205], [16.838281, 56.840527], [16.778027, 56.805225], [16.528516, 56.290527], [16.477148, 56.240186], [16.431641, 56.24375], [16.40127, 56.310889], [16.412305, 56.568994], [16.630371, 56.876855], [16.727734, 56.902002]]]}}, {"type": "Feature", "properties": {"kind": "land"}, "geometry": {"type": "Polygon", "coordinates": [[[10.93457, 57.308594], [11.085742, 57.329932], [11.174512, 57.3229], [11.011426, 57.229102], [10.873828, 57.262256], [10.93457, 57.308594]]]}}, {"type": "Feature", "properties": {"kind": "land"}, "geometry": {"type": "Polygon", "coordinates": [[[18.699902, 57.242725], [18.477344, 57.163037], [18.387207, 57.087646], [18.340234, 56.978223], [18.146387, 56.920508], [18.285352, 57.083203], [18.20957, 57.133301], [18.105078, 57.271875], [18.151953, 57.339062], [18.136523, 57.556641], [18.537402, 57.830566], [18.721875, 57.863721], [18.805176, 57.833154], [18.841113, 57.900195], [18.956445, 57.9], [19.076465, 57.835938], [18.99375, 57.812109], [18.945117, 57.741602], [18.813867, 57.706201], [18.790918, 57.483105], [18.90791, 57.39834], [18.784863, 57.361084], [18.699902, 57.242725]]]}}, {"type": "Feature", "properties": {"kind": "land"}, "geometry": {"type": "Polygon", "coordinates": [[[19.138379, 57.860254], [19.039258, 57.911035], [19.134863, 57.981348], [19.331445, 57.962891], [19.156348, 57.922607], [19.138379, 57.860254]]]}}, {"type": "Feature", "properties": {"kind": "land"}, "geometry": {"type": "Polygon", "coordinates": [[[18.349902, 59.022607], [18.397559, 59.089111], [18.485547, 59.10459], [18.416211, 59.029102], [18.349902, 59.022607]]]}}, {"type": "Feature", "properties": {"kind": "land"}, "geometry": {"type": "Polygon", "coordinates": [[[18.570312, 59.437256], [18.545117, 59.477832], [18.572363, 59.52583], [18.698438, 59.534619], [18.570312, 59.437256]]]}}, {"type": "Feature", "properties": {"kind": "land"}, "geometry": {"type": "Polygon", "coordinates": [[[20.603418, 60.016943], [20.521777, 60.01167], [20.397949, 60.040674], [20.569141, 60.069629], [20.603418, 60.016943]]]}}, {"type": "Feature", "properties": {"kind": "land"}, "geometry": {"type": "Polygon", "coordinates": [[[19.66748, 60.164746], [19.579883, 60.135059], [19.519043, 60.18457], [19.551367, 60.243848], [19.628809, 60.246094], [19.66748, 60.164746]]]}}, {"type": "Feature", "properties": {"kind": "land"}, "geometry": {"type": "Polygon", "coordinates": [[[20.194727, 60.193555], [20.042578, 60.180664], [20.033984, 60.093555], [19.799805, 60.081738], [19.745996, 60.098975], [19.672266, 60.233008], [19.686914, 60.267627], [19.779004, 60.285547], [19.785254, 60.213379], [19.847656, 60.220557], [19.871582, 60.301611], [19.787793, 60.354053], [19.888281, 60.405811], [19.944531, 60.35752], [20.087402, 60.353418], [20.258887, 60.261279], [20.194727, 60.193555]]]}}, {"type": "Feature", "properties": {"kind": "land"}, "geometry": {"type": "Polygon", "coordinates": [[[5.050195, 60.388965], [5.089063, 60.18877], [4.996973, 60.197754], [4.943555, 60.272412], [4.930078, 60.412061], [4.957227, 60.447266], [4.990625, 60.452051], [5.050195, 60.388965]]]}}, {"type": "Feature", "properties": {"kind": "land"}, "geometry": {"type": "Polygon", "coordinates": [[[21.436914, 60.483057], [21.3, 60.479785], [21.214551, 60.603857], [21.268066, 60.638281], [21.450879, 60.52959], [21.436914, 60.483057]]]}}, {"type": "Feature", "properties": {"kind": "land"}, "geometry": {"type": "Polygon", "coordinates": [[[4.824414, 61.178223], [4.91543, 61.199365], [4.973242, 61.148242], [4.958691, 61.08457], [4.799023, 61.082715], [4.824414, 61.178223]]]}}, {"type": "Feature", "properties": {"kind": "land"}, "geometry": {"type": "Polygon", "coordinates": [[[21.253418, 63.152002], [21.149316, 63.199463], [21.083887, 63.277539], [21.236328, 63.277734], [21.228516, 63.222656], [21.366016, 63.261768], [21.421973, 63.245898], [21.415625, 63.197363], [21.367188, 63.207227], [21.253418, 63.152002]]]}}, {"type": "Feature", "properties": {"kind": "land"}, "geometry": {"type": "Polygon", "coordinates": [[[8.102734, 63.337598], [7.888281, 63.352344], [7.804004, 63.413916], [8.073535, 63.470801], [8.136133, 63.431348], [8.140918, 63.366406], [8.102734, 63.337598]]]}}, {"type": "Feature", "properties": {"kind": "land"}, "geometry": {"type": "Polygon", "coordinates": [[[8.470801, 63.667139], [8.287109, 63.687158], [8.708887, 63.774316], [8.733398, 63.801318], [8.80918, 63.771436], [8.786523, 63.703467], [8.470801, 63.667139]]]}}, {"type": "Feature", "properties": {"kind": "land"}, "geometry": {"type": "Polygon", "coordinates": [[[11.179004, 64.838037], [11.0625, 64.8604], [10.83252, 64.843115], [10.739844, 64.870312], [10.813477, 64.923242], [11.020996, 64.978711], [11.132617, 64.976172], [11.246191, 64.90791], [11.179004, 64.838037]]]}}, {"type": "Feature", "properties": {"kind": "land"}, "geometry": {"type": "Polygon", "coordinates": [[[11.77832, 65.604541], [11.800391, 65.683887], [11.875391, 65.705908], [12.003223, 65.679443], [11.901855, 65.595703], [11.77832, 65.604541]]]}}, {"type": "Feature", "properties": {"kind": "land"}, "geometry": {"type": "Polygon", "coordinates": [[[12.429492, 65.899072], [12.430176, 65.939941], [12.548828, 66.001904], [12.778809, 65.991699], [12.429492, 65.899072]]]}}, {"type": "Feature", "properties": {"kind": "land"}, "geometry": {"type": "Polygon", "coordinates": [[[12.576367, 66.071924], [12.419922, 66.043262], [12.327344, 66.036621], [12.461328, 66.18501], [12.527441, 66.210547], [12.620801, 66.17793], [12.622656, 66.122461], [12.576367, 66.071924]]]}}, {"type": "Feature", "properties": {"kind": "land"}, "geometry": {"type": "Polygon", "coordinates": [[[12.824023, 67.82124], [12.957715, 68.015479], [13.068066, 68.071338], [13.122852, 68.049414], [13.074609, 67.93457], [12.824023, 67.82124]]]}}, {"type": "Feature", "properties": {"kind": "land"}, "geometry": {"type": "Polygon", "coordinates": [[[13.583984, 68.093848], [13.495215, 68.05166], [13.424219, 68.082764], [13.391504, 68.02124], [13.229395, 67.995361], [13.199512, 68.087256], [13.300195, 68.160449], [13.428711, 68.163232], [13.537988, 68.249023], [13.784082, 68.276123], [14.118848, 68.246826], [14.029297, 68.187549], [13.887695, 68.168506], [13.778418, 68.10498], [13.583984, 68.093848]]]}}, {"type": "Feature", "properties": {"kind": "land"}, "geometry": {"type": "Polygon", "coordinates": [[[16.328906, 68.876318], [16.479688, 68.80293], [16.547363, 68.716553], [16.519238, 68.633008], [16.193945, 68.538477], [15.975293, 68.40249], [15.763672, 68.409082], [15.68252, 68.356006], [15.4375, 68.312842], [15.341406, 68.325293], [15.337012, 68.378223], [15.279688, 68.373828], [15.187891, 68.3104], [15.037695, 68.282715], [14.926855, 68.306592], [14.628906, 68.198486], [14.25752, 68.190771], [14.257227, 68.256934], [14.58584, 68.400342], [15.095313, 68.441406], [15.412598, 68.61582], [15.489258, 68.805322], [15.564258, 68.87373], [15.529004, 68.912402], [15.443652, 68.919189], [15.438477, 68.978564], [15.483008, 69.043457], [15.965332, 69.302051], [16.129492, 69.273926], [16.114844, 69.216406], [15.992676, 69.112646], [15.811719, 69.024219], [15.833789, 68.960742], [15.905859, 68.908496], [15.92793, 68.733203], [15.760352, 68.56123], [15.908594, 68.650488], [16.05957, 68.680518], [16.127441, 68.746436], [16.150586, 68.842383], [16.328906, 68.876318]]]}}, {"type": "Feature", "properties": {"kind": "land"}, "geometry": {"type": "Polygon", "coordinates": [[[14.612109, 68.63833], [14.404688, 68.663232], [14.373438, 68.711426], [14.553711, 68.818848], [14.801855, 68.790967], [14.872363, 68.913867], [15.0375, 68.894287], [15.037793, 69.000537], [15.175586, 68.981543], [15.396582, 68.783594], [15.348438, 68.672412], [15.22207, 68.616309], [14.890234, 68.610986], [14.743457, 68.677197], [14.612109, 68.63833]]]}}, {"type": "Feature", "properties": {"kind": "land"}, "geometry": {"type": "Polygon", "coordinates": [[[17.94209, 69.328711], [17.920703, 69.274316], [17.950684, 69.198145], [17.568164, 69.1604], [17.487891, 69.196826], [17.160938, 69.025928], [17.08252, 69.013672], [17.077051, 69.046631], [16.810449, 69.070703], [16.842578, 69.112354], [16.971777, 69.137891], [17.001758, 69.361914], [17.083008, 69.398828], [17.36084, 69.381494], [17.394531, 69.416699], [17.373438, 69.438867], [17.229883, 69.477686], [17.251953, 69.503809], [17.453613, 69.530176], [17.503027, 69.59624], [17.623242, 69.539062], [17.783691, 69.563037], [18.004102, 69.50498], [18.076758, 69.395752], [17.94209, 69.328711]]]}}, {"type": "Feature", "properties": {"kind": "land"}, "geometry": {"type": "Polygon", "coordinates": [[[19.130859, 69.810449], [18.806934, 69.639844], [18.784766, 69.579004], [18.274121, 69.535498], [18.129883, 69.557861], [18.061523, 69.6021], [18.227441, 69.635742], [18.232031, 69.676758], [18.315039, 69.715479], [18.349316, 69.767871], [18.512402, 69.768652], [18.624316, 69.813037], [18.674023, 69.781641], [18.686523, 69.890918], [18.883203, 70.010547], [19.050977, 70.037842], [19.074902, 70.085693], [19.060059, 70.166602], [19.132715, 70.244141], [19.212695, 70.247461], [19.249414, 70.178564], [19.255078, 70.066406], [19.34375, 70.011963], [19.499512, 70.0479], [19.607813, 70.019141], [19.592285, 69.970166], [19.442383, 69.908398], [19.334766, 69.820264], [19.130859, 69.810449]]]}}, {"type": "Feature", "properties": {"kind": "land"}, "geometry": {"type": "Polygon", "coordinates": [[[20.492773, 70.20332], [20.819434, 70.205469], [20.779199, 70.089746], [20.725293, 70.066504], [20.464258, 70.076562], [20.405078, 70.119141], [20.411719, 70.154883], [20.492773, 70.20332]]]}}, {"type": "Feature", "properties": {"kind": "land"}, "geometry": {"type": "Polygon", "coordinates": [[[19.780859, 70.077441], [19.613477, 70.219092], [19.599023, 70.266162], [19.683789, 70.273584], [19.76748, 70.216699], [19.910449, 70.201904], [20.084277, 70.128564], [20.088477, 70.102051], [19.897266, 70.068457], [19.780859, 70.077441]]]}}, {"type": "Feature", "properties": {"kind": "land"}, "geometry": {"type": "Polygon", "coordinates": [[[19.098535, 74.352148], [18.797461, 74.485693], [18.86123, 74.51416], [19.18291, 74.51792], [19.274707, 74.456738], [19.219336, 74.391016], [19.098535, 74.352148]]]}}, {"type": "Feature", "properties": {"kind": "land"}, "geometry": {"type": "Polygon", "coordinates": [[[17.956152, 79.704248], [17.6875, 79.53335], [17.733984, 79.481348], [17.66875, 79.385937], [18.27207, 79.600586], [18.397363, 79.605176], [18.581445, 79.571582], [18.815234, 79.42666], [18.807422, 79.303174], [18.677832, 79.261719], [18.880078, 79.234277], [19.089453, 79.157031], [19.490234, 79.175684], [19.750879, 79.146826], [19.893555, 79.056201], [20.11377, 79.076709], [20.114453, 79.125], [20.162695, 79.145654], [20.611035, 79.106641], [20.767188, 79.059131], [20.500684, 78.981396], [20.720313, 78.906689], [21.312207, 78.79585], [21.38877, 78.74043], [21.096289, 78.67627], [19.676758, 78.60957], [19.618555, 78.562158], [19.150488, 78.379395], [18.983789, 78.234229], [18.957617, 78.182471], [19.008691, 78.132275], [18.995117, 78.081494], [18.82207, 78.041699], [18.439258, 78.025049], [18.361914, 77.682275], [18.22793, 77.522607], [17.84707, 77.496777], [17.62334, 77.399365], [17.44248, 77.225244], [17.152539, 77.048926], [17.249023, 76.969189], [16.97666, 76.811621], [17.062695, 76.658984], [16.935156, 76.606152], [16.700488, 76.579297], [16.461914, 76.609326], [16.123828, 76.738525], [15.546777, 76.886426], [15.124219, 77.085107], [14.36582, 77.234473], [14.050391, 77.403223], [14.004199, 77.445215], [13.995703, 77.508203], [14.071289, 77.564111], [14.377637, 77.579639], [14.69502, 77.525049], [14.920801, 77.688818], [16.205957, 77.782471], [17.033301, 77.797705], [16.914062, 77.897998], [16.060059, 77.847119], [15.585352, 77.869141], [14.846875, 77.778662], [14.089941, 77.771387], [13.791113, 77.853809], [13.71416, 77.919434], [13.680566, 78.028125], [13.770117, 78.074609], [13.936914, 78.085547], [14.307227, 78.005078], [14.248145, 78.071387], [14.994727, 78.151221], [15.341406, 78.220947], [15.698047, 78.227588], [15.657129, 78.299023], [15.783887, 78.327051], [16.776953, 78.350439], [17.171973, 78.417139], [16.726562, 78.407178], [16.535352, 78.448877], [16.448633, 78.503564], [16.782617, 78.663623], [16.530469, 78.656299], [15.944043, 78.493018], [15.417383, 78.473242], [15.359961, 78.487549], [15.254199, 78.589062], [15.391602, 78.721191], [15.38418, 78.771191], [15.322754, 78.781201], [15.137305, 78.664258], [15.016309, 78.630127], [14.891797, 78.639453], [14.792383, 78.705566], [14.689258, 78.720947], [14.467188, 78.675391], [14.51543, 78.580566], [14.431836, 78.49248], [14.638281, 78.4146], [14.110449, 78.270898], [13.150195, 78.2375], [12.664648, 78.384766], [12.25791, 78.594678], [11.961719, 78.642383], [11.773828, 78.716406], [11.755176, 78.81167], [11.861035, 78.831885], [11.36543, 78.950391], [11.547559, 78.982959], [12.274902, 78.904492], [12.40332, 78.953223], [12.087305, 78.975098], [11.981836, 79.025293], [11.892773, 79.152344], [12.083984, 79.267529], [11.97832, 79.292676], [11.579785, 79.283496], [11.616406, 79.205273], [11.521191, 79.15127], [11.338867, 79.109131], [11.208105, 79.129639], [10.737598, 79.520166], [10.737012, 79.581641], [10.810742, 79.640918], [10.682129, 79.758252], [10.865918, 79.796582], [11.150391, 79.716992], [11.250586, 79.784863], [11.702344, 79.820605], [12.287793, 79.713135], [12.219141, 79.7979], [12.27998, 79.815967], [12.753516, 79.775781], [13.10752, 79.831738], [13.692871, 79.860986], [13.91416, 79.816943], [13.921094, 79.761719], [13.777539, 79.715283], [13.039258, 79.685156], [12.555371, 79.569482], [13.333789, 79.574805], [13.383594, 79.480762], [13.716211, 79.42915], [13.957227, 79.339648], [14.02959, 79.344141], [14.055859, 79.383105], [14.011133, 79.481934], [14.039844, 79.585645], [14.593652, 79.79873], [14.831836, 79.766406], [15.052344, 79.675342], [15.764063, 79.174268], [16.34375, 78.976123], [16.253516, 79.112109], [15.875098, 79.519238], [15.816113, 79.681836], [15.955762, 79.835107], [16.100195, 79.884424], [16.056641, 79.953955], [16.093848, 80.007324], [16.386621, 80.052588], [16.786719, 79.906738], [16.888965, 79.91543], [16.966406, 79.958936], [17.578223, 79.884668], [17.83457, 79.800049], [17.956152, 79.704248]]]}}, {"type": "Feature", "properties": {"kind": "land"}, "geometry": {"type": "Polygon", "coordinates": [[[11.756543, 78.329004], [11.372461, 78.43877], [11.121289, 78.463281], [10.788867, 78.686523], [10.628418, 78.753857], [10.557617, 78.8375], [10.558203, 78.90293], [10.96084, 78.846387], [11.15293, 78.724463], [11.078223, 78.686035], [11.250293, 78.610693], [11.261719, 78.541699], [11.424219, 78.548584], [11.825684, 78.436084], [12.056152, 78.305615], [12.116406, 78.232568], [11.965039, 78.224854], [11.756543, 78.329004]]]}}, {"type": "Feature", "properties": {"kind": "land"}, "geometry": {"type": "Polygon", "coordinates": [[[18.291699, 80.35835], [18.519336, 80.34834], [18.741602, 80.300928], [18.525, 80.245605], [18.162207, 80.288184], [18.291699, 80.35835]]]}}, {"type": "Feature", "properties": {"kind": "land"}, "geometry": {"type": "Polygon", "coordinates": [[[25.23418, 40.00542], [25.239869339386413, 40.0], [25.068464581742546, 40.0], [25.23418, 40.00542]]]}}, {"type": "Feature", "properties": {"kind": "land"}, "geometry": {"type": "Polygon", "coordinates": [[[25.449121, 40.034814], [25.441398973249473, 40.0], [25.360718146061572, 40.0], [25.373633, 40.015527], [25.449121, 40.034814]]]}}, {"type": "Feature", "properties": {"kind": "land"}, "geometry": {"type": "Polygon", "coordinates": [[[25.668945, 40.135889], [25.740918, 40.196289], [25.874805, 40.233691], [25.918359, 40.237988], [25.977051, 40.177832], [25.97002, 40.136328], [25.740234, 40.105469], [25.668945, 40.135889]]]}}, {"type": "Feature", "properties": {"kind": "land"}, "geometry": {"type": "Polygon", "coordinates": [[[25.568555, 40.515869], [25.685742, 40.426562], [25.572656, 40.400439], [25.448047, 40.482812], [25.568555, 40.515869]]]}}, {"type": "Feature", "properties": {"kind": "land"}, "geometry": {"type": "Polygon", "coordinates": [[[24.774219, 40.615186], [24.645898, 40.579443], [24.515527, 40.647021], [24.516699, 40.687207], [24.62334, 40.79292], [24.719141, 40.786279], [24.786328, 40.703857], [24.774219, 40.615186]]]}}, {"type": "Feature", "properties": {"kind": "land"}, "geometry": {"type": "Polygon", "coordinates": [[[50.098145, 44.881543], [50.184473, 44.854639], [50.095313, 44.830615], [49.995117, 44.936963], [50.023047, 45.044727], [50.109863, 45.081934], [50.116602, 45.058252], [50.045313, 45.01001], [50.038867, 44.949121], [50.098145, 44.881543]]]}}, {"type": "Feature", "properties": {"kind": "land"}, "geometry": {"type": "Polygon", "coordinates": [[[50.349707, 45.083008], [50.330859, 44.998437], [50.277246, 44.958594], [50.256152, 45.022412], [50.294922, 45.075928], [50.349707, 45.083008]]]}}, {"type": "Feature", "properties": {"kind": "land"}, "geometry": {"type": "Polygon", "coordinates": [[[52.554297, 45.473975], [52.608887, 45.528027], [52.65957, 45.518066], [52.692969, 45.460742], [52.682422, 45.411816], [52.59834, 45.428174], [52.554297, 45.473975]]]}}, {"type": "Feature", "properties": {"kind": "land"}, "geometry": {"type": "Polygon", "coordinates": [[[47.947168, 45.64707], [47.987109, 45.554053], [47.967676, 45.469971], [47.920313, 45.562061], [47.947168, 45.64707]]]}}, {"type": "Feature", "properties": {"kind": "land"}, "geometry": {"type": "Polygon", "coordinates": [[[32.150098, 46.154687], [31.563867, 46.257764], [31.508789, 46.373145], [31.638477, 46.272559], [32.150098, 46.154687]]]}}, {"type": "Feature", "properties": {"kind": "land"}, "geometry": {"type": "Polygon", "coordinates": [[[23.127148, 58.435986], [22.730273, 58.230664], [22.37168, 58.217139], [22.269336, 58.160742], [22.227344, 58.051807], [22.152441, 57.966797], [21.996875, 57.931348], [21.985547, 57.995166], [22.187695, 58.154346], [21.882129, 58.262354], [21.854492, 58.30166], [21.924414, 58.315869], [21.984082, 58.38667], [21.862305, 58.497168], [22.001855, 58.510254], [22.081348, 58.478125], [22.168555, 58.51582], [22.266602, 58.507959], [22.328125, 58.580859], [22.546973, 58.627393], [22.688379, 58.597021], [22.820117, 58.621533], [22.964258, 58.605713], [23.323242, 58.45083], [23.127148, 58.435986]]]}}, {"type": "Feature", "properties": {"kind": "land"}, "geometry": {"type": "Polygon", "coordinates": [[[23.063477, 58.611084], [23.16543, 58.678125], [23.332813, 58.648584], [23.356445, 58.575537], [23.260352, 58.53999], [23.063477, 58.611084]]]}}, {"type": "Feature", "properties": {"kind": "land"}, "geometry": {"type": "Polygon", "coordinates": [[[22.161914, 58.898486], [22.05625, 58.943604], [22.462598, 58.974316], [22.587207, 59.081201], [22.649414, 59.087109], [22.702246, 59.074414], [22.725488, 59.015088], [22.909863, 58.991211], [22.981641, 58.919824], [23.008691, 58.833936], [22.92373, 58.826904], [22.841699, 58.777441], [22.767285, 58.820898], [22.661426, 58.70918], [22.542188, 58.68999], [22.472656, 58.712061], [22.478906, 58.753809], [22.411035, 58.863379], [22.161914, 58.898486]]]}}, {"type": "Feature", "properties": {"kind": "land"}, "geometry": {"type": "Polygon", "coordinates": [[[21.486035, 60.126807], [21.634082, 60.168994], [21.648145, 60.140869], [21.62832, 60.107812], [21.540625, 60.0979], [21.486035, 60.126807]]]}}, {"type": "Feature", "properties": {"kind": "land"}, "geometry": {"type": "Polygon", "coordinates": [[[21.704785, 60.172314], [21.864355, 60.201807], [21.833203, 60.140527], [21.69502, 60.114355], [21.704785, 60.172314]]]}}, {"type": "Feature", "properties": {"kind": "land"}, "geometry": {"type": "Polygon", "coordinates": [[[22.188086, 60.236768], [22.077148, 60.286328], [22.125879, 60.355859], [22.35498, 60.355859], [22.415527, 60.303369], [22.312891, 60.269971], [22.305762, 60.228564], [22.360547, 60.165576], [22.258301, 60.165625], [22.188086, 60.236768]]]}}, {"type": "Feature", "properties": {"kind": "land"}, "geometry": {"type": "Polygon", "coordinates": [[[21.907813, 60.393164], [21.994238, 60.33667], [21.921484, 60.332275], [21.818652, 60.381836], [21.805664, 60.401221], [21.845996, 60.412451], [21.827246, 60.469922], [21.906836, 60.438477], [21.950293, 60.401709], [21.907813, 60.393164]]]}}, {"type": "Feature", "properties": {"kind": "land"}, "geometry": {"type": "Polygon", "coordinates": [[[24.891797, 65.02627], [24.698926, 64.957813], [24.578613, 64.978564], [24.576563, 65.042871], [24.786035, 65.086426], [24.997559, 65.038721], [24.891797, 65.02627]]]}}, {"type": "Feature", "properties": {"kind": "land"}, "geometry": {"type": "Polygon", "coordinates": [[[35.528906, 65.151074], [35.729102, 65.197559], [35.816113, 65.18208], [35.858398, 65.07793], [35.827344, 65.036475], [35.842285, 65.001465], [35.778711, 64.97666], [35.680078, 65.057617], [35.558594, 65.093604], [35.528906, 65.151074]]]}}, {"type": "Feature", "properties": {"kind": "land"}, "geometry": {"type": "Polygon", "coordinates": [[[70.057227, 66.599463], [70.110059, 66.569092], [70.05918, 66.517578], [69.844727, 66.489746], [69.651367, 66.565332], [69.469336, 66.715967], [69.502734, 66.751074], [70.07666, 66.695898], [70.057227, 66.599463]]]}}, {"type": "Feature", "properties": {"kind": "land"}, "geometry": {"type": "Polygon", "coordinates": [[[42.477344, 66.735059], [42.468555, 66.785547], [42.547461, 66.795508], [42.631445, 66.782227], [42.713672, 66.701709], [42.477344, 66.735059]]]}}, {"type": "Feature", "properties": {"kind": "land"}, "geometry": {"type": "Polygon", "coordinates": [[[48.910352, 68.743066], [48.666992, 68.733154], [48.439063, 68.804883], [48.315918, 68.942383], [48.278809, 69.040332], [48.319922, 69.269238], [48.413867, 69.345654], [48.844922, 69.494727], [49.225195, 69.51123], [50.167285, 69.25708], [50.265234, 69.185596], [50.283008, 69.088867], [50.220605, 69.048779], [50.164453, 69.037549], [50.093945, 69.125537], [49.920801, 69.053271], [49.839844, 68.973779], [49.62627, 68.859717], [48.910352, 68.743066]]]}}, {"type": "Feature", "properties": {"kind": "land"}, "geometry": {"type": "Polygon", "coordinates": [[[67.263965, 69.442529], [67.025879, 69.483203], [67.216113, 69.575391], [67.328906, 69.572119], [67.344922, 69.529834], [67.263965, 69.442529]]]}}, {"type": "Feature", "properties": {"kind": "land"}, "geometry": {"type": "Polygon", "coordinates": [[[29.744238, 69.791602], [29.83584, 69.905566], [30.055176, 69.838379], [29.766211, 69.767529], [29.744238, 69.791602]]]}}, {"type": "Feature", "properties": {"kind": "land"}, "geometry": {"type": "Polygon", "coordinates": [[[59.724609, 69.706201], [59.578223, 69.738623], [59.58125, 69.790869], [59.502637, 69.866211], [59.144238, 69.921924], [58.952734, 69.892773], [58.680078, 70.051025], [58.473047, 70.266846], [58.519922, 70.318311], [58.678027, 70.35957], [58.794238, 70.432959], [59.048047, 70.460498], [59.636328, 70.197021], [60.392578, 69.962402], [60.480664, 69.885498], [60.440234, 69.725928], [60.215918, 69.687695], [60.026172, 69.717041], [59.724609, 69.706201]]]}}, {"type": "Feature", "properties": {"kind": "land"}, "geometry": {"type": "Polygon", "coordinates": [[[23.090625, 70.377637], [23.005957, 70.352783], [22.917871, 70.384668], [22.917773, 70.416748], [23.022461, 70.486914], [23.248047, 70.505127], [23.54668, 70.61709], [23.633984, 70.502539], [23.641016, 70.463965], [23.547754, 70.408154], [23.270703, 70.296484], [23.100293, 70.296094], [23.090625, 70.377637]]]}}, {"type": "Feature", "properties": {"kind": "land"}, "geometry": {"type": "Polygon", "coordinates": [[[66.440234, 70.772656], [66.568555, 70.501465], [66.51582, 70.514893], [66.407617, 70.615771], [66.394824, 70.727295], [66.440234, 70.772656]]]}}, {"type": "Feature", "properties": {"kind": "land"}, "geometry": {"type": "Polygon", "coordinates": [[[24.07832, 70.650586], [24.017578, 70.567383], [23.827148, 70.52749], [23.670117, 70.59707], [23.663281, 70.675244], [23.68916, 70.722803], [23.778418, 70.747363], [24.07832, 70.650586]]]}}, {"type": "Feature", "properties": {"kind": "land"}, "geometry": {"type": "Polygon", "coordinates": [[[22.55752, 70.515869], [22.358691, 70.514795], [22.16875, 70.562109], [21.994531, 70.657129], [22.350293, 70.657666], [22.420996, 70.702588], [22.858105, 70.728418], [22.963574, 70.710986], [23.204688, 70.815479], [23.395605, 70.842578], [23.440527, 70.815771], [23.387109, 70.753906], [23.068164, 70.594092], [22.829102, 70.541553], [22.656055, 70.559033], [22.55752, 70.515869]]]}}, {"type": "Feature", "properties": {"kind": "land"}, "geometry": {"type": "Polygon", "coordinates": [[[25.482031, 71.01958], [25.315234, 71.052979], [25.586328, 71.14209], [25.94502, 71.104639], [26.077637, 71.033154], [26.146875, 71.039502], [26.133789, 70.995801], [25.760156, 70.953809], [25.582031, 70.960791], [25.482031, 71.01958]]]}}, {"type": "Feature", "properties": {"kind": "land"}, "geometry": {"type": "Polygon", "coordinates": [[[52.835352, 71.08584], [52.738379, 71.180664], [52.546582, 71.250439], [52.425488, 71.239258], [52.289453, 71.270361], [52.239844, 71.325049], [52.512598, 71.385059], [52.729688, 71.355127], [52.732227, 71.403711], [52.776758, 71.399805], [52.90332, 71.36499], [53.074023, 71.237939], [53.192578, 71.215283], [53.205176, 71.159717], [53.048145, 71.030957], [53.120996, 70.982031], [53.022656, 70.968701], [52.949609, 71.053613], [52.835352, 71.08584]]]}}, {"type": "Feature", "properties": {"kind": "land"}, "geometry": {"type": "Polygon", "coordinates": [[[53.141406, 71.241895], [53.138477, 71.243408], [53.145703, 71.242188], [53.141406, 71.241895]]]}}, {"type": "Feature", "properties": {"kind": "land"}, "geometry": {"type": "Polygon", "coordinates": [[[56.170508, 72.848096], [56.083789, 72.789404], [55.723438, 72.766406], [55.700977, 72.671729], [55.616406, 72.599072], [55.40332, 72.549072], [55.416895, 72.501318], [55.355957, 72.465088], [55.35957, 72.408691], [55.399121, 72.313623], [55.518066, 72.220654], [55.40332, 72.106885], [55.375, 72.014893], [55.297852, 71.935352], [55.471094, 71.869238], [55.613672, 71.689893], [55.819336, 71.507568], [56.454395, 71.107373], [56.894824, 70.927002], [57.483594, 70.792285], [57.625391, 70.728809], [57.145898, 70.589111], [56.648828, 70.646533], [56.510059, 70.728809], [56.260059, 70.714746], [56.561328, 70.593555], [56.43457, 70.562988], [56.14248, 70.657861], [56.087109, 70.618359], [55.941602, 70.649268], [55.796875, 70.615576], [55.706738, 70.641895], [55.687305, 70.692188], [55.05166, 70.666748], [54.86709, 70.678125], [54.645117, 70.741846], [54.601172, 70.680078], [54.332617, 70.744678], [53.722363, 70.814453], [53.383594, 70.873535], [53.613574, 70.914648], [53.587793, 71.052295], [53.670508, 71.086914], [53.857031, 71.07041], [53.834277, 71.126709], [54.093945, 71.105225], [54.155664, 71.125488], [53.59082, 71.29668], [53.622168, 71.332764], [53.409961, 71.340137], [53.319043, 71.39917], [53.33252, 71.477246], [53.411621, 71.530127], [52.908984, 71.49502], [52.418848, 71.536865], [51.937891, 71.474707], [51.59043, 71.571143], [51.438672, 71.776807], [51.443555, 71.934375], [51.58252, 72.071191], [51.885449, 72.153223], [52.252051, 72.129736], [52.406738, 72.196729], [52.461914, 72.252344], [52.62207, 72.300977], [52.74873, 72.482959], [52.863672, 72.549854], [52.823242, 72.59126], [52.916602, 72.668896], [52.683105, 72.682324], [52.528516, 72.737354], [52.550586, 72.768555], [52.913184, 72.899951], [53.369824, 72.916748], [53.247266, 72.973145], [53.188965, 73.104004], [53.197949, 73.147559], [53.357617, 73.224561], [53.753223, 73.293262], [54.202344, 73.281348], [54.803906, 73.387646], [55.319824, 73.308301], [56.137695, 73.256152], [56.42959, 73.201172], [56.397461, 73.13916], [56.188965, 73.033008], [56.170508, 72.848096]]]}}, {"type": "Feature", "properties": {"kind": "land"}, "geometry": {"type": "Polygon", "coordinates": [[[78.279102, 72.553223], [78.365137, 72.482422], [77.780859, 72.308545], [77.145605, 72.281885], [76.871094, 72.317041], [76.903125, 72.365576], [77.149512, 72.439209], [77.377832, 72.565283], [77.578711, 72.630859], [78.279102, 72.553223]]]}}, {"type": "Feature", "properties": {"kind": "land"}, "geometry": {"type": "Polygon", "coordinates": [[[79.537891, 72.769336], [79.501465, 72.721924], [79.430664, 72.710693], [78.880566, 72.751611], [78.690234, 72.803418], [78.633203, 72.850732], [78.656836, 72.892285], [79.164258, 73.094336], [79.356543, 73.038623], [79.541309, 72.918652], [79.537891, 72.769336]]]}}, {"type": "Feature", "properties": {"kind": "land"}, "geometry": {"type": "Polygon", "coordinates": [[[74.408789, 73.130469], [74.961523, 73.0625], [74.742578, 73.032715], [74.647266, 72.969043], [74.697168, 72.907715], [74.638379, 72.86377], [74.180664, 72.975342], [74.100195, 73.021533], [74.198535, 73.109082], [74.408789, 73.130469]]]}}, {"type": "Feature", "properties": {"kind": "land"}, "geometry": {"type": "Polygon", "coordinates": [[[70.149609, 73.444727], [71.023242, 73.504199], [71.231641, 73.447754], [71.589551, 73.283154], [71.630469, 73.224805], [71.626172, 73.173975], [70.886719, 73.119629], [70.380371, 73.048096], [70.040723, 73.037158], [69.920117, 73.084521], [70.01875, 73.224316], [69.995898, 73.359375], [70.149609, 73.444727]]]}}, {"type": "Feature", "properties": {"kind": "land"}, "geometry": {"type": "Polygon", "coordinates": [[[76.083105, 73.523486], [76.250684, 73.555273], [76.756055, 73.445801], [76.234473, 73.476221], [76.083105, 73.523486]]]}}, {"type": "Feature", "properties": {"kind": "land"}, "geometry": {"type": "Polygon", "coordinates": [[[75.344336, 73.432275], [75.375, 73.477393], [75.569727, 73.540625], [75.930176, 73.573633], [76.051562, 73.549268], [75.827148, 73.459131], [75.344336, 73.432275]]]}}, {"type": "Feature", "properties": {"kind": "land"}, "geometry": {"type": "Polygon", "coordinates": [[[66.282422, 75.983691], [62.066113, 75.427734], [61.616211, 75.319629], [61.355957, 75.314844], [60.719238, 75.068604], [60.276855, 75.007568], [60.241113, 74.970752], [60.454883, 74.946143], [60.501367, 74.904639], [60.080078, 74.755859], [59.747266, 74.745898], [59.734668, 74.695459], [59.771484, 74.664453], [59.674023, 74.610156], [59.240137, 74.692969], [59.182031, 74.665771], [59.146094, 74.551904], [59.04043, 74.485547], [58.928223, 74.462695], [58.534668, 74.498926], [58.502148, 74.464209], [58.665039, 74.289258], [58.617871, 74.227393], [58.441406, 74.128857], [57.767383, 74.013818], [57.872266, 73.850439], [57.844922, 73.805078], [57.755957, 73.769189], [57.313086, 73.838037], [57.290918, 73.814551], [57.464258, 73.746045], [57.542578, 73.658203], [57.134375, 73.504395], [56.963867, 73.366553], [56.430371, 73.297217], [56.03457, 73.345898], [55.549219, 73.356836], [55.006836, 73.453857], [54.768652, 73.449414], [54.299902, 73.350977], [54.131543, 73.481006], [54.20459, 73.542041], [53.838672, 73.697119], [53.762891, 73.766162], [54.386328, 73.935645], [54.642676, 73.95957], [55.340918, 74.419629], [56.137109, 74.496094], [55.947461, 74.542187], [55.661523, 74.556104], [55.582227, 74.627686], [55.913672, 74.796094], [56.49873, 74.95708], [56.340039, 75.013477], [55.998047, 75.003369], [55.863184, 75.05874], [55.810059, 75.124902], [56.035547, 75.194238], [56.570312, 75.097754], [56.87627, 75.244385], [56.809473, 75.328418], [56.844434, 75.351416], [57.0875, 75.383838], [57.606836, 75.34126], [57.783398, 75.506689], [58.093652, 75.592529], [58.058301, 75.663086], [58.418359, 75.719775], [58.88125, 75.854785], [60.036133, 75.983838], [60.118164, 76.066553], [60.279297, 76.09624], [60.730566, 76.104053], [60.801172, 76.068799], [60.942188, 76.071289], [61.053906, 76.119873], [61.034375, 76.232959], [61.20166, 76.282031], [61.569434, 76.298486], [62.471094, 76.230469], [62.971484, 76.23667], [63.526172, 76.309521], [64.463477, 76.378174], [64.95, 76.484326], [65.755176, 76.579297], [65.862891, 76.61333], [66.062988, 76.746094], [66.345215, 76.821045], [66.828809, 76.923828], [67.534961, 77.007764], [68.017285, 76.990625], [68.485742, 76.933691], [68.87334, 76.7896], [68.941699, 76.707666], [68.858008, 76.610498], [68.899805, 76.572949], [68.16543, 76.284863], [66.282422, 75.983691]]]}}, {"type": "Feature", "properties": {"kind": "land"}, "geometry": {"type": "Polygon", "coordinates": [[[81.697656, 75.280518], [81.500586, 75.36792], [81.712109, 75.451416], [81.926562, 75.409961], [81.912793, 75.497705], [82.021875, 75.513477], [82.165625, 75.515625], [82.172363, 75.419385], [82.221582, 75.350537], [82.050098, 75.340967], [81.978516, 75.247119], [81.905078, 75.262793], [81.860547, 75.316504], [81.697656, 75.280518]]]}}, {"type": "Feature", "properties": {"kind": "land"}, "geometry": {"type": "Polygon", "coordinates": [[[23.451953, 78.149463], [23.151953, 78.088086], [23.116699, 77.991504], [23.683984, 77.875439], [24.238281, 77.898535], [24.901855, 77.756592], [24.129785, 77.658252], [23.736133, 77.462354], [23.380859, 77.380322], [23.101367, 77.385059], [22.801758, 77.275781], [22.553711, 77.26665], [22.426953, 77.315918], [22.486621, 77.360107], [22.44248, 77.429346], [22.732617, 77.539355], [22.685352, 77.553516], [22.397266, 77.570117], [22.056836, 77.501172], [21.049902, 77.440967], [20.928125, 77.459668], [20.873145, 77.565332], [21.201074, 77.619482], [21.251465, 77.710938], [21.33418, 77.771777], [21.653125, 77.923535], [21.035449, 78.05918], [20.844922, 78.165869], [20.786426, 78.252148], [20.52832, 78.325586], [20.560254, 78.419385], [20.372754, 78.412012], [20.22793, 78.477832], [20.362695, 78.514795], [21.454785, 78.597559], [22.043164, 78.576953], [22.207324, 78.407666], [22.299512, 78.228174], [22.988867, 78.251953], [23.451953, 78.149463]]]}}, {"type": "Feature", "properties": {"kind": "land"}, "geometry": {"type": "Polygon", "coordinates": [[[26.45957, 78.720264], [26.407715, 78.784326], [26.585938, 78.811475], [26.78877, 78.723975], [27.007617, 78.69751], [26.875977, 78.648926], [26.729492, 78.646484], [26.45957, 78.720264]]]}}, {"type": "Feature", "properties": {"kind": "land"}, "geometry": {"type": "Polygon", "coordinates": [[[28.374023, 78.927051], [28.414746, 78.961426], [28.845215, 78.97085], [29.04707, 78.912061], [29.69668, 78.904736], [29.310547, 78.8521], [28.494531, 78.887207], [28.037891, 78.828711], [27.889063, 78.852148], [28.120996, 78.908447], [28.374023, 78.927051]]]}}, {"type": "Feature", "properties": {"kind": "land"}, "geometry": {"type": "Polygon", "coordinates": [[[76.153711, 79.57876], [76.051562, 79.644727], [76.148438, 79.664453], [76.372559, 79.615234], [76.467383, 79.643164], [77.360156, 79.556836], [77.588965, 79.501904], [76.649512, 79.493408], [76.636523, 79.544434], [76.153711, 79.57876]]]}}, {"type": "Feature", "properties": {"kind": "land"}, "geometry": {"type": "Polygon", "coordinates": [[[22.442676, 80.190283], [22.446191, 80.30835], [22.417871, 80.365527], [22.450781, 80.402246], [23.008008, 80.473975], [23.31543, 80.425244], [23.250098, 80.380859], [23.114551, 80.186963], [23.687988, 80.206543], [23.95293, 80.30459], [24.234082, 80.303125], [24.297559, 80.3604], [24.402637, 80.355176], [24.613672, 80.28584], [24.785938, 80.300684], [25.836328, 80.175146], [26.86084, 80.16001], [27.14834, 80.059229], [27.198633, 79.906592], [26.005859, 79.617041], [25.641211, 79.403027], [25.145117, 79.338867], [24.750586, 79.3646], [23.947754, 79.194287], [22.903711, 79.230664], [22.695703, 79.329053], [22.865527, 79.411865], [21.911426, 79.381055], [20.861133, 79.397852], [20.76084, 79.441504], [20.128223, 79.4896], [19.674609, 79.591162], [19.821094, 79.633643], [20.493457, 79.632764], [20.564844, 79.690527], [20.784082, 79.748584], [20.123438, 79.778564], [19.4, 79.726562], [18.725, 79.760742], [18.324707, 79.859717], [18.255371, 79.929199], [18.594629, 79.966699], [18.855957, 80.036621], [18.343848, 80.05957], [17.916895, 80.143115], [18.779297, 80.193506], [19.343359, 80.116406], [19.537109, 80.163232], [19.354688, 80.1854], [19.191406, 80.263232], [19.156934, 80.301855], [19.17832, 80.331543], [19.751074, 80.227197], [19.810352, 80.326807], [19.614355, 80.462549], [19.733301, 80.477832], [20.359375, 80.400928], [20.897852, 80.249951], [21.549219, 80.24292], [21.654883, 80.218457], [21.69668, 80.15918], [22.190234, 80.059717], [22.289746, 80.049219], [22.376367, 80.089648], [22.442676, 80.190283]]]}}, {"type": "Feature", "properties": {"kind": "land"}, "geometry": {"type": "Polygon", "coordinates": [[[51.254395, 80.048633], [51.242773, 79.99126], [51.43125, 79.920508], [50.454102, 79.924414], [50.091406, 79.980566], [50.936328, 80.094238], [51.254395, 80.048633]]]}}, {"type": "Feature", "properties": {"kind": "land"}, "geometry": {"type": "Polygon", "coordinates": [[[59.911035, 79.994287], [59.330664, 79.923047], [58.919238, 79.984619], [58.946094, 80.042334], [59.544531, 80.118848], [59.80166, 80.082666], [59.911035, 79.994287]]]}}, {"type": "Feature", "properties": {"kind": "land"}, "geometry": {"type": "Polygon", "coordinates": [[[49.970898, 80.060742], [49.588281, 80.136133], [49.556055, 80.158936], [49.883691, 80.230225], [50.250977, 80.219482], [50.319141, 80.172363], [49.970898, 80.060742]]]}}, {"type": "Feature", "properties": {"kind": "land"}, "geometry": {"type": "Polygon", "coordinates": [[[31.481934, 80.10791], [33.098633, 80.228711], [33.629297, 80.217432], [32.525977, 80.119141], [31.577637, 80.081445], [31.481934, 80.10791]]]}}, {"type": "Feature", "properties": {"kind": "land"}, "geometry": {"type": "Polygon", "coordinates": [[[56.012207, 80.203906], [55.989844, 80.320068], [56.024414, 80.341309], [56.655078, 80.330322], [56.707227, 80.363281], [56.944531, 80.366162], [57.078711, 80.350928], [57.122656, 80.316992], [57.080176, 80.094678], [56.986914, 80.071484], [55.724023, 80.104736], [56.012207, 80.203906]]]}}, {"type": "Feature", "properties": {"kind": "land"}, "geometry": {"type": "Polygon", "coordinates": [[[55.048438, 80.228369], [54.979688, 80.256445], [55.240039, 80.325391], [55.479688, 80.273828], [55.048438, 80.228369]]]}}, {"type": "Feature", "properties": {"kind": "land"}, "geometry": {"type": "Polygon", "coordinates": [[[52.57666, 80.296924], [52.853906, 80.402393], [53.185645, 80.412646], [53.329199, 80.402393], [53.345898, 80.366309], [53.486133, 80.323389], [53.85166, 80.268359], [53.77793, 80.22832], [53.521387, 80.185205], [52.856348, 80.173242], [52.343555, 80.213232], [52.213379, 80.263721], [52.57666, 80.296924]]]}}, {"type": "Feature", "properties": {"kind": "land"}, "geometry": {"type": "Polygon", "coordinates": [[[57.075, 80.493945], [58.480469, 80.464746], [58.97168, 80.415869], [59.255469, 80.343213], [58.397949, 80.31875], [58.283887, 80.297803], [58.255469, 80.201807], [57.800098, 80.104053], [57.332324, 80.158105], [57.281445, 80.193896], [57.18623, 80.39624], [57.011133, 80.468311], [57.075, 80.493945]]]}}, {"type": "Feature", "properties": {"kind": "land"}, "geometry": {"type": "Polygon", "coordinates": [[[49.845996, 80.497656], [49.749805, 80.47207], [49.794141, 80.425342], [49.585938, 80.376563], [48.811035, 80.353711], [48.677051, 80.300049], [48.95957, 80.265674], [49.010742, 80.207422], [48.977539, 80.162598], [48.581738, 80.195361], [48.466797, 80.110107], [48.38623, 80.095801], [48.167188, 80.132764], [47.737305, 80.081689], [47.632422, 80.111963], [47.977539, 80.212549], [47.642383, 80.245312], [47.444336, 80.230127], [47.343066, 80.188525], [46.991016, 80.182764], [46.644434, 80.300342], [47.895801, 80.529053], [48.402637, 80.568799], [48.625098, 80.508301], [49.087793, 80.515771], [49.185254, 80.558643], [49.192676, 80.656006], [49.147461, 80.712109], [49.244336, 80.821387], [50.124316, 80.923877], [50.801074, 80.91416], [51.454785, 80.744678], [51.591016, 80.740771], [51.703613, 80.687646], [51.146191, 80.603955], [50.96084, 80.540479], [49.845996, 80.497656]]]}}, {"type": "Feature", "properties": {"kind": "land"}, "geometry": {"type": "Polygon", "coordinates": [[[54.407129, 80.540137], [54.437305, 80.498682], [54.415332, 80.472803], [54.275879, 80.421338], [53.811914, 80.476221], [53.900195, 80.51543], [53.858887, 80.563037], [53.877246, 80.605273], [54.407129, 80.540137]]]}}, {"type": "Feature", "properties": {"kind": "land"}, "geometry": {"type": "Polygon", "coordinates": [[[47.777344, 80.75625], [47.600098, 80.741943], [47.303906, 80.606201], [47.144922, 80.609033], [47.011035, 80.562109], [46.677539, 80.561328], [46.513672, 80.475537], [46.378125, 80.456787], [46.141406, 80.446729], [45.969043, 80.569482], [45.64082, 80.536963], [44.90498, 80.611279], [45.124512, 80.652246], [46.799121, 80.755225], [47.020605, 80.814404], [47.441992, 80.853662], [48.445703, 80.806006], [48.686523, 80.717773], [48.683594, 80.633252], [48.044336, 80.668164], [47.777344, 80.75625]]]}}, {"type": "Feature", "properties": {"kind": "land"}, "geometry": {"type": "Polygon", "coordinates": [[[61.05127, 80.418604], [60.27832, 80.494434], [59.649805, 80.43125], [59.346387, 80.505029], [59.304395, 80.521533], [59.288184, 80.572656], [59.386523, 80.712549], [59.592285, 80.816504], [59.71582, 80.836377], [60.094531, 80.848584], [60.234961, 80.837744], [60.278027, 80.801465], [60.481543, 80.804248], [61.597461, 80.89292], [62.10293, 80.866602], [62.227734, 80.794385], [62.075781, 80.616943], [61.68125, 80.586328], [61.597461, 80.534961], [61.285156, 80.504736], [61.05127, 80.418604]]]}}, {"type": "Feature", "properties": {"kind": "land"}, "geometry": {"type": "Polygon", "coordinates": [[[55.883398, 80.628418], [55.117188, 80.751904], [54.668164, 80.738672], [54.532813, 80.783008], [54.066602, 80.813623], [54.04541, 80.871973], [54.367285, 80.903809], [54.416797, 80.986523], [54.633984, 81.113184], [54.718945, 81.115967], [55.470703, 81.019873], [56.170117, 81.02915], [56.472266, 80.998242], [57.694141, 80.792285], [56.814746, 80.663623], [55.883398, 80.628418]]]}}, {"type": "Feature", "properties": {"kind": "land"}, "geometry": {"type": "Polygon", "coordinates": [[[80.344824, 80.86792], [79.098535, 80.812061], [78.977637, 80.848242], [79.217383, 80.960352], [79.806641, 80.975391], [80.42793, 80.927686], [80.344824, 80.86792]]]}}, {"type": "Feature", "properties": {"kind": "land"}, "geometry": {"type": "Polygon", "coordinates": [[[57.405176, 80.915137], [57.210938, 81.01709], [57.410254, 81.046777], [57.65625, 81.031543], [58.049512, 81.118457], [58.622363, 81.04165], [58.902539, 80.897656], [58.930566, 80.831689], [58.859961, 80.779395], [58.285645, 80.764893], [57.937891, 80.793359], [57.749805, 80.889062], [57.405176, 80.915137]]]}}, {"type": "Feature", "properties": {"kind": "land"}, "geometry": {"type": "Polygon", "coordinates": [[[63.11582, 80.966797], [64.095703, 80.99834], [64.310156, 81.175195], [64.802051, 81.197266], [65.309766, 81.096436], [65.382031, 81.056738], [65.37207, 80.968018], [65.437402, 80.930713], [64.997461, 80.818896], [64.54834, 80.75542], [63.373828, 80.700098], [63.002148, 80.712842], [62.520313, 80.821875], [63.11582, 80.966797]]]}}, {"type": "Feature", "properties": {"kind": "land"}, "geometry": {"type": "Polygon", "coordinates": [[[61.14082, 80.950342], [60.826758, 80.929688], [60.058203, 80.984619], [60.586621, 81.087695], [61.457422, 81.103955], [61.567383, 81.050293], [61.14082, 80.950342]]]}}, {"type": "Feature", "properties": {"kind": "land"}, "geometry": {"type": "Polygon", "coordinates": [[[50.715918, 81.170654], [50.878613, 81.150879], [50.946191, 81.108154], [50.753711, 81.047412], [50.616016, 81.04126], [50.518164, 81.045557], [50.368457, 81.12251], [50.715918, 81.170654]]]}}, {"type": "Feature", "properties": {"kind": "land"}, "geometry": {"type": "Polygon", "coordinates": [[[59.096973, 81.292285], [58.719043, 81.313525], [58.610156, 81.337256], [59.075, 81.397705], [59.374609, 81.325049], [59.096973, 81.292285]]]}}, {"type": "Feature", "properties": {"kind": "land"}, "geometry": {"type": "Polygon", "coordinates": [[[57.912891, 81.19751], [57.450977, 81.135547], [56.821875, 81.237939], [56.5125, 81.175244], [56.191992, 81.223975], [55.716699, 81.188477], [55.572656, 81.228076], [55.466016, 81.311182], [55.781934, 81.329443], [56.156836, 81.303076], [56.404688, 81.387012], [56.71875, 81.423389], [57.091504, 81.541211], [57.716602, 81.564648], [57.862695, 81.506445], [58.436035, 81.46416], [58.563867, 81.418408], [57.858691, 81.368066], [57.911914, 81.303271], [58.015332, 81.254834], [57.912891, 81.19751]]]}}, {"type": "Feature", "properties": {"kind": "land"}, "geometry": {"type": "Polygon", "coordinates": [[[62.794922, 81.718945], [63.782422, 81.649805], [63.650977, 81.609326], [63.528516, 81.596582], [62.884961, 81.608887], [62.106445, 81.679346], [62.794922, 81.718945]]]}}, {"type": "Feature", "properties": {"kind": "land"}, "geometry": {"type": "Polygon", "coordinates": [[[59.356445, 81.758984], [57.964844, 81.695654], [57.909277, 81.721924], [57.984961, 81.797021], [58.13457, 81.827979], [59.261816, 81.854199], [59.408496, 81.825439], [59.356445, 81.758984]]]}}, {"type": "Feature", "properties": {"kind": "land"}, "geometry": {"type": "Polygon", "coordinates": [[[141.79707, 40.291162], [141.91325394191648, 40.0], [139.8872805503663, 40.0], [139.972461, 40.136963], [140.014453, 40.314893], [139.922852, 40.598437], [140.029297, 40.733154], [140.20127, 40.774902], [140.28125, 40.846094], [140.343555, 41.005664], [140.315234, 41.160889], [140.344434, 41.20332], [140.385938, 41.229785], [140.627637, 41.19541], [140.679395, 40.893262], [140.748633, 40.830322], [140.800781, 40.834326], [140.876172, 40.929541], [140.936035, 40.940771], [141.118555, 40.882275], [141.183203, 40.924023], [141.262109, 41.102686], [141.244238, 41.205615], [141.200391, 41.243604], [140.800586, 41.138818], [140.801855, 41.253662], [140.85957, 41.425439], [140.936914, 41.505566], [141.105859, 41.455859], [141.26875, 41.353809], [141.455469, 41.404736], [141.4, 41.096338], [141.462793, 40.611133], [141.646289, 40.473633], [141.79707, 40.291162]]]}}, {"type": "Feature", "properties": {"kind": "land"}, "geometry": {"type": "Polygon", "coordinates": [[[139.43457, 42.084082], [139.411523, 42.159668], [139.431348, 42.199561], [139.558398, 42.235205], [139.505078, 42.096387], [139.43457, 42.084082]]]}}, {"type": "Feature", "properties": {"kind": "land"}, "geometry": {"type": "Polygon", "coordinates": [[[146.028027, 43.420361], [146.088574, 43.449023], [146.100781, 43.440186], [146.045605, 43.409326], [146.028027, 43.420361]]]}}, {"type": "Feature", "properties": {"kind": "land"}, "geometry": {"type": "Polygon", "coordinates": [[[145.881543, 43.443799], [145.931152, 43.457031], [145.943555, 43.426465], [145.893945, 43.419824], [145.881543, 43.443799]]]}}, {"type": "Feature", "properties": {"kind": "land"}, "geometry": {"type": "Polygon", "coordinates": [[[145.342773, 44.333887], [145.369531, 44.327393], [145.351953, 44.229785], [145.126367, 43.869385], [145.101074, 43.764551], [145.139648, 43.6625], [145.214063, 43.578223], [145.34082, 43.302539], [145.487891, 43.279736], [145.673633, 43.388867], [145.833008, 43.385937], [145.624219, 43.291309], [145.505078, 43.174219], [145.347461, 43.176709], [144.921387, 43.000928], [144.630762, 42.946924], [144.197266, 42.973633], [143.969336, 42.881396], [143.580957, 42.59873], [143.429492, 42.418896], [143.332129, 42.220361], [143.313672, 42.084326], [143.236523, 42.000195], [143.111719, 42.022217], [142.508203, 42.257959], [141.851367, 42.579053], [141.406641, 42.546924], [140.986133, 42.342139], [140.709766, 42.555615], [140.480469, 42.559375], [140.350586, 42.435107], [140.32666, 42.293359], [140.527539, 42.131787], [140.733789, 42.116357], [141.150977, 41.805078], [140.999512, 41.737402], [140.659863, 41.815576], [140.48916, 41.672168], [140.384961, 41.519287], [140.148633, 41.423242], [140.085156, 41.434082], [140.00918, 41.521338], [140.021289, 41.695752], [140.108398, 41.912939], [140.056836, 42.067334], [139.895117, 42.190039], [139.835449, 42.278076], [139.828516, 42.448145], [139.891113, 42.649219], [140.114648, 42.732959], [140.432227, 42.954102], [140.486426, 43.049902], [140.397461, 43.167334], [140.392383, 43.303125], [140.486914, 43.338184], [140.819141, 43.205469], [141.138184, 43.179932], [141.296289, 43.199658], [141.374121, 43.279639], [141.412305, 43.381494], [141.397656, 43.642627], [141.644727, 44.019434], [141.66084, 44.263623], [141.760938, 44.48252], [141.782227, 44.716357], [141.719043, 44.941064], [141.583008, 45.155957], [141.59375, 45.255957], [141.667969, 45.40127], [141.829492, 45.43877], [141.937695, 45.509521], [141.980859, 45.483496], [142.416016, 45.125], [142.884766, 44.670117], [143.288574, 44.396631], [143.65459, 44.221338], [143.759082, 44.131641], [144.101367, 44.101562], [144.481836, 43.949561], [144.715234, 43.927979], [144.871875, 43.981934], [145.342773, 44.333887]]]}}, {"type": "Feature", "properties": {"kind": "land"}, "geometry": {"type": "Polygon", "coordinates": [[[146.288184, 43.625391], [146.310156, 43.651855], [146.358789, 43.625391], [146.332324, 43.619922], [146.288184, 43.625391]]]}}, {"type": "Feature", "properties": {"kind": "land"}, "geometry": {"type": "Polygon", "coordinates": [[[146.608594, 43.740479], [146.621973, 43.812988], [146.824609, 43.860498], [146.899023, 43.80415], [146.683008, 43.716357], [146.608594, 43.740479]]]}}, {"type": "Feature", "properties": {"kind": "land"}, "geometry": {"type": "Polygon", "coordinates": [[[145.766992, 43.940723], [145.586816, 43.845117], [145.555859, 43.6646], [145.439258, 43.737061], [145.426172, 43.810352], [145.461719, 43.870898], [145.74834, 44.071533], [146.112109, 44.500146], [146.207617, 44.497656], [146.355957, 44.424609], [146.567773, 44.44043], [146.516211, 44.374658], [146.436523, 44.375684], [146.296191, 44.280957], [146.112305, 44.245947], [145.914062, 44.103711], [145.766992, 43.940723]]]}}, {"type": "Feature", "properties": {"kind": "land"}, "geometry": {"type": "Polygon", "coordinates": [[[147.563086, 44.835547], [147.310156, 44.677637], [147.207422, 44.553564], [147.098438, 44.53125], [146.897461, 44.404297], [146.933496, 44.513086], [147.140918, 44.66333], [147.154785, 44.766211], [147.246582, 44.856055], [147.430469, 44.945215], [147.557813, 45.062451], [147.65791, 45.093018], [147.769434, 45.190723], [147.885547, 45.225635], [147.872656, 45.300293], [147.924023, 45.383301], [147.964551, 45.377734], [148.056055, 45.262109], [148.130078, 45.258203], [148.324219, 45.282422], [148.706641, 45.520654], [148.772656, 45.526465], [148.826172, 45.486084], [148.803027, 45.413525], [148.837109, 45.362695], [148.790723, 45.323975], [148.599512, 45.317627], [148.262305, 45.216846], [147.91377, 44.990381], [147.784082, 44.958594], [147.657813, 44.977148], [147.563086, 44.835547]]]}}, {"type": "Feature", "properties": {"kind": "land"}, "geometry": {"type": "Polygon", "coordinates": [[[141.145313, 45.153906], [141.135352, 45.206201], [141.19375, 45.247852], [141.251855, 45.232471], [141.329199, 45.150488], [141.225977, 45.112207], [141.145313, 45.153906]]]}}, {"type": "Feature", "properties": {"kind": "land"}, "geometry": {"type": "Polygon", "coordinates": [[[140.97168, 45.465479], [141.056738, 45.449561], [141.072754, 45.332861], [141.033984, 45.269336], [140.982129, 45.36377], [140.97168, 45.465479]]]}}, {"type": "Feature", "properties": {"kind": "land"}, "geometry": {"type": "Polygon", "coordinates": [[[150.19502, 45.933203], [149.883398, 45.783154], [149.687695, 45.642041], [149.538867, 45.591357], [149.44707, 45.593359], [149.665918, 45.839795], [149.796289, 45.876074], [149.962305, 46.021924], [150.348633, 46.213428], [150.553125, 46.208545], [150.23457, 46.012305], [150.19502, 45.933203]]]}}, {"type": "Feature", "properties": {"kind": "land"}, "geometry": {"type": "Polygon", "coordinates": [[[152.002051, 46.897168], [151.815625, 46.787109], [151.754102, 46.78833], [151.715332, 46.852686], [151.864355, 46.868994], [152.16582, 47.110449], [152.288867, 47.142187], [152.002051, 46.897168]]]}}, {"type": "Feature", "properties": {"kind": "land"}, "geometry": {"type": "Polygon", "coordinates": [[[152.984277, 47.72793], [153.079199, 47.80874], [153.101074, 47.762939], [153.053809, 47.706104], [153.004102, 47.713477], [152.984277, 47.72793]]]}}, {"type": "Feature", "properties": {"kind": "land"}, "geometry": {"type": "Polygon", "coordinates": [[[154.042969, 48.73877], [153.992285, 48.77251], [154.091699, 48.832129], [154.126367, 48.904443], [154.228418, 48.89209], [154.042969, 48.73877]]]}}, {"type": "Feature", "properties": {"kind": "land"}, "geometry": {"type": "Polygon", "coordinates": [[[154.714844, 49.267676], [154.610938, 49.294043], [154.612988, 49.380615], [154.824902, 49.646924], [154.899609, 49.630371], [154.802344, 49.468262], [154.829883, 49.3479], [154.714844, 49.267676]]]}}, {"type": "Feature", "properties": {"kind": "land"}, "geometry": {"type": "Polygon", "coordinates": [[[143.259961, 53.217285], [143.324707, 52.963086], [143.332617, 52.700049], [143.295117, 52.52915], [143.200977, 52.44292], [143.172266, 52.349365], [143.155566, 52.08374], [143.190625, 51.944482], [143.294727, 51.744336], [143.320508, 51.583252], [143.455469, 51.471484], [143.472949, 51.299219], [143.53418, 51.246289], [143.816016, 50.282617], [144.047949, 49.895752], [144.341211, 49.180518], [144.431738, 49.051074], [144.685547, 48.87124], [144.71377, 48.640283], [144.620996, 48.814844], [144.536328, 48.893555], [144.04873, 49.24917], [143.732324, 49.312012], [143.382227, 49.290674], [143.10498, 49.198828], [143.026855, 49.10542], [142.97168, 48.917773], [142.574219, 48.072168], [142.556934, 47.737891], [142.74541, 47.452393], [142.940332, 47.322754], [143.217676, 46.794873], [143.384375, 46.805664], [143.485645, 46.752051], [143.580664, 46.360693], [143.431641, 46.028662], [143.418652, 46.222021], [143.352148, 46.476221], [143.282324, 46.558984], [142.829297, 46.605273], [142.691895, 46.71084], [142.578027, 46.700781], [142.478809, 46.644238], [142.406445, 46.554688], [142.208594, 46.088867], [142.077148, 45.917041], [141.961621, 46.013477], [141.830371, 46.451074], [141.866504, 46.694189], [142.038672, 47.140283], [141.964063, 47.587451], [142.149219, 47.902148], [142.181738, 48.013379], [142.135352, 48.290088], [141.897266, 48.654687], [141.866309, 48.750098], [142.020117, 49.078467], [142.142285, 49.569141], [142.153125, 50.216748], [142.066016, 50.630469], [142.100488, 50.776465], [142.20791, 50.998486], [142.206738, 51.222559], [142.005957, 51.520508], [141.722363, 51.736328], [141.808105, 51.789209], [141.720996, 51.846777], [141.668457, 51.93335], [141.66084, 52.272949], [141.80332, 52.555615], [141.855566, 52.793506], [141.873633, 53.038916], [141.823535, 53.339502], [141.964453, 53.456396], [142.141992, 53.495605], [142.318945, 53.405469], [142.526172, 53.447461], [142.583496, 53.536768], [142.50918, 53.587598], [142.552539, 53.652637], [142.67959, 53.674365], [142.688867, 53.730176], [142.642871, 53.736768], [142.705957, 53.895703], [142.670215, 53.968408], [142.334961, 54.280713], [142.55166, 54.278955], [142.615625, 54.303613], [142.692773, 54.416113], [142.761035, 54.393945], [142.976172, 54.140967], [142.985938, 54.085693], [142.911426, 53.878369], [142.917969, 53.794238], [143.259961, 53.217285]]]}}, {"type": "Feature", "properties": {"kind": "land"}, "geometry": {"type": "Polygon", "coordinates": [[[155.218359, 50.297852], [155.326758, 50.293262], [155.433887, 50.368945], [155.680176, 50.400732], [155.772754, 50.482422], [155.884766, 50.684131], [156.00166, 50.756934], [156.096875, 50.771875], [156.122852, 50.671289], [156.044434, 50.451758], [155.792383, 50.202051], [155.516406, 50.145605], [155.397168, 50.04126], [155.243066, 50.094629], [155.243066, 50.212793], [155.195117, 50.264551], [155.218359, 50.297852]]]}}, {"type": "Feature", "properties": {"kind": "land"}, "geometry": {"type": "Polygon", "coordinates": [[[156.405078, 50.657617], [156.325781, 50.639062], [156.167969, 50.731885], [156.213086, 50.784717], [156.376465, 50.862109], [156.455859, 50.85957], [156.4875, 50.842969], [156.483105, 50.751221], [156.405078, 50.657617]]]}}, {"type": "Feature", "properties": {"kind": "land"}, "geometry": {"type": "Polygon", "coordinates": [[[155.553516, 50.810596], [155.467383, 50.913574], [155.568555, 50.934473], [155.639648, 50.910498], [155.644824, 50.821924], [155.553516, 50.810596]]]}}, {"type": "Feature", "properties": {"kind": "land"}, "geometry": {"type": "Polygon", "coordinates": [[[179.294336, 51.42085], [179.451563, 51.372607], [179.278125, 51.372217], [178.647949, 51.643896], [178.908008, 51.615576], [179.294336, 51.42085]]]}}, {"type": "Feature", "properties": {"kind": "land"}, "geometry": {"type": "Polygon", "coordinates": [[[178.475, 51.967725], [178.509375, 51.994678], [178.607324, 51.953027], [178.511816, 51.899121], [178.475, 51.967725]]]}}, {"type": "Feature", "properties": {"kind": "land"}, "geometry": {"type": "Polygon", "coordinates": [[[179.497656, 51.932812], [179.503906, 51.97959], [179.627148, 52.03042], [179.77998, 51.966846], [179.727734, 51.90542], [179.645215, 51.880225], [179.497656, 51.932812]]]}}, {"type": "Feature", "properties": {"kind": "land"}, "geometry": {"type": "Polygon", "coordinates": [[[177.669629, 52.103027], [177.594141, 51.947559], [177.328516, 51.841064], [177.250293, 51.90293], [177.520508, 52.018213], [177.56377, 52.110498], [177.669629, 52.103027]]]}}, {"type": "Feature", "properties": {"kind": "land"}, "geometry": {"type": "Polygon", "coordinates": [[[173.657813, 52.356641], [173.616211, 52.39126], [173.402344, 52.404785], [173.424512, 52.437646], [173.657617, 52.504102], [173.776074, 52.495117], [173.722754, 52.35957], [173.657813, 52.356641]]]}}, {"type": "Feature", "properties": {"kind": "land"}, "geometry": {"type": "Polygon", "coordinates": [[[172.935156, 52.7521], [172.775586, 52.796924], [172.721777, 52.885547], [172.494824, 52.937891], [172.67793, 53.007568], [173.102148, 52.995605], [173.436035, 52.852051], [173.080273, 52.814453], [172.935156, 52.7521]]]}}, {"type": "Feature", "properties": {"kind": "land"}, "geometry": {"type": "Polygon", "coordinates": [[[168.081348, 54.512744], [167.488086, 54.794971], [167.441504, 54.855859], [167.511719, 54.856934], [167.59248, 54.797754], [167.882617, 54.690479], [168.081348, 54.512744]]]}}, {"type": "Feature", "properties": {"kind": "land"}, "geometry": {"type": "Polygon", "coordinates": [[[137.959473, 54.789014], [137.661133, 54.653271], [137.462695, 54.873389], [137.23291, 54.790576], [137.275195, 54.891016], [137.435547, 55.016016], [137.577344, 55.197021], [138.03125, 55.05332], [138.17207, 55.060059], [138.206152, 55.033545], [138.096484, 54.990918], [137.959473, 54.789014]]]}}, {"type": "Feature", "properties": {"kind": "land"}, "geometry": {"type": "Polygon", "coordinates": [[[137.178613, 55.100439], [137.055273, 54.926758], [136.969434, 54.923975], [136.902734, 54.960645], [136.714648, 54.956152], [136.995703, 55.092725], [137.178613, 55.100439]]]}}, {"type": "Feature", "properties": {"kind": "land"}, "geometry": {"type": "Polygon", "coordinates": [[[165.991895, 55.190479], [165.751074, 55.294531], [165.93125, 55.351465], [166.275781, 55.311963], [166.22998, 55.242334], [166.248047, 55.16543], [166.404297, 55.005615], [166.650293, 54.839062], [166.645117, 54.694092], [166.463672, 54.826855], [166.324805, 54.864551], [166.229883, 54.936523], [165.991895, 55.190479]]]}}, {"type": "Feature", "properties": {"kind": "land"}, "geometry": {"type": "Polygon", "coordinates": [[[18.617578, 59.327051], [18.414258, 59.290332], [18.373047, 59.179736], [18.285352, 59.109375], [17.456738, 58.858398], [17.347656, 58.780518], [16.978125, 58.65415], [16.31582, 58.663623], [16.214258, 58.63667], [16.788477, 58.585254], [16.923828, 58.492578], [16.651953, 58.434326], [16.769922, 58.214258], [16.700098, 58.160791], [16.694922, 57.917529], [16.596973, 57.912891], [16.555371, 57.812256], [16.58623, 57.760937], [16.604199, 57.568311], [16.652246, 57.500684], [16.630859, 57.430176], [16.475977, 57.265137], [16.52793, 57.068164], [16.34873, 56.709277], [16.216504, 56.58999], [15.99668, 56.222607], [15.920313, 56.167383], [15.82666, 56.124951], [15.626563, 56.185596], [15.326563, 56.15083], [14.782031, 56.161914], [14.713965, 56.134131], [14.754785, 56.033154], [14.655566, 56.019922], [14.558594, 56.048633], [14.401953, 55.976758], [14.215039, 55.832617], [14.20293, 55.72915], [14.341699, 55.527734], [14.17373, 55.396631], [13.806348, 55.428564], [13.321387, 55.346387], [12.88584, 55.411377], [12.940625, 55.481592], [12.973926, 55.748145], [12.471191, 56.290527], [12.706348, 56.23501], [12.80166, 56.263916], [12.656445, 56.440576], [12.857422, 56.452393], [12.919531, 56.515576], [12.883691, 56.617725], [12.717578, 56.662842], [12.572656, 56.823291], [12.421484, 56.906396], [12.151855, 57.226953], [12.053223, 57.446973], [11.961523, 57.426074], [11.878711, 57.679443], [11.734961, 57.717676], [11.703223, 57.973193], [11.549023, 58.001221], [11.449316, 58.118359], [11.431543, 58.33999], [11.32998, 58.380322], [11.248242, 58.369141], [11.271582, 58.475635], [11.20791, 58.866406], [11.147168, 58.988623], [11.195801, 59.078271], [11.295313, 59.086865], [11.388281, 59.036523], [11.386426, 59.065723], [11.365918, 59.104541], [10.834473, 59.183936], [10.644922, 59.389209], [10.595313, 59.764551], [10.533887, 59.695801], [10.569531, 59.587109], [10.398145, 59.519336], [10.407129, 59.455664], [10.446387, 59.443604], [10.431348, 59.279639], [10.179395, 59.009277], [10.083105, 59.028809], [9.95957, 58.968213], [9.842578, 58.958496], [9.800195, 59.027051], [9.635156, 59.117773], [9.557227, 59.112695], [9.696094, 59.009717], [9.656934, 58.971191], [9.309961, 58.856836], [9.395801, 58.805664], [8.928418, 58.569971], [8.521387, 58.300586], [8.166113, 58.145313], [8.037402, 58.147266], [7.875586, 58.07998], [7.465918, 58.020947], [7.194141, 58.047656], [7.004883, 58.024219], [6.903418, 58.070508], [6.912305, 58.142871], [6.877051, 58.150732], [6.802832, 58.154541], [6.731445, 58.068311], [6.555078, 58.123437], [6.69248, 58.224023], [6.659863, 58.262744], [6.389063, 58.267969], [6.054688, 58.375146], [5.976562, 58.432324], [5.706836, 58.523633], [5.585938, 58.62041], [5.517285, 58.726514], [5.522461, 58.822656], [5.555566, 58.975195], [5.612207, 59.012891], [6.099023, 58.870264], [6.363281, 59.000928], [6.321094, 59.016455], [6.099414, 58.951953], [5.88916, 59.060498], [5.88916, 59.097949], [5.968555, 59.186133], [5.937305, 59.233984], [5.951855, 59.299072], [6.415332, 59.547119], [6.278516, 59.534521], [5.845215, 59.353467], [5.564063, 59.291211], [5.467578, 59.203809], [5.362305, 59.166357], [5.173242, 59.162549], [5.131641, 59.226465], [5.242188, 59.564307], [5.304883, 59.642578], [5.403516, 59.655762], [5.472461, 59.713086], [5.772168, 59.660938], [5.867285, 59.733984], [6.216602, 59.818359], [5.833984, 59.794678], [5.763477, 59.80791], [5.730469, 59.863086], [6.069922, 60.083496], [6.140527, 60.233496], [6.34873, 60.352979], [6.518066, 60.407568], [6.573633, 60.360596], [6.526855, 60.15293], [6.719922, 60.418164], [6.995703, 60.511963], [6.346973, 60.419092], [6.15332, 60.34624], [5.904395, 60.150635], [5.876563, 60.07002], [5.698828, 60.01001], [5.494531, 59.825586], [5.145801, 59.638818], [5.110742, 59.667822], [5.104883, 59.731689], [5.119238, 59.833691], [5.219531, 59.97876], [5.174414, 60.045703], [5.205664, 60.087939], [5.494531, 60.070312], [5.688574, 60.123193], [5.657617, 60.154102], [5.417383, 60.154102], [5.28584, 60.205713], [5.183594, 60.308398], [5.137109, 60.445605], [5.168164, 60.484814], [5.64834, 60.687988], [5.589355, 60.694287], [5.447363, 60.617334], [5.244043, 60.56958], [5.11582, 60.635986], [5.049121, 60.70752], [5.008594, 61.038184], [5.09541, 61.071338], [5.505273, 61.056104], [5.983984, 61.117334], [6.417969, 61.084277], [6.609863, 61.137012], [6.777832, 61.142432], [6.97207, 61.055957], [6.980566, 60.994141], [7.038672, 60.95293], [7.07793, 60.966309], [7.040137, 61.091162], [7.54502, 61.177148], [7.604492, 61.210547], [7.403906, 61.222168], [7.346582, 61.300586], [7.442578, 61.434619], [7.331152, 61.372021], [7.27627, 61.283936], [7.298047, 61.213623], [7.275977, 61.180957], [6.942578, 61.160547], [6.657031, 61.206592], [6.610254, 61.229102], [6.625879, 61.279297], [6.599902, 61.289648], [6.492578, 61.15459], [6.383496, 61.133887], [6.08252, 61.167285], [5.324609, 61.108252], [5.106738, 61.187549], [5.02168, 61.250586], [4.989941, 61.377686], [5.002734, 61.433594], [5.338672, 61.485498], [5.167578, 61.543359], [5.099414, 61.620166], [4.99668, 61.645215], [4.927832, 61.710693], [4.910352, 61.80957], [4.930078, 61.87832], [4.985059, 61.900439], [5.465332, 61.896924], [6.01582, 61.7875], [6.466699, 61.807422], [6.730762, 61.869775], [6.131152, 61.852441], [5.473047, 61.945605], [5.266895, 61.935596], [5.15957, 61.956982], [5.096484, 62.02666], [5.143164, 62.159912], [5.240918, 62.188672], [5.357715, 62.151709], [5.484277, 62.239111], [5.533301, 62.310889], [5.718164, 62.378906], [5.908301, 62.416016], [6.083496, 62.349609], [6.208984, 62.352783], [6.580078, 62.407275], [6.692383, 62.468066], [6.136133, 62.407471], [6.118457, 62.447168], [6.2375, 62.519922], [6.272852, 62.583838], [6.35293, 62.611133], [6.961133, 62.626758], [7.570117, 62.548193], [7.690723, 62.585596], [7.527441, 62.610303], [7.538379, 62.67207], [7.804688, 62.720996], [8.095508, 62.731836], [8.045508, 62.77124], [7.408398, 62.711768], [7.24209, 62.752344], [6.77998, 62.700732], [6.734961, 62.720703], [6.94043, 62.930469], [7.389063, 63.023291], [7.571875, 63.099512], [8.100586, 63.090967], [8.211133, 62.995508], [8.623145, 62.84624], [8.60918, 62.880566], [8.235156, 63.082178], [8.158008, 63.161523], [8.184473, 63.236523], [8.271484, 63.286572], [8.580176, 63.313379], [8.635547, 63.342334], [8.641016, 63.39209], [8.59375, 63.426123], [8.386523, 63.445264], [8.360742, 63.498877], [8.576172, 63.601172], [8.842383, 63.645898], [9.13584, 63.593652], [9.158105, 63.56626], [9.075879, 63.500391], [9.08418, 63.463428], [9.156055, 63.459326], [9.323633, 63.570361], [9.696875, 63.624561], [9.936035, 63.478857], [9.979199, 63.395264], [10.020996, 63.39082], [10.080566, 63.432715], [10.340039, 63.469336], [10.760156, 63.461279], [10.673633, 63.558008], [10.725293, 63.625], [11.370703, 63.804834], [11.307617, 63.875732], [11.175586, 63.898877], [11.457617, 64.002979], [11.306641, 64.048877], [10.914258, 63.921094], [11.047266, 63.845215], [10.934863, 63.770215], [10.33916, 63.571045], [10.055078, 63.512695], [9.924023, 63.521777], [9.76748, 63.699512], [9.594629, 63.678955], [9.567285, 63.706152], [9.614746, 63.794824], [9.708008, 63.864893], [9.864453, 63.917822], [10.009961, 64.083154], [10.23623, 64.179639], [10.565625, 64.418311], [10.833984, 64.494482], [10.932324, 64.577734], [11.225391, 64.679492], [11.523828, 64.744385], [11.63291, 64.813916], [11.296777, 64.754785], [11.349902, 64.905908], [11.489355, 64.97583], [12.159668, 65.178955], [12.306543, 65.085986], [12.508398, 65.099414], [12.915527, 65.339258], [12.417578, 65.184082], [12.363867, 65.193311], [12.333984, 65.240723], [12.199609, 65.245459], [12.133887, 65.27915], [12.122168, 65.362354], [12.272852, 65.568164], [12.627734, 65.806152], [12.688867, 65.902197], [12.816797, 65.952881], [13.033105, 65.95625], [12.976074, 66.019189], [12.794922, 66.069092], [12.783789, 66.100439], [13.387109, 66.182764], [13.674414, 66.17998], [14.03418, 66.297559], [13.973145, 66.319727], [13.118848, 66.230664], [13.068164, 66.430811], [13.104688, 66.539404], [13.191602, 66.537158], [13.211426, 66.64082], [13.311816, 66.701855], [13.450391, 66.715527], [13.621094, 66.794824], [13.959473, 66.794336], [13.704102, 66.85166], [13.651563, 66.90708], [13.880176, 66.964893], [14.108789, 67.119238], [14.775586, 67.194482], [15.415723, 67.202441], [15.434766, 67.24668], [14.441699, 67.271387], [14.75498, 67.499023], [14.961914, 67.574268], [15.409375, 67.47417], [15.55293, 67.351758], [15.594434, 67.348535], [15.575684, 67.443848], [15.691504, 67.521387], [15.661328, 67.542822], [15.487305, 67.514795], [15.24873, 67.602148], [15.218652, 67.655371], [15.345801, 67.734424], [15.303906, 67.765283], [15.04082, 67.682568], [14.781348, 67.674902], [14.821094, 67.749854], [14.798926, 67.809326], [15.048438, 67.955762], [15.134277, 67.972705], [15.400879, 67.919629], [15.621387, 67.948291], [15.605762, 67.987891], [15.356934, 68.003613], [15.292871, 68.036475], [15.316016, 68.06875], [15.656641, 68.164355], [16.00791, 68.228711], [16.064551, 68.199902], [16.120801, 68.027344], [16.260742, 67.886572], [16.312305, 67.881445], [16.258594, 68.001221], [16.391992, 68.091602], [16.259766, 68.144531], [16.174805, 68.28125], [16.203809, 68.316748], [16.387891, 68.389551], [16.618848, 68.406299], [16.951367, 68.354687], [17.552832, 68.42627], [17.571191, 68.447461], [17.426172, 68.481934], [16.584863, 68.466455], [16.525293, 68.490674], [16.514355, 68.532568], [16.651855, 68.625781], [16.884668, 68.6854], [17.131152, 68.693457], [17.39082, 68.799365], [17.490039, 68.87876], [17.546289, 69.001123], [17.70459, 69.100049], [18.101465, 69.156299], [18.078711, 69.325244], [18.259766, 69.470605], [18.645508, 69.321875], [18.858984, 69.314453], [18.915918, 69.335596], [18.624414, 69.434375], [18.614453, 69.490576], [18.991113, 69.561133], [19.038379, 69.6604], [19.197266, 69.747852], [19.687012, 69.804736], [19.722461, 69.781641], [19.641504, 69.424023], [19.736816, 69.503809], [19.864648, 69.722119], [19.960547, 69.824609], [20.068945, 69.883447], [20.324219, 69.945312], [20.387207, 69.867627], [20.338184, 69.61665], [20.04375, 69.355664], [20.054492, 69.332666], [20.107227, 69.341211], [20.486719, 69.54209], [20.739453, 69.520508], [20.5625, 69.632812], [20.532715, 69.692334], [20.545996, 69.851074], [20.62207, 69.913916], [21.163086, 69.889502], [21.253711, 70.003223], [21.43291, 70.013184], [21.931738, 69.814697], [21.974707, 69.83457], [21.892578, 70.004248], [21.802734, 70.066064], [21.400391, 70.174463], [21.346289, 70.208252], [21.355762, 70.233398], [21.53877, 70.257666], [21.780273, 70.229883], [21.995508, 70.293359], [22.054395, 70.275977], [22.219434, 70.30918], [22.321973, 70.264502], [22.384766, 70.277734], [22.421191, 70.337598], [22.68457, 70.374756], [22.941211, 70.30498], [23.046484, 70.101855], [23.25791, 69.993311], [23.353906, 69.983398], [23.400195, 70.019775], [23.286035, 70.104834], [23.329102, 70.207227], [23.379395, 70.247461], [23.66123, 70.399756], [23.897168, 70.47876], [24.038477, 70.485352], [24.285547, 70.662402], [24.42002, 70.702002], [24.403516, 70.745312], [24.268164, 70.772705], [24.263477, 70.826318], [24.658008, 71.001025], [24.764746, 71.008447], [25.264648, 70.843506], [25.435938, 70.911865], [25.711914, 70.869727], [25.768164, 70.853174], [25.781445, 70.816797], [25.273535, 70.552393], [25.209277, 70.489404], [25.146387, 70.324023], [24.994238, 70.218213], [24.982715, 70.143994], [25.043848, 70.109033], [25.211816, 70.136475], [25.418848, 70.235498], [25.470508, 70.340576], [26.506934, 70.912793], [26.661328, 70.939746], [26.733984, 70.853564], [26.675488, 70.740967], [26.558203, 70.669141], [26.644629, 70.63623], [26.585059, 70.41001], [26.989355, 70.511377], [27.183691, 70.744043], [27.309375, 70.803564], [27.546484, 70.804004], [27.555664, 70.827393], [27.269043, 70.91001], [27.235254, 70.947217], [27.331641, 70.996729], [27.59707, 71.091309], [28.141699, 71.043018], [28.392285, 70.975293], [28.382715, 70.869434], [28.271875, 70.797949], [27.950977, 70.717578], [27.898047, 70.67793], [27.998828, 70.664258], [28.215625, 70.704346], [28.271777, 70.667969], [28.202734, 70.576904], [28.166016, 70.3604], [28.192969, 70.248584], [28.309863, 70.443066], [28.437305, 70.501367], [28.484766, 70.618799], [28.609375, 70.759668], [28.831543, 70.863965], [29.102344, 70.860742], [29.397656, 70.734131], [29.639063, 70.705029], [29.7375, 70.646826], [30.065137, 70.702979], [30.237695, 70.622168], [30.213184, 70.543311], [30.595898, 70.523682], [30.926367, 70.401123], [30.960645, 70.343848], [30.944141, 70.274414], [30.468945, 70.197852], [30.262988, 70.124707], [29.925879, 70.096484], [28.781152, 70.14541], [28.804297, 70.092529], [29.601367, 69.976758], [29.646875, 69.943701], [29.621387, 69.874072], [29.635938, 69.780127], [29.694629, 69.74458], [30.088281, 69.717578], [30.155176, 69.745947], [30.180078, 69.841162], [30.237598, 69.862207], [30.348828, 69.83457], [30.42832, 69.722266], [30.484375, 69.794873], [30.714453, 69.795703], [31.546973, 69.696924], [31.666211, 69.720996], [31.788574, 69.815771], [31.997949, 69.809912], [32.030566, 69.835303], [31.969336, 69.913916], [31.98457, 69.953662], [33.007812, 69.722119], [32.994629, 69.626172], [32.915039, 69.601709], [32.176758, 69.674023], [32.091504, 69.632568], [32.330566, 69.554248], [32.377734, 69.479102], [32.999805, 69.470117], [33.020996, 69.445605], [32.941602, 69.38335], [32.978906, 69.367334], [33.384863, 69.444287], [33.454297, 69.428174], [33.463672, 69.378174], [33.412988, 69.267432], [33.327734, 69.151855], [33.196387, 69.116846], [33.141211, 69.068701], [33.435645, 69.130371], [33.684375, 69.310254], [34.229395, 69.313135], [35.00957, 69.22124], [35.175879, 69.230811], [35.289844, 69.275439], [35.85791, 69.191748], [37.730566, 68.692139], [38.357617, 68.415137], [38.430176, 68.355615], [38.831543, 68.324902], [39.568945, 68.071729], [39.82334, 68.058594], [39.746289, 68.162207], [39.809277, 68.15083], [40.380664, 67.831885], [40.966406, 67.713477], [41.060938, 67.444189], [41.133887, 67.386035], [41.133887, 67.266943], [41.358789, 67.209668], [41.275586, 66.914307], [41.188965, 66.826172], [40.521582, 66.446631], [40.10332, 66.299951], [39.289062, 66.132031], [38.653906, 66.069043], [37.900684, 66.095605], [36.983691, 66.272559], [36.373438, 66.302295], [35.513477, 66.395801], [34.824609, 66.611133], [34.482617, 66.550342], [34.396094, 66.613184], [34.451563, 66.651221], [34.146094, 66.703271], [33.893652, 66.706738], [33.59541, 66.784619], [33.482031, 66.764551], [33.150195, 66.843945], [32.847559, 67.021533], [32.930469, 67.086816], [32.399902, 67.152686], [31.895313, 67.161426], [32.201563, 67.113232], [32.500977, 67.003857], [32.463672, 66.916309], [32.857324, 66.746924], [32.862402, 66.721387], [33.180566, 66.679932], [33.224414, 66.603857], [33.18291, 66.573877], [33.217383, 66.531641], [33.655957, 66.442627], [33.593262, 66.38457], [33.360547, 66.329541], [34.112695, 66.225244], [34.399805, 66.128418], [34.691797, 65.951855], [34.786328, 65.864551], [34.776953, 65.768262], [34.615723, 65.509912], [34.406445, 65.395752], [34.671094, 65.168115], [34.803516, 64.985986], [34.832617, 64.800195], [34.952246, 64.755957], [34.858301, 64.706689], [34.869531, 64.56001], [35.035352, 64.440234], [35.432031, 64.346777], [35.64707, 64.37832], [36.146484, 64.189014], [36.364941, 64.002832], [37.442188, 63.813379], [37.635352, 63.893408], [37.967969, 63.949121], [38.070801, 64.02583], [38.062207, 64.091016], [37.977148, 64.207031], [37.953711, 64.320117], [37.740625, 64.396973], [37.42959, 64.373584], [37.183691, 64.408496], [36.578711, 64.790967], [36.528223, 64.847363], [36.53457, 64.938623], [36.65293, 64.935449], [36.785938, 64.987158], [36.882812, 65.172363], [37.14082, 65.194287], [37.528125, 65.108252], [38.009375, 64.87876], [38.412109, 64.85708], [38.540918, 64.79126], [39.053516, 64.713916], [39.567383, 64.570557], [39.758008, 64.577051], [39.848633, 64.690527], [40.057813, 64.770752], [40.407813, 64.754883], [40.444922, 64.778711], [40.28125, 64.998096], [40.142676, 65.063281], [39.798047, 65.349854], [39.749121, 65.447949], [39.816504, 65.597949], [40.327832, 65.751709], [40.691602, 65.963428], [41.076074, 66.021094], [41.475781, 66.123437], [41.780859, 66.259326], [42.210547, 66.519678], [42.450781, 66.482422], [42.602148, 66.42251], [43.233203, 66.415527], [43.550879, 66.321289], [43.653125, 66.250977], [43.550391, 66.173389], [43.541895, 66.123389], [43.737012, 66.158398], [43.84375, 66.142383], [44.104395, 66.008594], [44.145313, 66.112744], [44.097168, 66.235059], [44.220703, 66.40708], [44.488672, 66.671777], [44.437109, 66.794629], [44.429297, 66.937744], [44.403906, 67.004199], [44.291797, 67.099658], [44.074414, 67.167334], [43.855371, 67.188623], [43.782422, 67.254492], [43.856348, 67.439307], [44.036426, 67.670654], [44.225391, 67.995605], [44.204688, 68.25376], [44.169141, 68.3271], [43.404004, 68.608545], [43.333203, 68.673389], [43.471973, 68.679834], [44.048047, 68.548828], [45.078125, 68.578174], [45.519434, 68.546533], [45.891992, 68.479687], [46.683594, 67.970459], [46.69043, 67.848828], [45.528711, 67.757568], [44.939453, 67.477441], [44.902148, 67.413135], [44.939453, 67.350781], [45.562207, 67.185596], [45.885352, 66.891064], [45.986035, 66.853125], [46.297754, 66.842822], [46.492383, 66.800195], [47.496484, 66.929834], [47.655859, 66.975928], [47.709082, 67.04502], [47.768066, 67.275635], [47.908203, 67.454688], [47.874707, 67.58418], [48.653809, 67.695264], [48.833203, 67.681494], [48.87793, 67.731348], [48.695703, 67.874219], [48.754297, 67.895947], [48.953906, 67.853809], [49.155273, 67.87041], [49.93125, 68.065137], [50.699414, 68.317725], [51.336133, 68.402441], [51.994727, 68.53877], [52.128809, 68.532031], [52.285352, 68.459375], [52.183496, 68.374268], [52.39668, 68.351709], [52.669727, 68.426758], [52.722656, 68.484033], [52.647656, 68.506152], [52.550098, 68.592432], [52.344043, 68.608154], [52.683594, 68.731201], [53.801953, 68.995898], [54.491211, 68.992334], [53.797656, 68.907471], [53.798242, 68.884668], [53.970605, 68.844287], [53.891211, 68.801514], [53.758887, 68.633984], [53.917676, 68.536963], [53.930859, 68.435547], [53.829492, 68.382666], [53.690039, 68.402539], [53.342578, 68.343213], [53.260547, 68.26748], [53.967871, 68.227344], [54.476172, 68.294141], [54.717969, 68.18418], [54.861328, 68.201855], [54.923047, 68.373828], [55.418066, 68.567822], [55.675293, 68.575879], [56.043652, 68.648877], [56.620215, 68.619043], [57.126855, 68.554004], [58.173047, 68.889746], [58.237012, 68.833936], [58.353906, 68.916211], [59.057324, 69.006055], [59.110156, 68.896289], [59.370508, 68.738379], [59.222559, 68.691309], [59.112305, 68.616309], [59.099023, 68.444336], [59.725684, 68.351611], [59.858789, 68.396045], [59.922852, 68.471338], [59.941406, 68.510498], [59.865137, 68.604932], [59.895996, 68.706348], [60.48916, 68.728955], [60.637695, 68.787012], [60.933594, 68.986768], [60.858594, 69.145508], [60.664551, 69.110254], [60.337305, 69.457031], [60.170605, 69.590918], [60.276465, 69.652637], [60.558691, 69.692334], [60.909082, 69.847119], [61.770508, 69.763037], [62.63125, 69.743115], [63.361426, 69.675293], [64.19043, 69.534668], [64.928516, 69.325391], [64.896289, 69.247803], [65.031543, 69.269824], [65.735742, 69.132324], [65.812695, 69.077002], [66.416113, 68.947852], [67.002441, 68.873584], [67.149219, 68.753955], [67.639648, 68.579297], [67.730762, 68.513672], [68.156934, 68.403662], [68.371191, 68.314258], [68.504199, 68.348438], [68.829492, 68.567432], [69.140527, 68.950635], [68.924414, 68.956201], [68.762891, 68.917383], [68.542773, 68.96709], [68.117383, 69.23623], [68.073047, 69.420801], [68.005859, 69.480029], [67.624121, 69.584424], [67.064453, 69.693701], [66.964063, 69.655566], [66.89668, 69.553809], [66.804004, 69.659229], [66.80293, 69.740137], [66.926367, 70.014258], [67.069043, 70.005615], [67.239258, 70.108057], [67.146484, 70.219922], [67.246875, 70.500098], [67.284766, 70.738721], [67.143359, 70.837549], [66.822461, 70.797363], [66.702246, 70.818506], [66.666113, 70.900586], [66.84707, 71.063721], [66.692578, 71.041699], [66.639648, 71.081396], [66.768066, 71.139893], [66.917578, 71.282373], [67.541797, 71.412012], [68.269238, 71.682812], [68.607422, 72.012744], [68.829688, 72.391553], [69.039062, 72.669922], [69.391406, 72.955518], [69.694336, 72.977539], [69.708984, 72.956396], [69.645117, 72.897559], [69.738281, 72.884961], [71.616992, 72.9021], [71.92959, 72.819678], [72.446387, 72.790332], [72.812109, 72.691406], [72.75293, 72.343164], [72.574121, 72.012549], [72.279492, 71.695508], [72.129688, 71.60918], [71.912012, 71.547949], [71.867285, 71.457373], [72.079297, 71.306689], [72.581348, 71.151123], [72.704492, 70.963232], [72.731641, 70.822852], [72.7, 70.457324], [72.469434, 70.274951], [72.529688, 70.17251], [72.599414, 69.793213], [72.615625, 69.484033], [72.557324, 69.378418], [72.527051, 69.154248], [72.576758, 68.968701], [72.67832, 68.874854], [72.811914, 68.815234], [73.548047, 68.574512], [73.591699, 68.481885], [73.465234, 68.430762], [73.139453, 68.181348], [73.129395, 68.090918], [73.173047, 67.973047], [73.152148, 67.865039], [73.066797, 67.766943], [72.94873, 67.69624], [72.594336, 67.586963], [71.847461, 67.007617], [71.668164, 66.939697], [71.365234, 66.961523], [71.551172, 66.760449], [71.539551, 66.683105], [71.341992, 66.686719], [70.939453, 66.548145], [70.724902, 66.519434], [70.382812, 66.60249], [70.442578, 66.668262], [70.690723, 66.745312], [70.579102, 66.75376], [70.443945, 66.697314], [70.283398, 66.685791], [69.877148, 66.845459], [69.74043, 66.8146], [69.217773, 66.828613], [69.013477, 66.78833], [69.194336, 66.578662], [69.982422, 66.401416], [70.339453, 66.342383], [71.358008, 66.359424], [71.916992, 66.246729], [72.067578, 66.25332], [72.321582, 66.332129], [72.417383, 66.560791], [73.513574, 66.861084], [73.79209, 66.995312], [73.883301, 67.084961], [73.98623, 67.327686], [74.074512, 67.414111], [74.676074, 67.694629], [74.769531, 67.766357], [74.787305, 67.89751], [74.742676, 68.073535], [74.632422, 68.218311], [74.391406, 68.420605], [74.480957, 68.658887], [74.57959, 68.751221], [75.124609, 68.861719], [76.10752, 68.975732], [76.45918, 68.978271], [76.605762, 68.897607], [76.735059, 68.776904], [77.111719, 68.596191], [77.238477, 68.46958], [77.248438, 67.941016], [77.174414, 67.778516], [77.771582, 67.570264], [78.922461, 67.589111], [78.839063, 67.631201], [77.588281, 67.751904], [77.520117, 67.909619], [77.535937, 68.007666], [77.664844, 68.190381], [77.995117, 68.259473], [77.906836, 68.482275], [77.785254, 68.630469], [77.650684, 68.903027], [77.466309, 68.905127], [76.644922, 69.117383], [76.000977, 69.235059], [75.42002, 69.238623], [75.053516, 69.116309], [74.814844, 69.090576], [74.362598, 69.14458], [73.977441, 69.114648], [73.836035, 69.143213], [73.775684, 69.198242], [73.890918, 69.417969], [73.832715, 69.503906], [73.560156, 69.707227], [73.578125, 69.802979], [73.830176, 70.175684], [74.206738, 70.445459], [74.343359, 70.578711], [74.310938, 70.653613], [73.731543, 71.068701], [73.576563, 71.216504], [73.150488, 71.385205], [73.08623, 71.444922], [73.671777, 71.845068], [74.489063, 71.997021], [74.992188, 72.144824], [75.089941, 72.263135], [75.09707, 72.420654], [75.060352, 72.548779], [74.786816, 72.811865], [74.942188, 72.853809], [75.152441, 72.852734], [75.369336, 72.796631], [75.603516, 72.581055], [75.591406, 72.457227], [75.741406, 72.29624], [75.550195, 72.170801], [75.394531, 71.983203], [75.273828, 71.958936], [75.247461, 71.813379], [75.503223, 71.654639], [75.468555, 71.534375], [75.280273, 71.430078], [75.332031, 71.341748], [75.733594, 71.265918], [76.110449, 71.218555], [76.741992, 71.202051], [76.929004, 71.127881], [76.995215, 71.181055], [77.589648, 71.16792], [78.068262, 70.986328], [78.320605, 70.93042], [78.525781, 70.911816], [79.01543, 70.950195], [79.083887, 71.002002], [78.723926, 70.975977], [78.491406, 71.025391], [78.386523, 71.087109], [78.212598, 71.266309], [77.908398, 71.324072], [77.481055, 71.311572], [76.433398, 71.55249], [76.312109, 71.595459], [76.032422, 71.9104], [76.42168, 72.006006], [76.871387, 72.033008], [77.061328, 72.004199], [77.550781, 71.84209], [77.777539, 71.836426], [78.186914, 71.90708], [78.232422, 71.952295], [78.14082, 72.044678], [78.016406, 72.092041], [77.780664, 72.114307], [77.492871, 72.071729], [77.41084, 72.107764], [77.471582, 72.192139], [77.733203, 72.229199], [77.968164, 72.328711], [78.482617, 72.394971], [79.42207, 72.380762], [79.953906, 72.223047], [80.7625, 72.08916], [80.856055, 71.970215], [81.661621, 71.715967], [82.079883, 71.706836], [82.757812, 71.764111], [83.106641, 71.720508], [83.233594, 71.668164], [82.977051, 71.451367], [82.322852, 71.26001], [82.23916, 70.997705], [82.335938, 70.807373], [82.163184, 70.598145], [82.221191, 70.395703], [82.258398, 70.543604], [82.45166, 70.690088], [82.59248, 70.889941], [82.869141, 70.954834], [83.010156, 70.89541], [83.051074, 70.815234], [83.030176, 70.580518], [82.919824, 70.407422], [82.682324, 70.217725], [82.856543, 70.104541], [83.080762, 70.093018], [83.132031, 70.157178], [83.073828, 70.276709], [83.49707, 70.345264], [83.659863, 70.418359], [83.735938, 70.546484], [83.578906, 70.765918], [83.333887, 70.988525], [83.15127, 71.103613], [83.266016, 71.275879], [83.550488, 71.543652], [83.571289, 71.594385], [83.534375, 71.683936], [83.34043, 71.827539], [83.200293, 71.874707], [82.64541, 71.925244], [82.319141, 72.071826], [82.183594, 72.237549], [82.093652, 72.26543], [81.792871, 72.326611], [81.098145, 72.389746], [80.827051, 72.488281], [80.65625, 72.712012], [80.841602, 72.94917], [80.757422, 73.025244], [80.509668, 73.086084], [80.424512, 73.231152], [80.398047, 73.356836], [80.595898, 73.474023], [80.561914, 73.51499], [80.583203, 73.568457], [81.816992, 73.658838], [83.544727, 73.666504], [84.737891, 73.762842], [85.200586, 73.721533], [85.44834, 73.734619], [85.611426, 73.821582], [86.591406, 73.894287], [86.892969, 73.887109], [87.029492, 73.82417], [86.365918, 73.619775], [86.094141, 73.57832], [85.827051, 73.492773], [85.792578, 73.43833], [85.818164, 73.326953], [86.677051, 73.106787], [86.715039, 73.12583], [85.970801, 73.34707], [85.910059, 73.39043], [85.938965, 73.456494], [86.092383, 73.519141], [86.37627, 73.568848], [87.120117, 73.615039], [87.369531, 73.755908], [87.571191, 73.810742], [87.209668, 73.878662], [86.69707, 74.195312], [86.571094, 74.24375], [86.001367, 74.316016], [86.18291, 74.423047], [86.395801, 74.450098], [86.664746, 74.414258], [86.897949, 74.325342], [87.229688, 74.363867], [86.425684, 74.585498], [85.791016, 74.645117], [85.880762, 74.740234], [86.058887, 74.728223], [86.20127, 74.816211], [86.651465, 74.682422], [86.862891, 74.717871], [87.419336, 74.940918], [87.467578, 75.013232], [87.140723, 75.072266], [86.939063, 75.068115], [86.92168, 75.112793], [87.005957, 75.169824], [87.170801, 75.191748], [87.671387, 75.12959], [88.503711, 75.290479], [88.733105, 75.369189], [89.310254, 75.470117], [89.595117, 75.458252], [90.184961, 75.591064], [91.004687, 75.649561], [91.479492, 75.649658], [91.84541, 75.723682], [92.40752, 75.749658], [94.075195, 75.912891], [94.156348, 75.959229], [93.687012, 75.921582], [93.574023, 75.956299], [93.406055, 75.90127], [93.178125, 75.958984], [92.986621, 75.902686], [92.89043, 75.909961], [92.858594, 75.979492], [92.971582, 76.075098], [93.104883, 76.02583], [93.259277, 76.098779], [93.648438, 76.05415], [94.102344, 76.123584], [94.506738, 76.107959], [94.575586, 76.151758], [95.038477, 76.113525], [95.578711, 76.137305], [96.075488, 76.081982], [95.986035, 76.009668], [95.65332, 75.892188], [95.743848, 75.872314], [95.934766, 75.926025], [96.508594, 76.005566], [96.600586, 75.989893], [96.49707, 75.891211], [96.879199, 75.931055], [97.350684, 76.033398], [97.499219, 75.980225], [97.637695, 76.029053], [97.669824, 76.078027], [97.918359, 76.088672], [98.02002, 76.133691], [98.662012, 76.242676], [99.562695, 76.109326], [99.77041, 76.02876], [99.602344, 75.852051], [99.442187, 75.803174], [99.540723, 75.798584], [99.851367, 75.930273], [99.825391, 76.135937], [99.616797, 76.240186], [98.805664, 76.480664], [98.869434, 76.50957], [99.57627, 76.471436], [100.322363, 76.47915], [100.84375, 76.525195], [101.060742, 76.477246], [101.597754, 76.439209], [101.683789, 76.485498], [100.928027, 76.556738], [101.099316, 76.704004], [100.92041, 76.82251], [100.905859, 76.900684], [100.989941, 76.990479], [101.185742, 77.028564], [101.517676, 77.198096], [102.610156, 77.508545], [103.131445, 77.626465], [103.560742, 77.631934], [104.014551, 77.73042], [104.814258, 77.6521], [104.965234, 77.594727], [105.308984, 77.549219], [105.710254, 77.525244], [105.894531, 77.488867], [106.05957, 77.390527], [105.73418, 77.352002], [105.38457, 77.237842], [104.202441, 77.101807], [105.645898, 77.100684], [105.712012, 77.001465], [105.822168, 76.99751], [106.14541, 77.045312], [106.705078, 77.01377], [106.941602, 77.034375], [107.278906, 76.990967], [107.429785, 76.926563], [106.940918, 76.730469], [106.63877, 76.573389], [106.384668, 76.589453], [106.413574, 76.512256], [106.683203, 76.514697], [106.825391, 76.480078], [107.157715, 76.524072], [107.722168, 76.522314], [107.902246, 76.569678], [107.949902, 76.660645], [108.02793, 76.718457], [108.181641, 76.737842], [108.638379, 76.720117], [109.369336, 76.749219], [109.981152, 76.711865], [110.471484, 76.758398], [111.114844, 76.723047], [111.786133, 76.603564], [112.093945, 76.480322], [111.942676, 76.380469], [112.29707, 76.434668], [112.619531, 76.383545], [112.68418, 76.218848], [112.798438, 76.129639], [112.65625, 76.053564], [113.04668, 76.114111], [113.150391, 76.174512], [112.987988, 76.239746], [113.272656, 76.25166], [113.427734, 76.112109], [113.563867, 75.89165], [113.857227, 75.921289], [113.870996, 75.856006], [113.74873, 75.704785], [113.567578, 75.568408], [113.485938, 75.563965], [113.517188, 75.621875], [113.391602, 75.677881], [113.126367, 75.698682], [112.629199, 75.8354], [112.466113, 75.843652], [112.72959, 75.737646], [112.955664, 75.571924], [113.161523, 75.620508], [113.242969, 75.611426], [113.35625, 75.534277], [113.726172, 75.450635], [113.613574, 75.292969], [112.924902, 75.015039], [112.191992, 74.853174], [111.868262, 74.740039], [111.299023, 74.658447], [110.892773, 74.548096], [110.373535, 74.466064], [110.225879, 74.378662], [109.840332, 74.321973], [109.911328, 74.261328], [109.810254, 74.169189], [109.51084, 74.088818], [109.075, 74.032324], [108.199512, 73.694092], [107.76543, 73.625], [107.271094, 73.621045], [106.679395, 73.330664], [106.188672, 73.308008], [105.677148, 72.959277], [105.143945, 72.777051], [105.708203, 72.83667], [106.066699, 72.949854], [106.315039, 73.106396], [106.47793, 73.139404], [107.108789, 73.177295], [107.750391, 73.173145], [108.285352, 73.265869], [108.351465, 73.310205], [109.089941, 73.378418], [109.331055, 73.487451], [109.637109, 73.454004], [109.855273, 73.472461], [110.868164, 73.730713], [110.722363, 73.779932], [110.388281, 73.726025], [109.752734, 73.722559], [109.665625, 73.800244], [109.869141, 73.930615], [110.261426, 74.017432], [111.05625, 73.939355], [111.130859, 74.052832], [111.550586, 74.028516], [111.228125, 73.968555], [111.400391, 73.827734], [112.147266, 73.708936], [112.79541, 73.746094], [112.939648, 73.835645], [112.835938, 73.962061], [113.032813, 73.913867], [113.181543, 73.837402], [113.416211, 73.647607], [113.364453, 73.582764], [113.156934, 73.45957], [113.276953, 73.391504], [113.490918, 73.346094], [113.474609, 73.047852], [113.369336, 72.941895], [113.127832, 72.830664], [113.186133, 72.730176], [113.312207, 72.657373], [113.664551, 72.634521], [113.711914, 72.65415], [113.298145, 72.738867], [113.215527, 72.805859], [113.41748, 72.932178], [113.542773, 73.054346], [113.581445, 73.142236], [113.558887, 73.232617], [113.88623, 73.345801], [113.539453, 73.433643], [113.510352, 73.50498], [113.856934, 73.533398], [114.060547, 73.584668], [114.816016, 73.607178], [115.337695, 73.702588], [116.495508, 73.676074], [117.308594, 73.59917], [118.450195, 73.589795], [118.870898, 73.537891], [118.936426, 73.481201], [118.457031, 73.464404], [118.376563, 73.367236], [118.430273, 73.246533], [118.960352, 73.117285], [119.425293, 73.063965], [119.750391, 72.979102], [120.597949, 72.981104], [120.997168, 72.936719], [121.747852, 72.969678], [121.886035, 72.960889], [122.029785, 72.897217], [122.5375, 72.877783], [122.751953, 72.906494], [122.501953, 72.970654], [122.526758, 73.016699], [123.160352, 72.954883], [123.301172, 73.001807], [123.461621, 73.144189], [123.622266, 73.193262], [123.383887, 73.347314], [123.322656, 73.430811], [123.305078, 73.53291], [123.416211, 73.636865], [123.491113, 73.666357], [123.796875, 73.626758], [124.019043, 73.712305], [124.541211, 73.75127], [125.61709, 73.520605], [125.598535, 73.447412], [126.254492, 73.548193], [126.344922, 73.506299], [126.257422, 73.419775], [126.29248, 73.394189], [126.552539, 73.334912], [126.838477, 73.43418], [126.955176, 73.528223], [127.031348, 73.547461], [127.740332, 73.481543], [127.955078, 73.445557], [128.025684, 73.390771], [128.281445, 73.330566], [128.257812, 73.26748], [128.587012, 73.262402], [128.888672, 73.190234], [128.87168, 73.139355], [128.913379, 73.110596], [129.100586, 73.112354], [129.053711, 73.04541], [128.599023, 72.895166], [129.017285, 72.872461], [129.229102, 72.775732], [129.250391, 72.705176], [128.815332, 72.585889], [128.418262, 72.535156], [128.549414, 72.49585], [129.116602, 72.485742], [129.281348, 72.437695], [129.411719, 72.315479], [129.410645, 72.166309], [129.283496, 72.092041], [128.934961, 72.079492], [128.475195, 72.245557], [127.803418, 72.434033], [127.726074, 72.413184], [127.841406, 72.308252], [128.358789, 72.08833], [128.911426, 71.755322], [129.116602, 71.824609], [129.154199, 71.878662], [129.121582, 71.953223], [129.210254, 71.916943], [129.46084, 71.739307], [129.23418, 71.744824], [128.949023, 71.707568], [128.843262, 71.663477], [128.922656, 71.601758], [129.134277, 71.592871], [129.761914, 71.119531], [130.025977, 71.065381], [130.28125, 70.947314], [130.537109, 70.892529], [130.668457, 70.88833], [130.757129, 70.962354], [130.831934, 70.935889], [130.898047, 70.803564], [131.021582, 70.746094], [131.268262, 70.765527], [131.562012, 70.901025], [131.906445, 71.202637], [132.035352, 71.244043], [131.99082, 71.293213], [132.003711, 71.350195], [132.227637, 71.642773], [132.562305, 71.895313], [132.653906, 71.925977], [132.803613, 71.767578], [133.130859, 71.606689], [133.426172, 71.490967], [133.688867, 71.434229], [134.102832, 71.378955], [134.702734, 71.386816], [134.813867, 71.460596], [135.022363, 71.515039], [135.359375, 71.543506], [135.55918, 71.610352], [136.090332, 71.61958], [137.11582, 71.415674], [137.650586, 71.208154], [137.939648, 71.133398], [137.991699, 71.142725], [137.844043, 71.226807], [138.012695, 71.26084], [138.090625, 71.307422], [138.314063, 71.325537], [137.918359, 71.384082], [137.927344, 71.429785], [138.04834, 71.525977], [138.23418, 71.596338], [138.525195, 71.562744], [138.67002, 71.634814], [138.780176, 71.629004], [139.004883, 71.556055], [139.209375, 71.444775], [139.98418, 71.491504], [139.93877, 71.557666], [139.695117, 71.700439], [139.722949, 71.884961], [139.359277, 71.951367], [139.640234, 71.99834], [139.84707, 72.148584], [140.187695, 72.191309], [139.616992, 72.225684], [139.430469, 72.163477], [139.176367, 72.163477], [139.14082, 72.329736], [139.601172, 72.496094], [140.450586, 72.493115], [141.079297, 72.586914], [140.983203, 72.630029], [140.972852, 72.716992], [140.652344, 72.842822], [140.708105, 72.890039], [140.808203, 72.890967], [141.309766, 72.857715], [141.518359, 72.788672], [142.061426, 72.720801], [143.51582, 72.698242], [145.199316, 72.570215], [146.25293, 72.442236], [146.234766, 72.349707], [144.897461, 72.39624], [144.776367, 72.382275], [144.587598, 72.305518], [144.169238, 72.258789], [144.294922, 72.192627], [144.470703, 72.174756], [145.03916, 72.259863], [146.831836, 72.29541], [146.807031, 72.236572], [146.599219, 72.123535], [146.113281, 71.944971], [146.005859, 71.945459], [146.230273, 72.1375], [146.051465, 72.142285], [145.758594, 72.225879], [145.709668, 72.206348], [145.664062, 72.066992], [145.756738, 72.020654], [145.756738, 71.941309], [145.407227, 71.890137], [145.063965, 71.926074], [145.07373, 71.830859], [144.989648, 71.753369], [145.075586, 71.707373], [145.188574, 71.695801], [145.804785, 71.746484], [146.073242, 71.80835], [146.367969, 71.92207], [146.894727, 72.19751], [147.261816, 72.327881], [148.402051, 72.311963], [149.501563, 72.164307], [149.766211, 72.09126], [149.963086, 71.992188], [150.016895, 71.895654], [149.881055, 71.843018], [149.04873, 71.795752], [148.92334, 71.714648], [149.857129, 71.601465], [150.06084, 71.51084], [150.599805, 71.520117], [150.667773, 71.455225], [150.097656, 71.226562], [150.967773, 71.380469], [151.145313, 71.37373], [151.582422, 71.286963], [152.092773, 71.023291], [151.762012, 70.982471], [152.508789, 70.834473], [153.794141, 70.87998], [154.413965, 70.974463], [155.029492, 71.034229], [155.595898, 71.038623], [155.895215, 71.095508], [157.447363, 71.074512], [158.037012, 71.039258], [158.702148, 70.93501], [159.350684, 70.790723], [159.72793, 70.649658], [159.911816, 70.506104], [160.006445, 70.309668], [159.983398, 70.221387], [159.831445, 70.081445], [159.83916, 69.98999], [159.729395, 69.870215], [159.83252, 69.784961], [160.739453, 69.655176], [160.910742, 69.606348], [161.035547, 69.098193], [161.309863, 68.982275], [161.340625, 68.905176], [161.129004, 68.653857], [160.856055, 68.53833], [161.104492, 68.5625], [161.230176, 68.653906], [161.365137, 68.822998], [161.495313, 68.849854], [161.565625, 68.905176], [161.565625, 69.063965], [161.480078, 69.201709], [161.480078, 69.300098], [161.536914, 69.379541], [162.166016, 69.611572], [163.201367, 69.714746], [163.498047, 69.693262], [163.945996, 69.735156], [164.15957, 69.719287], [164.513281, 69.609131], [165.760742, 69.584424], [165.980469, 69.545996], [166.820312, 69.499561], [167.628125, 69.740332], [167.856836, 69.728223], [168.15, 69.577393], [168.303027, 69.271484], [169.310645, 69.079541], [169.414648, 68.919629], [169.609863, 68.786035], [170.537598, 68.825391], [170.99541, 69.045312], [170.99668, 69.134717], [170.883789, 69.263623], [170.71416, 69.388232], [170.582227, 69.58335], [170.160938, 69.626563], [170.201172, 69.683203], [170.35957, 69.750977], [170.503125, 69.856543], [170.525391, 69.937891], [170.486816, 70.107568], [172.55957, 69.968359], [173.277441, 69.823828], [173.35332, 69.924023], [173.438672, 69.946826], [173.948047, 69.874121], [174.785547, 69.855664], [175.921484, 69.895313], [176.924414, 69.645996], [177.394531, 69.611621], [177.933691, 69.495605], [178.84834, 69.387207], [178.906934, 69.362109], [178.950684, 69.295801], [179.272656, 69.259668], [180.0, 68.983447], [180.0, 65.067236], [179.827344, 65.03418], [179.448242, 64.822021], [179.15, 64.781592], [178.698438, 64.631104], [178.519531, 64.602979], [178.285352, 64.672266], [177.748633, 64.717041], [177.581641, 64.777881], [177.179199, 65.014111], [176.880859, 65.081934], [176.624805, 65.037598], [176.413086, 65.07124], [176.341016, 65.047314], [177.037305, 64.999658], [177.222852, 64.86167], [177.06875, 64.78667], [176.831055, 64.849219], [176.429492, 64.855176], [176.061133, 64.960889], [175.781152, 64.844043], [175.396484, 64.783691], [175.097754, 64.776855], [174.548828, 64.683887], [175.67793, 64.782471], [176.056543, 64.904736], [176.246973, 64.843018], [176.350977, 64.705127], [176.140918, 64.58584], [176.507617, 64.682422], [176.730957, 64.624854], [176.842871, 64.633789], [177.049805, 64.719238], [177.3875, 64.774023], [177.467188, 64.736816], [177.409863, 64.572803], [177.43291, 64.444482], [177.6875, 64.304736], [178.044727, 64.21958], [178.130566, 64.235254], [178.229492, 64.364404], [178.381445, 64.260889], [178.477148, 64.127881], [178.451367, 64.011377], [178.650293, 63.965283], [178.69248, 63.842334], [178.731445, 63.66709], [178.44043, 63.605566], [178.466113, 63.574072], [178.653711, 63.556641], [178.706445, 63.521533], [178.678711, 63.402295], [178.744043, 63.394775], [178.786719, 63.442432], [178.792969, 63.540332], [178.918555, 63.400244], [178.921484, 63.34502], [179.028125, 63.282422], [179.332324, 63.190186], [179.388574, 63.147217], [179.405078, 63.077734], [179.25957, 63.008301], [179.381055, 62.883691], [179.510938, 62.862793], [179.570508, 62.773486], [179.570508, 62.6875], [179.477246, 62.613086], [179.176953, 62.469189], [179.120703, 62.320361], [178.019238, 62.546973], [177.292578, 62.599023], [177.359668, 62.736963], [177.338965, 62.781348], [177.258691, 62.750439], [177.023535, 62.777246], [176.964746, 62.658643], [177.189648, 62.591602], [177.159473, 62.560986], [176.702539, 62.505762], [176.328418, 62.346045], [175.267871, 62.102393], [175.192383, 62.034424], [174.797559, 61.938867], [174.715039, 61.9479], [174.514355, 61.823633], [174.138867, 61.795166], [173.822363, 61.679395], [173.623438, 61.716064], [173.131836, 61.406641], [172.856543, 61.469189], [172.806836, 61.436133], [172.908008, 61.311621], [172.730664, 61.314404], [172.690039, 61.295166], [172.696973, 61.249316], [172.584766, 61.19043], [172.396094, 61.167383], [172.362402, 61.116602], [172.392773, 61.061768], [171.917969, 60.864111], [171.729492, 60.843115], [170.949316, 60.522949], [170.608203, 60.434912], [170.588574, 60.342871], [170.512305, 60.259521], [170.423438, 60.047803], [170.350977, 59.965527], [170.154102, 59.986084], [169.982617, 60.06709], [169.897559, 60.147852], [169.887012, 60.21792], [169.618359, 60.438037], [169.226758, 60.595947], [168.788281, 60.563818], [168.462793, 60.592236], [168.1375, 60.573926], [167.226758, 60.406299], [166.964063, 60.307031], [166.452539, 59.947021], [166.273047, 59.85625], [166.186523, 59.849463], [166.136035, 59.979346], [166.352148, 60.484814], [166.180176, 60.480371], [165.941992, 60.356885], [165.41582, 60.205176], [165.285254, 60.134912], [165.08457, 60.098584], [165.073633, 59.945605], [165.018945, 59.860742], [164.953711, 59.843604], [164.779395, 59.874219], [164.669727, 59.997461], [164.525293, 60.061279], [164.376855, 60.058057], [164.113281, 59.897559], [164.135059, 59.984375], [163.912891, 60.037061], [163.743848, 60.028027], [163.409961, 59.834961], [163.364844, 59.781445], [163.269043, 59.52002], [163.272852, 59.302588], [163.084863, 59.131396], [163.010156, 59.148291], [162.940039, 59.114307], [163.004297, 59.020166], [162.969824, 58.986475], [162.453027, 58.708594], [162.141602, 58.447412], [161.960059, 58.076904], [162.039648, 57.918262], [162.197461, 57.82915], [162.411426, 57.778369], [162.391406, 57.717236], [162.466992, 57.766211], [162.521973, 57.904102], [162.654297, 57.948242], [163.14502, 57.837305], [163.225781, 57.790381], [163.187891, 57.637402], [162.779297, 57.357617], [162.761523, 57.243945], [162.808105, 57.102783], [162.802637, 56.811475], [162.92207, 56.722656], [163.046387, 56.741309], [163.256543, 56.688037], [163.243262, 56.564551], [163.335547, 56.23252], [163.047363, 56.044678], [162.840332, 56.065625], [162.628125, 56.232275], [162.713184, 56.330859], [162.893262, 56.399463], [163.038379, 56.521875], [162.877637, 56.476367], [162.671484, 56.490088], [162.488672, 56.399121], [162.528223, 56.260693], [162.084961, 56.089648], [161.775586, 55.654834], [161.723926, 55.496143], [161.729395, 55.358008], [161.784961, 55.205322], [162.080273, 54.886133], [162.105566, 54.752148], [161.725684, 54.532959], [161.624805, 54.51626], [161.294043, 54.520557], [161.129883, 54.598242], [160.772656, 54.541357], [160.074414, 54.18916], [159.921777, 54.008398], [159.84375, 53.783643], [159.870898, 53.672656], [159.955859, 53.552197], [159.899121, 53.447705], [159.897656, 53.380762], [160.002148, 53.274902], [160.025098, 53.12959], [159.947461, 53.125098], [159.771582, 53.229687], [159.585938, 53.237695], [158.952051, 53.047559], [158.74541, 52.908936], [158.564648, 53.05], [158.47207, 53.032373], [158.432324, 52.957422], [158.560156, 52.922168], [158.608789, 52.873633], [158.480762, 52.62666], [158.493164, 52.383154], [158.331641, 52.090869], [158.103516, 51.809619], [157.823242, 51.605322], [157.530957, 51.479883], [157.489844, 51.408936], [157.202246, 51.212744], [156.747754, 50.969287], [156.670801, 51.226855], [156.543457, 51.311621], [156.521191, 51.380273], [156.489844, 51.913037], [156.364746, 52.509375], [156.228613, 52.62627], [156.110352, 52.866162], [155.950195, 53.744287], [155.706445, 54.521484], [155.563867, 55.199121], [155.554883, 55.348486], [155.716602, 56.072217], [155.98252, 56.695215], [156.06748, 56.781592], [156.728418, 57.152246], [156.848828, 57.290186], [156.976758, 57.466309], [156.948242, 57.615771], [156.791602, 57.747949], [156.829883, 57.779639], [156.985742, 57.830176], [157.216797, 57.776807], [157.450391, 57.799268], [157.666406, 58.019775], [157.974609, 57.985937], [158.210449, 58.025293], [158.275195, 58.008984], [158.321094, 58.083447], [158.449414, 58.162842], [159.210645, 58.519434], [159.591504, 58.803662], [159.847363, 59.127148], [160.350391, 59.394043], [160.547461, 59.547363], [160.855273, 59.626855], [161.218945, 59.845605], [161.449316, 60.027344], [161.753516, 60.152295], [162.068164, 60.466406], [162.713184, 60.659473], [162.973145, 60.78291], [163.352344, 60.800439], [163.709961, 60.916797], [163.553516, 61.025635], [163.619629, 61.111328], [163.893359, 61.240479], [164.005469, 61.343799], [163.972754, 61.419873], [163.804395, 61.461377], [163.882715, 61.640137], [164.019531, 61.710693], [164.067969, 61.873877], [164.074219, 62.04502], [164.207227, 62.292236], [164.59834, 62.470557], [165.124121, 62.411523], [165.208105, 62.373975], [165.213867, 62.448193], [165.417383, 62.44707], [165.396582, 62.493896], [165.044043, 62.516992], [164.792383, 62.571094], [164.566992, 62.675488], [164.418359, 62.704639], [163.331738, 62.550928], [163.244238, 62.455371], [163.302148, 62.372998], [163.163477, 62.25957], [163.118457, 62.15293], [163.131055, 62.049902], [163.017676, 61.891064], [163.009277, 61.791504], [163.257812, 61.699463], [163.085254, 61.570557], [162.993945, 61.544189], [162.92168, 61.597705], [162.855957, 61.705029], [162.752344, 61.711279], [162.699023, 61.652588], [162.392578, 61.662109], [161.037109, 60.962891], [160.766602, 60.75332], [160.482031, 60.739844], [160.173633, 60.638428], [160.225781, 60.831543], [160.378906, 61.025488], [160.184277, 61.047656], [160.004004, 61.007422], [159.883105, 60.943408], [159.79043, 60.956641], [159.949219, 61.128613], [159.883105, 61.291797], [160.246875, 61.647607], [160.317383, 61.793359], [160.309375, 61.894385], [160.18252, 61.902832], [159.552344, 61.719482], [159.29502, 61.91416], [159.189258, 61.929395], [158.547168, 61.810889], [158.333691, 61.825684], [158.070117, 61.753613], [157.799316, 61.795264], [157.469336, 61.798926], [157.08418, 61.675684], [156.680273, 61.480615], [156.629688, 61.272461], [156.055957, 60.995605], [155.85332, 60.777148], [155.716113, 60.682373], [154.970801, 60.37666], [154.578223, 60.09502], [154.440723, 59.883789], [154.293066, 59.83335], [154.268848, 59.658398], [154.149805, 59.528516], [154.272168, 59.475146], [154.58252, 59.540088], [154.971289, 59.449609], [155.166699, 59.360156], [155.160449, 59.190137], [154.82373, 59.187549], [154.703516, 59.141309], [154.458008, 59.216553], [154.24668, 59.108594], [154.010938, 59.075537], [153.695215, 59.224756], [153.361133, 59.214795], [153.272949, 59.091309], [153.077734, 59.081885], [152.882227, 58.939062], [152.817871, 58.92627], [152.575586, 58.954102], [152.319629, 59.030762], [152.165234, 58.997021], [152.087891, 58.910449], [151.70459, 58.866699], [151.326758, 58.875098], [151.121094, 59.08252], [151.50498, 59.164014], [151.990039, 59.160059], [152.260645, 59.223584], [152.169531, 59.27793], [151.942383, 59.284082], [151.798047, 59.323242], [151.485742, 59.524121], [151.348242, 59.561133], [151.033594, 59.585645], [150.823438, 59.460742], [150.615234, 59.506543], [150.483594, 59.494385], [150.667285, 59.556348], [149.642578, 59.77041], [149.424512, 59.760986], [149.065234, 59.630518], [149.20498, 59.488184], [148.925, 59.475], [148.79707, 59.532324], [148.708887, 59.448535], [148.744141, 59.373535], [148.889648, 59.4], [148.964648, 59.369141], [148.914062, 59.282715], [148.72666, 59.25791], [148.491211, 59.262305], [148.257422, 59.414209], [147.874609, 59.388037], [147.687891, 59.290674], [147.514453, 59.268555], [147.040039, 59.365723], [146.803711, 59.372949], [146.537207, 59.456982], [146.444336, 59.430469], [146.273438, 59.221484], [146.049512, 59.170557], [145.931641, 59.198389], [145.829102, 59.330322], [145.756445, 59.37373], [145.55459, 59.413525], [144.483398, 59.37627], [143.86875, 59.411377], [143.523828, 59.343652], [143.192188, 59.370117], [142.580273, 59.240137], [142.025391, 58.999658], [141.754688, 58.745264], [141.60293, 58.649023], [141.34707, 58.528076], [140.987695, 58.416846], [140.790234, 58.303467], [140.684961, 58.212158], [140.446875, 57.813672], [140.002344, 57.6875], [139.861523, 57.549316], [139.619238, 57.455713], [139.506641, 57.358301], [139.181641, 57.261523], [138.965723, 57.088135], [138.662109, 56.965527], [138.217773, 56.629004], [138.073828, 56.433105], [137.691504, 56.139355], [137.572949, 56.112109], [137.384082, 55.974756], [136.793555, 55.694189], [136.460254, 55.576709], [136.175195, 55.352246], [135.750781, 55.160645], [135.540625, 55.11377], [135.2625, 54.943311], [135.211523, 54.84082], [135.257715, 54.731494], [135.851562, 54.583936], [136.797266, 54.620996], [136.82041, 54.452344], [136.77041, 54.35332], [136.683008, 53.931299], [136.718848, 53.804102], [136.802637, 53.781982], [136.886426, 53.839355], [137.155371, 53.82168], [137.258008, 54.025244], [137.096191, 54.128564], [137.141602, 54.182227], [137.377734, 54.282324], [137.666016, 54.283301], [137.513184, 54.156396], [137.339258, 54.100537], [137.622754, 53.970459], [137.834766, 53.946729], [137.786133, 53.90332], [137.644824, 53.86582], [137.516992, 53.70708], [137.221484, 53.579199], [137.253711, 53.546143], [137.738184, 53.560303], [137.950488, 53.603564], [138.25293, 53.726416], [138.378906, 53.909277], [138.52793, 53.959863], [138.568164, 53.947168], [138.569141, 53.818799], [138.292188, 53.592432], [138.249707, 53.524023], [138.450684, 53.537012], [138.660742, 53.744775], [138.699414, 53.869727], [138.715918, 54.222656], [138.657227, 54.29834], [138.695703, 54.32002], [139.319727, 54.192969], [139.707422, 54.277148], [140.178711, 54.051562], [140.241699, 54.001025], [140.34707, 53.812598], [140.687598, 53.596436], [141.005664, 53.49458], [141.015039, 53.454248], [141.217676, 53.334473], [141.37373, 53.292773], [141.402051, 53.183984], [141.32793, 53.097266], [141.18125, 53.015283], [140.839648, 53.087891], [141.086816, 52.897559], [141.255859, 52.840137], [141.24502, 52.550146], [141.132422, 52.435693], [141.169824, 52.368408], [141.485254, 52.178516], [141.385547, 52.057227], [141.366895, 51.920654], [141.258398, 51.860693], [141.129395, 51.727783], [140.932617, 51.619922], [140.838574, 51.41416], [140.687695, 51.232275], [140.670703, 51.051318], [140.520898, 50.800195], [140.476367, 50.545996], [140.535449, 50.130762], [140.624512, 50.082422], [140.462695, 49.911475], [140.464551, 49.825586], [140.511328, 49.76167], [140.517188, 49.596143], [140.308984, 49.053906], [140.37832, 48.964111], [140.224219, 48.772852], [140.170605, 48.523682], [140.113281, 48.422656], [139.372656, 47.887354], [139.001367, 47.383301], [138.586816, 47.057227], [138.391797, 46.745068], [138.336914, 46.543408], [138.210156, 46.462939], [138.106348, 46.250732], [137.685449, 45.818359], [137.425195, 45.63999], [137.146973, 45.393506], [136.803516, 45.171143], [136.460449, 44.822119], [136.251172, 44.666797], [136.142285, 44.489111], [135.874609, 44.373535], [135.533203, 43.971484], [135.483398, 43.83501], [135.260156, 43.684619], [135.131055, 43.525732], [134.010449, 42.947461], [133.709375, 42.829932], [133.586719, 42.828223], [133.159961, 42.696973], [133.059375, 42.722803], [132.996582, 42.808008], [132.863574, 42.79375], [132.708984, 42.87583], [132.576465, 42.871582], [132.481348, 42.909766], [132.303809, 42.883301], [132.334375, 43.238672], [132.30957, 43.313525], [132.028711, 43.118945], [131.947266, 43.09541], [131.866602, 43.095166], [131.89834, 43.170752], [132.013086, 43.280029], [131.938965, 43.301953], [131.794727, 43.255273], [131.516406, 42.996436], [131.393262, 42.822314], [131.29248, 42.772119], [131.158301, 42.626025], [130.756152, 42.673291], [130.709375, 42.656396], [130.83418, 42.522949], [130.729883, 42.325781], [130.636523, 42.274854], [130.45752, 42.301709], [130.235742, 42.183203], [130.179883, 42.096973], [130.007324, 41.991162], [129.876367, 41.805518], [129.756348, 41.712256], [129.686328, 41.594971], [129.682422, 41.494336], [129.758984, 41.391504], [129.76582, 41.303857], [129.712109, 41.123682], [129.741992, 40.932275], [129.708691, 40.857324], [129.341113, 40.726318], [129.245117, 40.661035], [129.109766, 40.491064], [128.701367, 40.317529], [128.610742, 40.1979], [128.304492, 40.035937], [127.98321817482348, 40.0], [121.83605160807512, 40.0], [122.190918, 40.358252], [122.275, 40.541846], [122.178711, 40.602734], [122.14043, 40.688184], [121.858789, 40.84209], [121.834863, 40.974268], [121.729297, 40.846143], [121.174512, 40.90127], [120.770703, 40.589062], [120.479102, 40.230957], [119.88046102645953, 40.0], [52.84039222190186, 40.0], [52.744434, 40.219775], [52.733691, 40.39873], [52.849902, 40.685645], [52.943457, 41.038086], [53.145215, 40.824951], [53.33291, 40.782715], [53.520313, 40.831055], [53.615234, 40.818506], [53.76377, 40.665674], [53.87002, 40.648682], [54.192969, 40.72041], [54.377344, 40.693262], [54.319434, 40.83457], [54.374414, 40.871387], [54.54707, 40.832275], [54.657031, 40.85835], [54.710059, 40.891113], [54.717969, 41.012988], [54.671484, 41.122168], [54.592188, 41.193555], [54.28457, 41.363721], [54.094824, 41.519385], [53.846484, 42.091162], [53.752344, 42.129395], [53.16416, 42.093799], [52.97002, 41.976221], [52.814844, 41.711816], [52.883496, 41.652539], [52.830176, 41.341895], [52.850391, 41.200293], [52.609375, 41.529443], [52.467578, 41.885889], [52.462109, 42.100635], [52.618359, 42.428223], [52.638477, 42.555664], [52.596582, 42.760156], [52.493945, 42.820264], [52.273047, 42.799805], [52.183691, 42.86875], [51.898242, 42.869629], [51.700391, 43.104053], [51.616016, 43.158447], [51.29541, 43.174121], [51.301758, 43.482373], [51.064844, 43.750146], [50.830762, 44.192773], [50.684961, 44.265088], [50.275586, 44.355127], [50.264551, 44.526562], [50.297461, 44.581543], [50.409473, 44.624023], [50.860352, 44.62876], [51.048828, 44.530469], [51.177148, 44.501367], [51.37666, 44.541211], [51.543555, 44.531006], [51.431055, 44.601953], [51.310254, 44.61875], [51.05791, 44.811572], [51.009375, 44.921826], [51.040332, 44.980322], [51.249902, 45.12168], [51.294043, 45.229785], [51.415723, 45.357861], [51.539648, 45.342871], [51.732617, 45.399463], [52.426758, 45.404639], [52.910742, 45.319727], [53.200391, 45.331982], [53.085742, 45.407373], [52.8375, 45.496729], [52.773828, 45.572754], [52.8875, 45.779541], [53.041602, 45.967871], [53.135254, 46.19165], [53.108984, 46.414062], [53.063965, 46.475293], [53.078516, 46.547461], [53.170215, 46.669043], [53.03457, 46.89292], [52.916016, 46.954395], [52.483203, 46.990674], [52.340332, 46.894775], [52.138281, 46.828613], [52.011133, 46.901904], [51.744531, 46.93374], [51.615234, 47.029932], [51.178027, 47.110156], [50.92002, 47.040674], [50.58291, 46.882275], [50.419336, 46.879492], [50.30625, 46.794922], [49.886328, 46.595654], [49.347461, 46.519141], [49.362109, 46.410205], [49.28584, 46.436816], [49.205664, 46.385693], [49.245898, 46.291602], [49.125488, 46.281738], [49.07959, 46.189209], [48.683691, 46.086182], [48.703418, 45.976221], [48.749609, 45.920557], [48.72959, 45.896826], [48.487012, 45.934863], [48.15918, 45.737012], [47.830176, 45.663037], [47.701074, 45.686182], [47.649805, 45.656738], [47.633301, 45.584033], [47.463281, 45.679688], [47.524219, 45.601709], [47.514551, 45.490918], [47.413086, 45.421045], [47.35127, 45.217725], [47.114746, 44.905957], [47.083789, 44.816992], [47.00293, 44.876074], [46.957422, 44.782568], [46.755273, 44.656543], [46.716113, 44.560693], [46.707227, 44.50332], [46.753027, 44.420654], [47.023633, 44.343262], [47.307031, 44.103125], [47.429199, 43.779883], [47.462793, 43.555029], [47.562598, 43.834668], [47.646484, 43.884619], [47.508984, 43.509717], [47.489844, 43.381689], [47.512891, 43.21875], [47.463184, 43.035059], [47.709082, 42.810937], [47.727734, 42.680713], [48.080176, 42.353711], [48.383789, 41.953418], [48.664648, 41.786621], [48.823926, 41.62959], [49.106641, 41.301709], [49.226465, 41.026221], [49.456738, 40.799854], [49.775977, 40.583984], [49.990625, 40.576807], [50.18252, 40.504785], [50.306836, 40.412207], [50.365918, 40.279492], [50.143164, 40.323242], [49.791992, 40.287891], [49.551172, 40.194141], [49.455405153088776, 40.0], [26.218833428276813, 40.0], [26.313379, 40.025], [26.475391, 40.197266], [26.738086, 40.400244], [27.012109, 40.396338], [27.12168, 40.452344], [27.28457, 40.455615], [27.332617, 40.375928], [27.475586, 40.319922], [27.728027, 40.328809], [27.848535, 40.381738], [27.731836, 40.481494], [27.874902, 40.512939], [27.989551, 40.489453], [27.928906, 40.38042], [27.962598, 40.369873], [28.289062, 40.403027], [28.630273, 40.376465], [29.007129, 40.389746], [29.055176, 40.42417], [28.787891, 40.534033], [28.958008, 40.630566], [29.054102, 40.649121], [29.844922, 40.738086], [29.849219, 40.760107], [29.364746, 40.809277], [29.113867, 40.937842], [29.045508, 41.007568], [29.094336, 41.177246], [29.148145, 41.221045], [29.322266, 41.227734], [29.919336, 41.15083], [30.344922, 41.196924], [30.810059, 41.084863], [31.254883, 41.107617], [31.34668, 41.15791], [31.458008, 41.32002], [32.086426, 41.589209], [32.306445, 41.72959], [33.381348, 42.017578], [34.750488, 41.956836], [35.006445, 42.063281], [35.154883, 42.027539], [35.114063, 41.956982], [35.12207, 41.891113], [35.297754, 41.728516], [35.558008, 41.634033], [35.919824, 41.713721], [36.051758, 41.682568], [36.179199, 41.426562], [36.405371, 41.274609], [36.509668, 41.2625], [36.64707, 41.352539], [36.777734, 41.363477], [36.991992, 41.275391], [37.066211, 41.184424], [37.765625, 41.078906], [37.910059, 41.001904], [38.381055, 40.924512], [39.426367, 41.106445], [39.80791, 40.98252], [40.128418, 40.943018], [40.265234, 40.961328], [40.6875, 41.107422], [40.819531, 41.190234], [41.083594, 41.261182], [41.414355, 41.423633], [41.701758, 41.70542], [41.758789, 41.817139], [41.762988, 41.97002], [41.663281, 42.146875], [41.48877, 42.659326], [41.419434, 42.737646], [41.128711, 42.828125], [41.061621, 42.930859], [40.836621, 43.063477], [40.462109, 43.145703], [39.873633, 43.472803], [39.329395, 43.897266], [38.717285, 44.288086], [38.18125, 44.419678], [37.851465, 44.698828], [37.704883, 44.661377], [37.495117, 44.695264], [37.352344, 44.788379], [37.204785, 44.971973], [36.627637, 45.151318], [36.619141, 45.185498], [36.941211, 45.289697], [36.72041, 45.371875], [36.865918, 45.427051], [37.213574, 45.272314], [37.264258, 45.310937], [37.647168, 45.377197], [37.671875, 45.488379], [37.609961, 45.499512], [37.612402, 45.564697], [37.669238, 45.654053], [37.840918, 45.799561], [37.933105, 46.001709], [38.014258, 46.047754], [38.073828, 46.01709], [38.07959, 45.934814], [38.183594, 46.094824], [38.492285, 46.090527], [38.077734, 46.394336], [37.913867, 46.406494], [37.766504, 46.636133], [37.967969, 46.618018], [38.22998, 46.70127], [38.500977, 46.663672], [38.438672, 46.813086], [39.270703, 47.044141], [39.293457, 47.105762], [39.195703, 47.268848], [39.02373, 47.272217], [38.92832, 47.175684], [38.552441, 47.150342], [38.761914, 47.261621], [38.577246, 47.239111], [38.484766, 47.175537], [38.17832, 47.080225], [37.543359, 47.074561], [37.339844, 46.916895], [37.047559, 46.876221], [36.794824, 46.714404], [36.688672, 46.764111], [36.558789, 46.762695], [36.279492, 46.658594], [36.024902, 46.666797], [35.827148, 46.624316], [35.400195, 46.381396], [35.204395, 46.169189], [35.014551, 46.106006], [35.280176, 46.279492], [35.291992, 46.370703], [35.230371, 46.440625], [35.064063, 46.267236], [34.849609, 46.189893], [34.857324, 45.987354], [35.022852, 45.700977], [35.260156, 45.446924], [35.45752, 45.316309], [35.558008, 45.310889], [35.833496, 45.401611], [36.012891, 45.37168], [36.170508, 45.453076], [36.290332, 45.456738], [36.575, 45.393555], [36.450781, 45.232324], [36.393359, 45.065381], [36.229883, 45.025977], [35.870117, 45.005322], [35.677539, 45.102002], [35.472559, 45.098486], [35.357813, 44.978418], [35.154785, 44.896338], [35.087695, 44.802637], [34.716895, 44.807129], [34.469922, 44.72168], [34.281738, 44.538428], [34.074414, 44.423828], [33.909961, 44.387598], [33.655859, 44.433203], [33.450684, 44.553662], [33.612207, 44.907812], [33.555176, 45.097656], [33.39248, 45.187842], [33.261523, 45.170752], [33.186914, 45.194775], [32.918652, 45.348145], [32.772656, 45.358984], [32.611328, 45.328076], [32.508008, 45.403809], [33.142285, 45.749219], [33.280078, 45.765234], [33.664844, 45.94707], [33.594141, 46.09624], [33.429883, 46.057617], [33.202246, 46.175732], [32.476758, 46.083691], [32.035742, 46.260986], [31.83125, 46.281689], [31.77998, 46.324658], [31.991699, 46.364404], [32.008496, 46.42998], [31.713672, 46.471777], [31.554883, 46.554297], [32.361328, 46.474951], [32.578027, 46.615625], [32.354102, 46.564844], [32.127246, 46.597217], [32.044336, 46.64248], [31.944922, 46.784375], [31.964063, 46.854834], [31.939551, 46.981982], [31.838184, 47.157227], [31.75918, 47.212842], [31.912695, 46.926123], [31.872852, 46.649756], [31.77959, 46.631641], [31.532129, 46.664746], [31.563379, 46.777295], [31.40293, 46.628809], [31.136816, 46.624463], [30.796289, 46.552002], [30.656738, 46.266504], [30.511523, 46.105371], [30.219043, 45.866748], [29.821191, 45.73208], [29.685059, 45.754687], [29.628418, 45.722461], [29.601172, 45.6], [29.670313, 45.540674], [29.726953, 45.343311], [29.635352, 44.979639], [29.55752, 44.843408], [29.048242, 44.757568], [29.081055, 44.798828], [29.047754, 44.925684], [29.095313, 44.975049], [28.980664, 44.99292], [28.930566, 44.96582], [28.891504, 44.918652], [28.926172, 44.81001], [28.849023, 44.716309], [28.807031, 44.565039], [28.888184, 44.574756], [28.64541, 44.295654], [28.658594, 43.983838], [28.590723, 43.797412], [28.561816, 43.501318], [28.46543, 43.389307], [28.319629, 43.426855], [28.133691, 43.395605], [27.928906, 43.186133], [27.888867, 42.749707], [27.753711, 42.706543], [27.484766, 42.468066], [27.708203, 42.349951], [27.982715, 42.047412], [28.014453, 41.969043], [27.987305, 41.854883], [28.050293, 41.72915], [28.197852, 41.554492], [28.346387, 41.466357], [29.057227, 41.229736], [28.95625, 41.008203], [28.780371, 40.97417], [28.172168, 41.080713], [27.925195, 40.990576], [27.747363, 41.013281], [27.499414, 40.973145], [27.430176, 40.839941], [27.258008, 40.687354], [26.77207, 40.498047], [26.32998, 40.123389], [26.202734, 40.075391], [26.260156, 40.202393], [26.253809, 40.314697], [26.447461, 40.44502], [26.720313, 40.544238], [26.79209, 40.626611], [26.105469, 40.611328], [26.010742, 40.769141], [25.855664, 40.844092], [25.496777, 40.887793], [25.325293, 40.943115], [25.250098, 40.932812], [25.104492, 40.994727], [24.792969, 40.85752], [24.477051, 40.947754], [24.383789, 40.912744], [24.234375, 40.786133], [24.082324, 40.724072], [23.762793, 40.747803], [23.743262, 40.677002], [23.878906, 40.544385], [23.831934, 40.481543], [23.866797, 40.418555], [24.030566, 40.409326], [24.212793, 40.327783], [24.343359, 40.147705], [24.158789, 40.280029], [23.913184, 40.358789], [23.823438, 40.368018], [23.72793, 40.329736], [23.720508, 40.286279], [23.96748, 40.114551], [23.9855281862527, 40.0], [23.835352, 40.022266], [23.664551, 40.223828], [23.42627, 40.263965], [23.386426, 40.221973], [23.433203, 40.11543], [23.60013160941941, 40.0], [23.388768315663803, 40.0], [23.328223, 40.089941], [23.312012, 40.216455], [22.896484, 40.399902], [22.851367, 40.490625], [22.922266, 40.590869], [22.811426, 40.578613], [22.629492, 40.495557], [22.642676, 40.366602], [22.569336, 40.119336], [22.630230687942184, 40.0], [19.880585600885052, 40.0], [19.851855, 40.043555], [19.48457, 40.209961], [19.322266, 40.40708], [19.440527, 40.375684], [19.45918, 40.405371], [19.3375, 40.663818], [19.46123, 40.933301], [19.480078, 41.236377], [19.440625, 41.424756], [19.497363, 41.562695], [19.575684, 41.64043], [19.577539, 41.7875], [19.468262, 41.856152], [19.342383, 41.869092], [19.186426, 41.948633], [19.122266, 42.060498], [18.894238, 42.249463], [18.63291, 42.378076], [18.645898, 42.442725], [18.51748, 42.43291], [17.823828, 42.797412], [17.584961, 42.837158], [17.258203, 42.968457], [17.04541, 43.014893], [17.219824, 43.025879], [17.723633, 42.850684], [17.329883, 43.114893], [17.129395, 43.211133], [16.903125, 43.392432], [16.393945, 43.543359], [16.131055, 43.506299], [15.985547, 43.519775], [15.942578, 43.568945], [15.941504, 43.656641], [15.499414, 43.908789], [15.18584, 44.172119], [15.122949, 44.256787], [15.284277, 44.288818], [15.470996, 44.271973], [15.269824, 44.383496], [14.981348, 44.60293], [14.895215, 44.706592], [14.906543, 44.971387], [14.85459, 45.081006], [14.550488, 45.297705], [14.312695, 45.337793], [14.236328, 45.159668], [13.96582, 44.835645], [13.860742, 44.837402], [13.629297, 45.108203], [13.517188, 45.481787], [13.783301, 45.627246], [13.62832, 45.770947], [13.558203, 45.770703], [13.465137, 45.709961], [13.206348, 45.771387], [13.030273, 45.6375], [12.497559, 45.46167], [12.432129, 45.46792], [12.536133, 45.544922], [12.491797, 45.546289], [12.274316, 45.446045], [12.225684, 45.241504], [12.286328, 45.207715], [12.39248, 45.039795], [12.523438, 44.967969], [12.463574, 44.845215], [12.384473, 44.79834], [12.278906, 44.832227], [12.24834, 44.72251], [12.30498, 44.429443], [12.396289, 44.223877], [12.691113, 43.994727], [12.907031, 43.921191], [13.295313, 43.686084], [13.56416, 43.571289], [13.804688, 43.180371], [14.010449, 42.689551], [14.182715, 42.506445], [14.540723, 42.244287], [14.866113, 42.052539], [15.16875, 41.934033], [15.40498, 41.913232], [15.964063, 41.939453], [16.164648, 41.896191], [16.18916, 41.814014], [16.15127, 41.758496], [15.91377, 41.62085], [15.900488, 41.512061], [16.012598, 41.4354], [16.551855, 41.232031], [17.103418, 41.062158], [17.474219, 40.840576], [17.95498, 40.655176], [18.036133, 40.564941], [18.328223, 40.37085], [18.460645, 40.221045], [18.48584, 40.104834], [18.42960488438488, 40.0], [18.038828887958786, 40.0], [17.865039, 40.280176], [17.476172, 40.314941], [17.257715, 40.399072], [17.17998, 40.502783], [17.03125, 40.513477], [16.928223, 40.458057], [16.807031, 40.326465], [16.60059070144376, 40.0], [15.67591393097724, 40.0], [15.585156, 40.052832], [15.294531, 40.07002], [14.926953, 40.264746], [14.986133, 40.37749], [14.906934, 40.556055], [14.839551, 40.62998], [14.765723, 40.668408], [14.339941, 40.598828], [14.460547, 40.728711], [14.308887, 40.812646], [14.044336, 40.812256], [14.047656, 40.870312], [13.859766, 41.12998], [13.733398, 41.235645], [13.669727, 41.254492], [13.554785, 41.232178], [13.246875, 41.288867], [13.088672, 41.243848], [12.849219, 41.40874], [12.630859, 41.469678], [12.075293, 41.940869], [11.807031, 42.082031], [11.637305, 42.287549], [11.296289, 42.423291], [11.141211, 42.389893], [11.103223, 42.416602], [11.184766, 42.456592], [11.167773, 42.535156], [10.937793, 42.738721], [10.803125, 42.804297], [10.708398, 42.936328], [10.514844, 42.967529], [10.520801, 43.203809], [10.447559, 43.371191], [10.320508, 43.513086], [10.245801, 43.8521], [10.188086, 43.94751], [10.047656, 44.019971], [9.730859, 44.101172], [9.289355, 44.319238], [8.76582, 44.422314], [8.551953, 44.346143], [8.00498, 43.876758], [7.261523, 43.696094], [6.716602, 43.373584], [6.657227, 43.26167], [6.570215, 43.199072], [6.115918, 43.072363], [6.030566, 43.100977], [5.809473, 43.0979], [5.671582, 43.177832], [5.406543, 43.228516], [5.320215, 43.344922], [5.073145, 43.366602], [5.059766, 43.444531], [4.712109, 43.373291], [4.224219, 43.479639], [4.052637, 43.593066], [3.91084, 43.563086], [3.784766, 43.461621], [3.258887, 43.193213], [3.051758, 42.915137], [3.090918, 42.590869], [3.306738, 42.288965], [3.166406, 42.256494], [3.150391, 42.162451], [3.238086, 42.082227], [3.248047, 41.944238], [3.004883, 41.767432], [2.310938, 41.466504], [2.082617, 41.287402], [1.03291, 41.062061], [0.714648, 40.822852], [0.796094, 40.803809], [0.891113, 40.722363], [0.85918, 40.68623], [0.596094, 40.614502], [0.363672, 40.319043], [0.03110666605330524, 40.0], [-8.902990030150754, 40.0], [-8.837842, 40.115674], [-8.886621, 40.179443], [-8.772412, 40.605664], [-8.684619, 40.752539], [-8.655566, 41.029492], [-8.805664, 41.56001], [-8.81084, 41.651953], [-8.75542, 41.698389], [-8.846387, 41.705176], [-8.887598, 41.7646], [-8.878223, 41.83208], [-8.777148, 41.941064], [-8.87832, 41.946875], [-8.887207, 42.105273], [-8.690918, 42.27417], [-8.81582, 42.285254], [-8.809961, 42.334473], [-8.730029, 42.411719], [-8.812109, 42.470068], [-8.811523, 42.640332], [-9.033105, 42.593848], [-9.035059, 42.662354], [-8.927197, 42.798584], [-9.041602, 42.814014], [-9.235205, 42.976904], [-9.178076, 43.174023], [-8.873682, 43.334424], [-8.665625, 43.316602], [-8.355469, 43.396826], [-8.248926, 43.439404], [-8.288867, 43.5396], [-8.256738, 43.579883], [-8.004687, 43.694385], [-7.852734, 43.706982], [-7.698145, 43.764551], [-7.59458, 43.727344], [-7.503613, 43.739941], [-7.261963, 43.594629], [-7.060986, 43.553955], [-6.900684, 43.585645], [-6.080127, 43.594922], [-5.84668, 43.645068], [-5.66582, 43.582471], [-5.315723, 43.553174], [-4.523047, 43.415723], [-4.312793, 43.414746], [-3.889355, 43.499414], [-3.774023, 43.477881], [-3.604639, 43.519482], [-3.045605, 43.371582], [-2.875049, 43.454443], [-2.60708, 43.412744], [-2.337109, 43.328027], [-1.991309, 43.345068], [-1.631445, 43.438037], [-1.484863, 43.56377], [-1.345996, 44.020215], [-1.245508, 44.559863], [-1.170801, 44.661816], [-1.076953, 44.689844], [-1.152881, 44.764014], [-1.245215, 44.666699], [-1.189062, 45.161475], [-1.081006, 45.532422], [-0.826318, 45.380664], [-0.76665, 45.314355], [-0.691113, 45.093457], [-0.548486, 45.000586], [-0.641113, 45.090186], [-0.733105, 45.384619], [-0.790771, 45.468018], [-1.195996, 45.714453], [-1.209961, 45.770898], [-1.031738, 45.741064], [-1.104395, 45.925342], [-1.146289, 46.311377], [-1.39248, 46.350098], [-1.786523, 46.514844], [-2.09248, 46.865039], [-2.018896, 47.037646], [-2.081934, 47.111621], [-2.19707, 47.162939], [-2.148584, 47.223926], [-2.108301, 47.262939], [-2.027588, 47.273584], [-1.742529, 47.215967], [-1.975391, 47.310693], [-2.353027, 47.27876], [-2.503125, 47.312061], [-2.530029, 47.381592], [-2.427686, 47.470898], [-2.554053, 47.527051], [-2.770312, 47.513867], [-2.796777, 47.537256], [-2.733105, 47.601807], [-2.787207, 47.625537], [-2.964062, 47.601074], [-3.064209, 47.621338], [-3.158838, 47.694678], [-3.443945, 47.711035], [-3.507812, 47.753125], [-3.900928, 47.837549], [-4.312109, 47.8229], [-4.427979, 47.968945], [-4.678809, 48.039502], [-4.629199, 48.085791], [-4.377832, 48.128809], [-4.329443, 48.169971], [-4.512207, 48.229736], [-4.577148, 48.290039], [-4.241406, 48.303662], [-4.393164, 48.367627], [-4.719385, 48.363135], [-4.7625, 48.450244], [-4.720752, 48.539893], [-4.531201, 48.619971], [-4.058887, 48.70752], [-3.714795, 48.710498], [-3.471484, 48.812939], [-3.231445, 48.84082], [-3.003223, 48.790674], [-2.692334, 48.536816], [-2.446191, 48.648291], [-2.079443, 48.64502], [-2.003711, 48.58208], [-1.905713, 48.697119], [-1.824707, 48.630518], [-1.376465, 48.652588], [-1.480469, 48.697607], [-1.565479, 48.805518], [-1.583105, 49.202393], [-1.813428, 49.490137], [-1.870068, 49.595117], [-1.856445, 49.683789], [-1.588232, 49.667676], [-1.365723, 49.707275], [-1.258643, 49.680176], [-1.232275, 49.494873], [-1.138525, 49.387891], [-0.520898, 49.354541], [-0.163477, 49.296777], [0.136133, 49.401514], [0.416895, 49.448389], [0.439258, 49.473193], [0.277637, 49.463281], [0.129395, 49.508447], [0.109375, 49.55752], [0.186719, 49.703027], [0.616211, 49.862939], [1.245508, 49.998242], [1.407227, 50.088525], [1.592773, 50.252197], [1.551563, 50.293945], [1.579492, 50.739258], [1.672266, 50.88501], [1.767676, 50.935693], [1.9125, 50.990625], [2.445703, 51.066504], [2.960156, 51.26543], [3.425781, 51.393506], [3.883398, 51.354492], [4.011035, 51.395947], [4.111523, 51.360645], [4.226172, 51.386475], [4.006543, 51.443213], [3.821875, 51.409375], [3.586914, 51.453906], [3.448926, 51.540771], [3.548633, 51.589111], [3.743945, 51.596045], [3.886035, 51.574219], [4.141309, 51.455762], [4.274121, 51.471631], [4.004785, 51.59585], [4.182617, 51.610303], [3.946875, 51.810547], [4.026074, 51.927734], [4.482813, 52.30918], [4.562109, 52.442578], [4.67832, 52.809766], [4.76875, 52.941309], [4.887988, 52.90835], [5.06123, 52.960645], [5.358398, 53.096484], [5.445996, 53.214062], [5.532031, 53.268701], [6.062207, 53.40708], [6.816211, 53.441162], [6.968164, 53.327295], [7.197266, 53.282275], [7.05332, 53.37583], [7.107129, 53.556982], [7.206445, 53.654541], [7.629199, 53.697266], [8.009277, 53.690723], [8.16709, 53.543408], [8.108496, 53.467676], [8.200781, 53.432422], [8.245215, 53.445312], [8.333887, 53.606201], [8.492676, 53.514355], [8.495215, 53.394238], [8.538477, 53.556885], [8.50625, 53.670752], [8.528418, 53.781104], [8.618945, 53.875], [8.897754, 53.835693], [9.205566, 53.855957], [9.321973, 53.813477], [9.585352, 53.600488], [9.783984, 53.554639], [9.63125, 53.600195], [9.312012, 53.859131], [8.978125, 53.926221], [8.903516, 54.000293], [8.906641, 54.260791], [8.780371, 54.313037], [8.644922, 54.294971], [8.625781, 54.353955], [8.648047, 54.397656], [8.951855, 54.467578], [8.957227, 54.53833], [8.682324, 54.791846], [8.661426, 54.985937], [8.572949, 55.134277], [8.669824, 55.155664], [8.615918, 55.418213], [8.132129, 55.599805], [8.202344, 55.982373], [8.121484, 56.139893], [8.163965, 56.606885], [8.281445, 56.616699], [8.55293, 56.560303], [8.67168, 56.495654], [8.718066, 56.544287], [8.736133, 56.627441], [8.888086, 56.735059], [9.06709, 56.793848], [9.196387, 56.70166], [9.254883, 57.011719], [9.110449, 57.043652], [8.992773, 57.016113], [8.771973, 56.725293], [8.468359, 56.664551], [8.268262, 56.754004], [8.284082, 56.852344], [8.618555, 57.111279], [9.433594, 57.174316], [9.554297, 57.232471], [9.962305, 57.580957], [10.259082, 57.617041], [10.533301, 57.7354], [10.609961, 57.736914], [10.480957, 57.648682], [10.444629, 57.562207], [10.537109, 57.448535], [10.524121, 57.243213], [10.296094, 56.999121], [10.282715, 56.620508], [10.490234, 56.520508], [10.845898, 56.521729], [10.926172, 56.443262], [10.856445, 56.295508], [10.753418, 56.241992], [10.538965, 56.200342], [10.426953, 56.276172], [10.31875, 56.212891], [10.183008, 55.865186], [10.017383, 55.876074], [9.903711, 55.842822], [10.023633, 55.761426], [9.591113, 55.493213], [9.670996, 55.266406], [9.643262, 55.204736], [9.504785, 55.11626], [9.453711, 55.039551], [9.572363, 55.040527], [9.688184, 55.000146], [9.732324, 54.968018], [9.705273, 54.92832], [9.745898, 54.807178], [9.892285, 54.780615], [10.022168, 54.673926], [10.028809, 54.581299], [9.868652, 54.472461], [10.143457, 54.488428], [10.212402, 54.408936], [10.360449, 54.43833], [10.731543, 54.31626], [11.013379, 54.37915], [11.064355, 54.280518], [11.008594, 54.181152], [10.810742, 54.075146], [10.85459, 54.009814], [11.104297, 54.00918], [11.399609, 53.944629], [11.796289, 54.145459], [12.111328, 54.168311], [12.575391, 54.467383], [13.028613, 54.411035], [13.147461, 54.282715], [13.448047, 54.140869], [13.724219, 54.153223], [13.822266, 54.019043], [13.865527, 53.853369], [13.950391, 53.801367], [14.583496, 53.639355], [14.552148, 53.707324], [14.558398, 53.823193], [13.925781, 53.879053], [13.902148, 53.938965], [13.92168, 53.996631], [13.827148, 54.05957], [13.827734, 54.127246], [14.249316, 53.931934], [14.38418, 53.924707], [15.288379, 54.139893], [16.186328, 54.290381], [16.559766, 54.553809], [16.885449, 54.596387], [17.261914, 54.729541], [18.085645, 54.83584], [18.323438, 54.838184], [18.759277, 54.68457], [18.799609, 54.63335], [18.43623, 54.744727], [18.669629, 54.430908], [18.836426, 54.36958], [18.97627, 54.348926], [19.407129, 54.386084], [19.560156, 54.434619], [19.858887, 54.633838], [19.944141, 54.75], [19.974512, 54.921191], [20.107617, 54.956494], [20.39668, 54.95127], [20.520313, 54.994873], [20.678906, 55.102637], [21.014063, 55.401953], [21.114844, 55.616504], [21.103906, 55.487744], [21.031738, 55.350488], [20.594824, 54.982373], [20.8875, 54.909473], [21.188867, 54.935205], [21.236328, 55.271191], [21.201074, 55.343799], [21.237891, 55.455029], [21.061914, 55.813428], [21.014941, 56.258936], [21.031445, 56.636572], [21.071289, 56.82373], [21.350781, 57.017676], [21.45918, 57.322461], [21.728711, 57.570996], [22.55459, 57.724268], [22.648633, 57.595361], [23.136816, 57.323828], [23.287305, 57.089746], [23.647754, 56.971045], [23.931152, 57.008496], [24.28125, 57.172314], [24.382617, 57.250049], [24.403223, 57.325], [24.362988, 57.645312], [24.301563, 57.784131], [24.332031, 57.909766], [24.463867, 58.105957], [24.4875, 58.261621], [24.549707, 58.30459], [24.529102, 58.354248], [24.336914, 58.381396], [24.235645, 58.289551], [24.114844, 58.266113], [23.767578, 58.36084], [23.706055, 58.433008], [23.691504, 58.505615], [23.562793, 58.57583], [23.509277, 58.658545], [23.530664, 58.71626], [23.680762, 58.787158], [23.503613, 58.789844], [23.432031, 58.920654], [23.515039, 58.999219], [23.467773, 59.032178], [23.516992, 59.107568], [23.494434, 59.195654], [23.78252, 59.275146], [24.083398, 59.291895], [24.053613, 59.372314], [24.175391, 59.375928], [24.380371, 59.472656], [24.583594, 59.455664], [24.877539, 59.52207], [25.44375, 59.521143], [25.520898, 59.559473], [25.509277, 59.639014], [26.625, 59.553906], [26.974707, 59.450635], [27.892578, 59.414209], [28.001855, 59.469824], [28.063965, 59.554004], [28.013965, 59.724756], [28.058008, 59.781543], [28.131152, 59.786523], [28.2125, 59.724658], [28.33457, 59.692529], [28.42373, 59.734082], [28.453906, 59.814258], [28.518164, 59.849561], [28.747656, 59.806689], [28.947266, 59.82876], [29.147266, 59.999756], [29.669727, 59.955664], [30.122559, 59.873584], [30.172656, 59.957129], [29.976758, 60.026367], [29.872266, 60.12085], [29.721191, 60.195312], [29.069141, 60.191455], [28.812695, 60.331543], [28.643164, 60.375293], [28.491602, 60.540137], [28.622461, 60.491602], [28.650586, 60.610986], [28.512793, 60.677295], [28.179297, 60.570996], [27.761621, 60.532861], [27.462402, 60.464844], [27.205273, 60.543457], [26.951172, 60.471484], [26.534668, 60.412891], [26.519727, 60.471582], [26.606445, 60.62793], [26.569336, 60.624561], [26.456445, 60.466797], [26.377734, 60.424072], [26.204688, 60.406592], [26.036035, 60.474902], [25.955957, 60.474219], [26.03584, 60.341504], [25.945898, 60.346777], [25.758008, 60.267529], [25.71543, 60.267432], [25.656445, 60.333203], [25.455762, 60.26123], [25.267871, 60.24834], [25.155859, 60.194092], [24.600488, 60.114258], [24.445605, 60.021289], [24.342578, 60.042334], [23.721777, 59.965674], [23.463574, 59.98623], [23.181445, 59.844922], [23.021289, 59.816016], [22.963867, 59.826367], [23.188477, 59.972217], [23.198438, 60.021826], [22.994141, 60.098535], [22.911719, 60.209717], [22.86709, 60.21582], [22.819141, 60.101367], [22.749805, 60.057275], [22.462695, 60.029199], [22.438574, 60.090283], [22.471094, 60.146973], [22.442676, 60.156885], [22.469727, 60.201318], [22.589941, 60.228369], [22.587988, 60.255664], [22.512305, 60.281348], [22.584961, 60.380566], [22.25791, 60.400928], [21.854297, 60.50542], [21.805273, 60.594141], [21.613281, 60.530957], [21.436035, 60.596387], [21.360547, 60.96748], [21.377734, 61.059229], [21.479102, 61.170508], [21.513477, 61.281201], [21.506641, 61.484326], [21.565039, 61.484326], [21.498242, 61.551953], [21.605957, 61.591553], [21.384863, 61.914941], [21.255957, 61.989648], [21.353711, 62.223828], [21.343359, 62.277393], [21.323438, 62.342578], [21.165625, 62.414062], [21.103613, 62.622949], [21.143848, 62.73999], [21.45752, 62.95], [21.473535, 63.033252], [21.650977, 63.039307], [21.568652, 63.113721], [21.545117, 63.204297], [21.800391, 63.237695], [21.895703, 63.210254], [22.319727, 63.310449], [22.243262, 63.437939], [22.345996, 63.442383], [22.318652, 63.504395], [22.398047, 63.491162], [22.527637, 63.57998], [22.532324, 63.647852], [22.75625, 63.68335], [23.493945, 64.034473], [23.598926, 64.040918], [23.65293, 64.13418], [23.924805, 64.274121], [24.022266, 64.385986], [24.27832, 64.515283], [24.530176, 64.738672], [24.55791, 64.801025], [24.942188, 64.884033], [25.288184, 64.860352], [25.280762, 64.916406], [25.228027, 64.951025], [25.372656, 65.009473], [25.340234, 65.098633], [25.255859, 65.143262], [25.347852, 65.479248], [25.241797, 65.546289], [24.839355, 65.660352], [24.674902, 65.670703], [24.581543, 65.757129], [24.628027, 65.85918], [24.404297, 65.780469], [24.2375, 65.812354], [23.890527, 65.782227], [23.691406, 65.828516], [23.221094, 65.786133], [23.102344, 65.735352], [22.746582, 65.870947], [22.538574, 65.794336], [22.400977, 65.862109], [22.287598, 65.750635], [22.254004, 65.597559], [22.08623, 65.610938], [22.147559, 65.552881], [21.920117, 65.532373], [21.903125, 65.50835], [21.95, 65.470361], [21.87959, 65.424023], [21.565527, 65.408105], [21.523438, 65.358594], [21.612695, 65.299121], [21.60918, 65.261377], [21.410352, 65.317432], [21.545996, 65.206982], [21.573926, 65.125781], [21.195898, 64.876904], [21.138184, 64.808691], [21.279297, 64.724707], [21.393848, 64.544336], [21.519629, 64.463086], [21.465039, 64.37959], [21.018457, 64.177979], [20.762695, 63.867822], [20.204688, 63.662451], [19.913672, 63.610547], [19.781641, 63.538184], [19.72207, 63.46333], [19.502344, 63.509033], [19.494629, 63.424365], [19.354297, 63.47749], [19.236328, 63.347363], [19.034375, 63.237744], [18.816699, 63.257471], [18.792285, 63.238135], [18.858984, 63.206592], [18.606445, 63.178271], [18.530664, 63.063525], [18.344238, 63.032129], [18.312891, 62.996387], [18.502051, 62.988867], [18.463086, 62.89585], [18.248047, 62.849072], [18.17002, 62.789355], [18.074414, 62.790674], [18.093555, 62.836035], [17.951074, 62.833887], [17.906641, 62.886768], [17.87959, 62.873193], [17.974414, 62.721045], [17.903027, 62.659473], [18.037305, 62.600537], [17.834473, 62.502734], [17.717773, 62.500879], [17.646387, 62.450879], [17.410254, 62.508398], [17.378418, 62.462793], [17.429004, 62.334717], [17.633691, 62.233008], [17.510156, 62.166309], [17.374512, 61.866309], [17.46543, 61.684473], [17.196387, 61.724561], [17.215625, 61.656348], [17.130762, 61.575732], [17.164258, 61.458301], [17.137988, 61.381689], [17.199609, 61.311963], [17.163867, 61.278271], [17.20293, 60.951855], [17.278906, 60.812158], [17.250977, 60.700781], [17.359863, 60.64082], [17.593066, 60.627686], [17.661133, 60.535156], [17.955762, 60.589795], [18.011328, 60.511426], [18.1625, 60.40791], [18.4, 60.337109], [18.55752, 60.253564], [18.535449, 60.152881], [18.787012, 60.079492], [18.933203, 59.942285], [18.99043, 59.827783], [18.970508, 59.757227], [18.276465, 59.437646], [18.163574, 59.430371], [17.964258, 59.359375], [17.979785, 59.329053], [18.132617, 59.316211], [18.508887, 59.407959], [18.617578, 59.327051]]]}}, {"type": "Feature", "properties": {"kind": "land"}, "geometry": {"type": "Polygon", "coordinates": [[[164.202148, 59.096191], [164.517383, 59.226758], [164.572656, 59.221143], [164.661621, 58.970752], [164.615723, 58.885596], [164.278809, 58.838086], [163.960059, 58.74375], [163.471387, 58.509375], [163.447266, 58.524658], [163.427246, 58.578955], [163.576758, 58.640869], [163.726562, 58.798535], [163.784473, 58.929736], [163.760938, 59.015039], [164.202148, 59.096191]]]}}, {"type": "Feature", "properties": {"kind": "land"}, "geometry": {"type": "Polygon", "coordinates": [[[150.471777, 59.034766], [150.666211, 59.160156], [150.727734, 59.095215], [150.589941, 59.01875], [150.511133, 59.007422], [150.471777, 59.034766]]]}}, {"type": "Feature", "properties": {"kind": "land"}, "geometry": {"type": "Polygon", "coordinates": [[[161.110742, 69.469824], [161.505176, 69.639453], [161.617773, 69.592432], [161.609277, 69.500928], [161.540332, 69.436523], [161.374414, 69.413672], [161.350879, 69.369336], [161.394238, 69.106445], [161.494727, 69.016016], [161.506738, 68.927588], [161.422461, 68.899658], [161.461133, 68.995605], [161.136523, 69.110254], [161.125488, 69.197021], [161.164551, 69.333594], [161.082813, 69.405664], [161.110742, 69.469824]]]}}, {"type": "Feature", "properties": {"kind": "land"}, "geometry": {"type": "Polygon", "coordinates": [[[168.196289, 70.008398], [168.35791, 70.015674], [169.374805, 69.882617], [169.433594, 69.832178], [169.418164, 69.779199], [169.332422, 69.76958], [169.299121, 69.734766], [169.245801, 69.601123], [168.915723, 69.571436], [168.348047, 69.664355], [167.788867, 69.836865], [167.864746, 69.901074], [168.196289, 70.008398]]]}}, {"type": "Feature", "properties": {"kind": "land"}, "geometry": {"type": "Polygon", "coordinates": [[[160.504785, 70.819727], [160.436914, 70.851025], [160.448535, 70.934033], [160.56582, 70.923779], [160.718945, 70.822705], [160.504785, 70.819727]]]}}, {"type": "Feature", "properties": {"kind": "land"}, "geometry": {"type": "Polygon", "coordinates": [[[179.547656, 71.447656], [180.0, 71.537744], [180.0, 70.993018], [179.647656, 70.898926], [179.152539, 70.880273], [178.792578, 70.82207], [178.62832, 71.047363], [178.891113, 71.231104], [179.547656, 71.447656]]]}}, {"type": "Feature", "properties": {"kind": "land"}, "geometry": {"type": "Polygon", "coordinates": [[[137.081836, 71.542725], [137.281836, 71.579932], [137.816797, 71.587891], [137.959863, 71.507666], [137.711816, 71.423242], [137.457813, 71.483496], [137.265527, 71.455908], [137.078711, 71.502197], [137.081836, 71.542725]]]}}, {"type": "Feature", "properties": {"kind": "land"}, "geometry": {"type": "Polygon", "coordinates": [[[120.00791, 73.044873], [119.79209, 73.04541], [119.64043, 73.124316], [119.964453, 73.167676], [120.261328, 73.089844], [120.00791, 73.044873]]]}}, {"type": "Feature", "properties": {"kind": "land"}, "geometry": {"type": "Polygon", "coordinates": [[[143.193262, 73.220752], [141.59668, 73.31084], [140.662793, 73.452002], [139.925098, 73.355225], [139.785547, 73.355225], [139.685547, 73.425732], [140.380664, 73.483008], [140.593555, 73.564551], [140.883789, 73.777539], [141.084766, 73.865869], [141.931836, 73.914941], [142.184863, 73.895898], [142.63916, 73.803076], [143.34375, 73.56875], [143.463965, 73.458887], [143.491309, 73.246436], [143.193262, 73.220752]]]}}, {"type": "Feature", "properties": {"kind": "land"}, "geometry": {"type": "Polygon", "coordinates": [[[124.481738, 73.8479], [124.366406, 73.874609], [124.336523, 73.928369], [124.547656, 73.933838], [124.65293, 73.888037], [124.481738, 73.8479]]]}}, {"type": "Feature", "properties": {"kind": "land"}, "geometry": {"type": "Polygon", "coordinates": [[[136.25918, 73.984961], [136.197461, 73.913623], [136.12168, 73.88501], [135.402441, 74.201709], [135.387012, 74.253369], [135.62832, 74.219922], [136.036816, 74.090332], [136.25918, 73.984961]]]}}, {"type": "Feature", "properties": {"kind": "land"}, "geometry": {"type": "Polygon", "coordinates": [[[83.618359, 74.089453], [83.410645, 74.039551], [82.817773, 74.091602], [82.90293, 74.128906], [83.149805, 74.151611], [83.618359, 74.089453]]]}}, {"type": "Feature", "properties": {"kind": "land"}, "geometry": {"type": "Polygon", "coordinates": [[[141.038574, 74.242725], [141.097461, 74.167822], [141.010254, 73.999463], [140.507227, 73.918652], [140.409473, 73.92168], [140.183203, 74.00459], [140.101562, 74.184277], [140.193555, 74.236719], [140.407422, 74.266455], [140.849219, 74.273779], [141.038574, 74.242725]]]}}, {"type": "Feature", "properties": {"kind": "land"}, "geometry": {"type": "Polygon", "coordinates": [[[82.612793, 74.056445], [82.381543, 74.099219], [82.329395, 74.131104], [82.525586, 74.161426], [82.709961, 74.090869], [82.612793, 74.056445]]]}}, {"type": "Feature", "properties": {"kind": "land"}, "geometry": {"type": "Polygon", "coordinates": [[[112.195801, 74.14624], [111.642969, 74.272949], [111.503418, 74.353076], [111.879785, 74.363818], [111.949219, 74.38877], [112.007617, 74.526758], [112.084473, 74.548975], [112.951758, 74.47959], [113.28623, 74.441016], [113.387207, 74.400439], [113.258887, 74.272705], [112.977637, 74.196826], [112.782422, 74.095068], [112.195801, 74.14624]]]}}, {"type": "Feature", "properties": {"kind": "land"}, "geometry": {"type": "Polygon", "coordinates": [[[84.389453, 74.454443], [84.679883, 74.512354], [84.872852, 74.515527], [84.758984, 74.459424], [84.710449, 74.399805], [84.389453, 74.454443]]]}}, {"type": "Feature", "properties": {"kind": "land"}, "geometry": {"type": "Polygon", "coordinates": [[[86.330664, 74.938965], [86.605469, 74.992822], [86.737109, 74.962988], [87.000586, 74.991943], [87.124316, 74.939893], [86.927148, 74.830762], [86.390527, 74.850879], [86.258594, 74.893506], [86.330664, 74.938965]]]}}, {"type": "Feature", "properties": {"kind": "land"}, "geometry": {"type": "Polygon", "coordinates": [[[148.892188, 75.228125], [149.083203, 75.262061], [150.103906, 75.219238], [150.530566, 75.099854], [150.690332, 75.155322], [150.822363, 75.156543], [150.646289, 74.94458], [150.580273, 74.918945], [149.838086, 74.795312], [149.050195, 74.772461], [148.092383, 74.825684], [147.626855, 74.958936], [147.144043, 74.998437], [146.70332, 75.114209], [146.148535, 75.198291], [146.186133, 75.295557], [146.342969, 75.480908], [146.438477, 75.558203], [146.5375, 75.581787], [146.750977, 75.510449], [146.748242, 75.428662], [146.795215, 75.370752], [147.060352, 75.364307], [147.496973, 75.440527], [148.432422, 75.413525], [148.508887, 75.387451], [148.518848, 75.336475], [148.475, 75.272412], [148.590137, 75.236377], [148.892188, 75.228125]]]}}, {"type": "Feature", "properties": {"kind": "land"}, "geometry": {"type": "Polygon", "coordinates": [[[140.944141, 75.700488], [140.925781, 75.866846], [140.985352, 75.964502], [141.485449, 76.137158], [141.742285, 76.108057], [142.669531, 75.863428], [143.185156, 75.813623], [143.68584, 75.863672], [145.255273, 75.585596], [145.359961, 75.530469], [145.023438, 75.489746], [144.726758, 75.365576], [144.883496, 75.268945], [144.407813, 75.102295], [144.019727, 75.044678], [143.170313, 75.116895], [142.820117, 75.267822], [142.729492, 75.337646], [142.699609, 75.448877], [142.734473, 75.54458], [142.986035, 75.633252], [143.002441, 75.659863], [142.941797, 75.713281], [142.551563, 75.720898], [142.30791, 75.691699], [142.08623, 75.660645], [142.198828, 75.392676], [142.616797, 75.133252], [142.929688, 75.062402], [143.12793, 74.970313], [142.778223, 74.867773], [142.472754, 74.82041], [142.287402, 74.849902], [141.987305, 74.99126], [140.267871, 74.846924], [139.68125, 74.964062], [139.548047, 74.904053], [139.430078, 74.749219], [139.325586, 74.686816], [139.099121, 74.656543], [138.092285, 74.797461], [137.683008, 75.008545], [137.217969, 75.12373], [137.00625, 75.23501], [136.947656, 75.325537], [136.982422, 75.365332], [137.289746, 75.348633], [137.215234, 75.554395], [137.268848, 75.749414], [137.358496, 75.781641], [137.706543, 75.75957], [137.501172, 75.909668], [137.625391, 75.988184], [137.977051, 76.027783], [138.207617, 76.114941], [138.813965, 76.199707], [138.919531, 76.196729], [139.10918, 76.10835], [139.743359, 75.953076], [140.04873, 75.828955], [140.389063, 75.79585], [140.496289, 75.689795], [140.602148, 75.643945], [140.815918, 75.630713], [140.944141, 75.700488]]]}}, {"type": "Feature", "properties": {"kind": "land"}, "geometry": {"type": "Polygon", "coordinates": [[[135.698633, 75.845264], [135.904785, 75.694385], [136.168945, 75.605566], [135.983398, 75.521924], [135.965137, 75.486133], [136.020508, 75.438379], [135.948633, 75.40957], [135.451953, 75.389551], [135.473047, 75.463232], [135.592676, 75.576465], [135.56123, 75.636475], [135.613867, 75.766309], [135.698633, 75.845264]]]}}, {"type": "Feature", "properties": {"kind": "land"}, "geometry": {"type": "Polygon", "coordinates": [[[152.558594, 76.143604], [152.799414, 76.194824], [152.885938, 76.121729], [152.786328, 76.085791], [152.558594, 76.143604]]]}}, {"type": "Feature", "properties": {"kind": "land"}, "geometry": {"type": "Polygon", "coordinates": [[[95.311133, 76.214746], [95.32207, 76.261621], [95.379883, 76.289062], [95.594434, 76.249609], [95.78623, 76.293896], [96.150977, 76.271875], [96.270703, 76.305371], [96.613965, 76.263818], [96.589648, 76.22124], [96.350781, 76.212158], [96.300586, 76.121729], [95.311133, 76.214746]]]}}, {"type": "Feature", "properties": {"kind": "land"}, "geometry": {"type": "Polygon", "coordinates": [[[97.045313, 76.315381], [96.974219, 76.236523], [96.797852, 76.188428], [96.739355, 76.206934], [96.740234, 76.257861], [96.835254, 76.344824], [96.990234, 76.343408], [97.045313, 76.315381]]]}}, {"type": "Feature", "properties": {"kind": "land"}, "geometry": {"type": "Polygon", "coordinates": [[[112.531641, 76.450049], [111.968945, 76.626172], [112.281445, 76.618359], [112.394141, 76.643799], [112.63252, 76.552979], [112.66084, 76.50957], [112.531641, 76.450049]]]}}, {"type": "Feature", "properties": {"kind": "land"}, "geometry": {"type": "Polygon", "coordinates": [[[97.310352, 76.6896], [97.381641, 76.706689], [97.588379, 76.599365], [97.430371, 76.590723], [97.341699, 76.628857], [97.310352, 76.6896]]]}}, {"type": "Feature", "properties": {"kind": "land"}, "geometry": {"type": "Polygon", "coordinates": [[[148.719629, 76.746582], [149.406445, 76.78208], [149.268359, 76.747217], [149.150195, 76.659912], [148.398633, 76.648242], [148.719629, 76.746582]]]}}, {"type": "Feature", "properties": {"kind": "land"}, "geometry": {"type": "Polygon", "coordinates": [[[95.270312, 77.018848], [96.528418, 77.205518], [96.561914, 77.154053], [96.561328, 77.12959], [96.209863, 76.992139], [95.854688, 76.974951], [95.680859, 77.021338], [95.270312, 77.018848]]]}}, {"type": "Feature", "properties": {"kind": "land"}, "geometry": {"type": "Polygon", "coordinates": [[[89.299512, 77.183984], [89.141699, 77.226807], [89.281543, 77.301465], [89.616211, 77.311035], [89.67959, 77.280322], [89.514258, 77.188818], [89.299512, 77.183984]]]}}, {"type": "Feature", "properties": {"kind": "land"}, "geometry": {"type": "Polygon", "coordinates": [[[107.302246, 77.241504], [107.269531, 77.289014], [107.366406, 77.346631], [107.593652, 77.330029], [107.679492, 77.268262], [107.302246, 77.241504]]]}}, {"type": "Feature", "properties": {"kind": "land"}, "geometry": {"type": "Polygon", "coordinates": [[[107.695508, 78.130908], [107.481641, 78.057764], [107.343848, 78.098584], [106.415527, 78.139844], [106.583301, 78.167578], [107.508301, 78.189404], [107.695508, 78.130908]]]}}, {"type": "Feature", "properties": {"kind": "land"}, "geometry": {"type": "Polygon", "coordinates": [[[106.718945, 78.26499], [106.504687, 78.26167], [106.27041, 78.206201], [106.023633, 78.220117], [106.058398, 78.264648], [106.350586, 78.272607], [106.456836, 78.340039], [106.64043, 78.33623], [106.719629, 78.294189], [106.718945, 78.26499]]]}}, {"type": "Feature", "properties": {"kind": "land"}, "geometry": {"type": "Polygon", "coordinates": [[[102.950391, 79.055762], [103.672852, 79.15], [103.925684, 79.123242], [104.091113, 79.013184], [104.449219, 78.963916], [104.476953, 78.92334], [104.452051, 78.880029], [104.633203, 78.835156], [104.881055, 78.854883], [105.145996, 78.818848], [105.256055, 78.733008], [105.342676, 78.593945], [105.312598, 78.499902], [104.741797, 78.339746], [104.297461, 78.335059], [103.719336, 78.258252], [103.003125, 78.255859], [102.79668, 78.187891], [102.617188, 78.224609], [101.204102, 78.191943], [100.541211, 78.04751], [99.84502, 77.956836], [99.500293, 77.976074], [99.287109, 78.038086], [99.438672, 78.083936], [99.545605, 78.178564], [99.67793, 78.233496], [100.018945, 78.338916], [100.123535, 78.470459], [100.257227, 78.573828], [100.283984, 78.679199], [100.416406, 78.753174], [100.619629, 78.797412], [100.955762, 78.788477], [100.897949, 78.812451], [100.85625, 78.897754], [100.901367, 78.980078], [101.030859, 79.023291], [101.068164, 79.09624], [101.052246, 79.123242], [101.196094, 79.204443], [101.543066, 79.254443], [101.590625, 79.350439], [101.824219, 79.370215], [102.005273, 79.263672], [102.25127, 79.256055], [102.177246, 79.312598], [102.180664, 79.373389], [102.282422, 79.430078], [102.404883, 79.433203], [102.789844, 79.392139], [103.097949, 79.299121], [102.884766, 79.253955], [102.412305, 78.835449], [102.587305, 78.871289], [102.950391, 79.055762]]]}}, {"type": "Feature", "properties": {"kind": "land"}, "geometry": {"type": "Polygon", "coordinates": [[[97.65166, 79.760645], [98.064551, 79.901074], [98.353125, 79.884326], [98.499023, 79.953125], [98.471875, 80.009131], [98.596484, 80.052197], [99.294922, 80.016357], [99.946582, 79.848975], [100.06123, 79.7771], [99.91582, 79.73833], [99.781641, 79.628271], [99.680664, 79.32334], [99.537305, 79.276562], [99.041797, 79.293018], [99.317383, 79.227197], [99.517285, 79.130176], [99.814648, 79.09585], [99.929297, 78.961426], [99.439551, 78.834229], [98.411133, 78.787793], [97.555469, 78.826562], [96.93291, 78.933936], [96.807813, 78.984961], [96.347363, 79.015869], [95.796484, 79.001416], [95.702832, 79.012012], [95.531055, 79.098096], [95.133203, 79.049609], [94.791016, 79.086621], [94.652344, 79.12749], [94.619727, 79.192383], [94.482129, 79.218604], [94.31377, 79.30752], [94.21875, 79.402344], [93.758594, 79.451416], [93.272266, 79.458398], [93.070801, 79.495312], [93.404688, 79.631592], [93.847266, 79.70166], [94.257129, 79.829736], [94.347266, 79.941943], [94.719434, 80.01123], [94.987305, 80.096826], [95.281348, 80.030518], [95.497559, 80.105615], [96.416602, 80.104346], [97.586816, 80.168262], [97.903613, 80.09502], [98.017773, 80.022852], [97.80791, 79.956299], [97.759961, 79.89585], [97.626953, 79.850439], [97.591309, 79.774951], [97.65166, 79.760645]]]}}, {"type": "Feature", "properties": {"kind": "land"}, "geometry": {"type": "Polygon", "coordinates": [[[99.955762, 79.690332], [100.068359, 79.701025], [100.300293, 79.670264], [100.135938, 79.614209], [99.91543, 79.601611], [99.955762, 79.690332]]]}}, {"type": "Feature", "properties": {"kind": "land"}, "geometry": {"type": "Polygon", "coordinates": [[[92.173438, 80.045459], [92.592773, 79.996533], [93.803125, 79.904541], [93.603516, 79.816748], [93.155078, 79.737598], [92.440625, 79.675488], [92.153711, 79.684668], [91.37627, 79.835498], [91.126074, 79.904932], [91.070312, 79.981494], [91.425977, 80.049219], [92.173438, 80.045459]]]}}, {"type": "Feature", "properties": {"kind": "land"}, "geometry": {"type": "Polygon", "coordinates": [[[97.856445, 80.698096], [97.221387, 80.652441], [97.113086, 80.614063], [97.025391, 80.535547], [97.115039, 80.496582], [97.286816, 80.342529], [97.416992, 80.323145], [97.175195, 80.241016], [94.565039, 80.126074], [93.872363, 80.010107], [93.654688, 80.009619], [92.201563, 80.179297], [92.092188, 80.22334], [91.637402, 80.269922], [91.523828, 80.358545], [91.89668, 80.477539], [92.57793, 80.533252], [93.2625, 80.79126], [92.592578, 80.780859], [92.710352, 80.872168], [92.938672, 80.92583], [93.065137, 80.988477], [94.837891, 81.139404], [95.060938, 81.188086], [95.15957, 81.270996], [95.800684, 81.280469], [96.471094, 81.099268], [96.563086, 81.030078], [96.75498, 80.957861], [97.413672, 80.841846], [97.703027, 80.826709], [97.869922, 80.763281], [97.856445, 80.698096]]]}}, {"type": "Feature", "properties": {"kind": "land"}, "geometry": {"type": "Polygon", "coordinates": [[[89.975781, 81.113135], [89.901172, 81.170703], [90.069922, 81.213721], [91.477832, 81.183936], [91.567187, 81.141211], [91.222852, 81.063818], [89.975781, 81.113135]]]}}]}