{"type": "FeatureCollection", "features": [{"type": "Feature", "properties": {"kind": "land"}, "geometry": {"type": "Polygon", "coordinates": [[[-123.11416, 48.613281], [-122.986768, 48.468018], [-123.139941, 48.507959], [-123.162158, 48.606396], [-123.11416, 48.613281]]]}}, {"type": "Feature", "properties": {"kind": "land"}, "geometry": {"type": "Polygon", "coordinates": [[[-122.892529, 48.594482], [-123.002832, 48.652197], [-122.97666, 48.67915], [-122.897705, 48.710352], [-122.768848, 48.650977], [-122.837598, 48.626562], [-122.903027, 48.664697], [-122.892529, 48.594482]]]}}, {"type": "Feature", "properties": {"kind": "land"}, "geometry": {"type": "Polygon", "coordinates": [[[-123.487549, 48.845703], [-123.406787, 48.756055], [-123.499609, 48.732178], [-123.582324, 48.925781], [-123.467871, 48.867383], [-123.487549, 48.845703]]]}}, {"type": "Feature", "properties": {"kind": "land"}, "geometry": {"type": "Polygon", "coordinates": [[[-123.541016, 48.945947], [-123.645605, 49.038623], [-123.689258, 49.095117], [-123.372363, 48.886133], [-123.541016, 48.945947]]]}}, {"type": "Feature", "properties": {"kind": "land"}, "geometry": {"type": "Polygon", "coordinates": [[[-126.064014, 49.263623], [-126.229639, 49.295654], [-126.208545, 49.379785], [-126.09209, 49.354004], [-126.064014, 49.263623]]]}}, {"type": "Feature", "properties": {"kind": "land"}, "geometry": {"type": "Polygon", "coordinates": [[[-125.313965, 50.106689], [-124.934668, 49.731641], [-124.904639, 49.685352], [-124.930664, 49.643164], [-124.830615, 49.530078], [-124.642871, 49.428662], [-123.995801, 49.224023], [-123.854492, 49.119189], [-123.752295, 48.951221], [-123.626563, 48.824023], [-123.497021, 48.58208], [-123.443066, 48.690479], [-123.389893, 48.670215], [-123.283789, 48.455176], [-123.310645, 48.411035], [-123.445898, 48.427246], [-123.573145, 48.322803], [-123.916943, 48.386572], [-124.689404, 48.597314], [-125.120703, 48.760791], [-125.135693, 48.822412], [-124.849658, 49.028271], [-124.800244, 49.141553], [-124.812646, 49.212646], [-124.927344, 49.014209], [-125.362744, 48.998242], [-125.489453, 48.933789], [-125.828516, 49.091846], [-125.644238, 49.185791], [-125.728027, 49.199854], [-125.835449, 49.27666], [-125.95166, 49.248047], [-125.983838, 49.287891], [-125.9354, 49.401465], [-126.020312, 49.368018], [-126.099854, 49.421289], [-126.243604, 49.442676], [-126.304492, 49.382031], [-126.444531, 49.451123], [-126.519141, 49.396777], [-126.548535, 49.418945], [-126.563721, 49.543262], [-126.541895, 49.590479], [-126.134082, 49.672314], [-126.347559, 49.66084], [-126.462793, 49.720215], [-126.525244, 49.71958], [-126.683105, 49.876465], [-126.90332, 49.944141], [-126.9771, 49.882812], [-127.114307, 49.879736], [-127.195898, 49.94917], [-127.179639, 50.073145], [-127.249805, 50.137988], [-127.290039, 50.07085], [-127.349414, 50.051953], [-127.467139, 50.163428], [-127.863916, 50.127734], [-127.828174, 50.211426], [-127.83916, 50.293213], [-127.962939, 50.345996], [-127.905859, 50.445215], [-127.641406, 50.479102], [-127.486523, 50.404639], [-127.529004, 50.536768], [-127.465918, 50.583105], [-127.751465, 50.607373], [-127.731152, 50.535742], [-127.864697, 50.498877], [-128.05835, 50.498486], [-128.267432, 50.609277], [-128.349902, 50.696582], [-128.346045, 50.744238], [-128.241553, 50.828174], [-128.101318, 50.857764], [-127.918066, 50.860547], [-127.713037, 50.820752], [-127.197314, 50.640381], [-126.700928, 50.515527], [-125.534326, 50.34248], [-125.420459, 50.254639], [-125.313965, 50.106689]]]}}, {"type": "Feature", "properties": {"kind": "land"}, "geometry": {"type": "Polygon", "coordinates": [[[-124.547168, 49.764941], [-124.309131, 49.667285], [-124.139795, 49.510352], [-124.457227, 49.634229], [-124.649854, 49.75835], [-124.547168, 49.764941]]]}}, {"type": "Feature", "properties": {"kind": "land"}, "geometry": {"type": "Polygon", "coordinates": [[[-126.92583, 49.837744], [-126.826074, 49.872363], [-126.738135, 49.843652], [-126.649902, 49.745801], [-126.641211, 49.605811], [-126.743408, 49.613477], [-126.938574, 49.718457], [-126.95127, 49.735693], [-126.896875, 49.78291], [-126.92583, 49.837744]]]}}, {"type": "Feature", "properties": {"kind": "land"}, "geometry": {"type": "Polygon", "coordinates": [[[-124.907471, 50.083984], [-125.001563, 50.020752], [-125.025977, 50.134082], [-124.99082, 50.217139], [-124.907471, 50.083984]]]}}, {"type": "Feature", "properties": {"kind": "land"}, "geometry": {"type": "Polygon", "coordinates": [[[-125.126465, 50.320264], [-125.074023, 50.220654], [-125.184131, 50.097119], [-125.195117, 50.044336], [-125.358447, 50.311523], [-125.301172, 50.414062], [-125.260937, 50.417822], [-125.126465, 50.320264]]]}}, {"type": "Feature", "properties": {"kind": "land"}, "geometry": {"type": "Polygon", "coordinates": [[[-127.998682, 51.703809], [-127.916357, 51.585449], [-127.94126, 51.457178], [-128.091797, 51.511133], [-128.148779, 51.626709], [-128.122754, 51.666797], [-127.998682, 51.703809]]]}}, {"type": "Feature", "properties": {"kind": "land"}, "geometry": {"type": "Polygon", "coordinates": [[[-131.029297, 51.961621], [-131.103418, 52.013867], [-131.098096, 52.150635], [-131.010645, 52.095264], [-131.029297, 51.961621]]]}}, {"type": "Feature", "properties": {"kind": "land"}, "geometry": {"type": "Polygon", "coordinates": [[[-128.247266, 52.784375], [-128.323779, 52.458984], [-128.36875, 52.400879], [-128.44541, 52.3875], [-128.4125, 52.472852], [-128.439795, 52.696387], [-128.364893, 52.781885], [-128.247266, 52.784375]]]}}, {"type": "Feature", "properties": {"kind": "land"}, "geometry": {"type": "Polygon", "coordinates": [[[-129.215039, 52.803857], [-128.940332, 52.600732], [-128.936865, 52.51001], [-128.968701, 52.464258], [-129.250488, 52.722168], [-129.263525, 52.800781], [-129.215039, 52.803857]]]}}, {"type": "Feature", "properties": {"kind": "land"}, "geometry": {"type": "Polygon", "coordinates": [[[-131.971777, 52.879834], [-131.727295, 52.756396], [-131.455225, 52.701709], [-131.572803, 52.62334], [-131.590576, 52.578223], [-131.42998, 52.422119], [-131.259717, 52.415918], [-131.319922, 52.303076], [-131.142627, 52.291113], [-131.116162, 52.219092], [-131.221533, 52.153613], [-131.421875, 52.237988], [-131.562061, 52.399951], [-132.165088, 52.783301], [-132.258105, 52.933887], [-132.144922, 52.957471], [-132.14375, 52.999316], [-132.468701, 53.071875], [-132.546777, 53.1375], [-132.153906, 53.160498], [-131.893115, 53.231445], [-131.753711, 53.195557], [-131.652344, 53.102979], [-131.622168, 53.020068], [-131.634668, 52.922168], [-131.795264, 52.885059], [-131.879687, 52.914648], [-131.971777, 52.879834]]]}}, {"type": "Feature", "properties": {"kind": "land"}, "geometry": {"type": "Polygon", "coordinates": [[[-128.766455, 52.598389], [-128.746338, 52.763379], [-128.831201, 52.678809], [-128.899805, 52.673828], [-129.022852, 52.755957], [-129.084717, 52.822461], [-129.094873, 52.891846], [-129.175928, 52.964941], [-129.177686, 53.01792], [-129.111084, 53.090674], [-129.033252, 53.279932], [-128.857715, 53.228564], [-128.632666, 53.1125], [-128.552441, 52.939746], [-128.509912, 52.518604], [-128.678955, 52.289648], [-128.730908, 52.356543], [-128.766455, 52.598389]]]}}, {"type": "Feature", "properties": {"kind": "land"}, "geometry": {"type": "Polygon", "coordinates": [[[-129.471436, 53.183008], [-129.343506, 53.052783], [-129.313721, 52.992188], [-129.37002, 52.997607], [-129.477783, 53.097754], [-129.514746, 53.179395], [-129.471436, 53.183008]]]}}, {"type": "Feature", "properties": {"kind": "land"}, "geometry": {"type": "Polygon", "coordinates": [[[-129.238184, 53.330078], [-129.177002, 53.259131], [-129.173242, 53.110742], [-129.276855, 53.110937], [-129.323877, 53.142139], [-129.314355, 53.212305], [-129.238184, 53.330078]]]}}, {"type": "Feature", "properties": {"kind": "land"}, "geometry": {"type": "Polygon", "coordinates": [[[-130.452002, 53.631152], [-129.944727, 53.436377], [-129.754834, 53.244775], [-129.768945, 53.217285], [-129.848584, 53.16792], [-129.934375, 53.17666], [-130.151416, 53.345703], [-130.517578, 53.544238], [-130.452002, 53.631152]]]}}, {"type": "Feature", "properties": {"kind": "land"}, "geometry": {"type": "Polygon", "coordinates": [[[-132.175098, 53.846533], [-132.574121, 53.675391], [-132.464404, 53.65332], [-132.186963, 53.684814], [-132.114014, 53.860156], [-132.134424, 54.034277], [-131.94082, 54.041992], [-131.667627, 54.141357], [-131.702539, 53.986377], [-131.88916, 53.713965], [-131.957422, 53.308691], [-132.011328, 53.265186], [-132.347266, 53.189209], [-132.520459, 53.194043], [-132.74751, 53.310498], [-132.692578, 53.367871], [-132.431348, 53.350439], [-132.84502, 53.507715], [-133.052246, 53.778125], [-133.097656, 53.920264], [-133.063867, 54.144043], [-132.655518, 54.12749], [-132.564063, 54.068652], [-132.303369, 54.098877], [-132.166113, 53.955225], [-132.175098, 53.846533]]]}}, {"type": "Feature", "properties": {"kind": "land"}, "geometry": {"type": "Polygon", "coordinates": [[[-130.641846, 53.921143], [-130.637891, 53.86001], [-130.663574, 53.847559], [-130.703174, 53.892236], [-130.695703, 53.95127], [-130.447998, 54.089014], [-130.315869, 54.046924], [-130.236279, 53.958545], [-130.384229, 53.843945], [-130.470264, 53.861768], [-130.589844, 53.940283], [-130.641846, 53.921143]]]}}, {"type": "Feature", "properties": {"kind": "land"}, "geometry": {"type": "Polygon", "coordinates": [[[-130.763379, 54.576709], [-130.927148, 54.479053], [-130.950293, 54.477783], [-130.953467, 54.541846], [-130.906836, 54.631787], [-130.758008, 54.61377], [-130.763379, 54.576709]]]}}, {"type": "Feature", "properties": {"kind": "land"}, "geometry": {"type": "Polygon", "coordinates": [[[-132.646973, 54.756152], [-132.705811, 54.68418], [-132.8896, 54.762646], [-133.122705, 54.969824], [-133.251172, 55.175146], [-133.417969, 55.210693], [-133.453809, 55.260352], [-133.429053, 55.303809], [-133.296582, 55.325732], [-133.097412, 55.213721], [-132.995752, 55.110596], [-132.982178, 55.033008], [-132.837744, 54.880957], [-132.772314, 54.926074], [-132.617236, 54.892432], [-132.646973, 54.756152]]]}}, {"type": "Feature", "properties": {"kind": "land"}, "geometry": {"type": "Polygon", "coordinates": [[[-131.481738, 55.035254], [-131.592236, 55.025684], [-131.595117, 55.090723], [-131.556006, 55.137402], [-131.56543, 55.264111], [-131.404639, 55.21333], [-131.232031, 54.90376], [-131.445703, 54.909326], [-131.431348, 54.996484], [-131.481738, 55.035254]]]}}, {"type": "Feature", "properties": {"kind": "land"}, "geometry": {"type": "Polygon", "coordinates": [[[-133.650195, 55.269287], [-133.63501, 55.41333], [-133.737109, 55.496924], [-133.634229, 55.539258], [-133.454785, 55.522314], [-133.345557, 55.559082], [-133.283203, 55.515625], [-133.650195, 55.269287]]]}}, {"type": "Feature", "properties": {"kind": "land"}, "geometry": {"type": "Polygon", "coordinates": [[[-133.096631, 56.090039], [-132.757568, 55.99502], [-132.597607, 55.89502], [-132.430176, 55.687012], [-132.172705, 55.480615], [-132.511279, 55.593945], [-132.631299, 55.473193], [-132.417871, 55.48291], [-132.215283, 55.383545], [-132.160254, 55.322998], [-132.206689, 55.224414], [-132.005078, 55.230615], [-131.976416, 55.208594], [-132.000391, 55.033838], [-131.980859, 54.804834], [-132.02168, 54.726318], [-132.189258, 54.734863], [-132.341309, 54.907227], [-132.549365, 54.952588], [-132.593848, 54.995752], [-132.622168, 55.135937], [-132.701758, 55.130518], [-132.682861, 55.073926], [-132.70415, 55.030078], [-132.782324, 55.048486], [-132.912598, 55.188477], [-133.118555, 55.327637], [-133.103027, 55.360254], [-132.958887, 55.395557], [-133.082471, 55.504102], [-133.033398, 55.589697], [-133.298242, 55.606885], [-133.368994, 55.688965], [-133.553271, 55.691162], [-133.680176, 55.785156], [-133.584082, 55.836523], [-133.446973, 55.797021], [-133.322119, 55.844629], [-133.308496, 55.886475], [-133.241504, 55.920801], [-133.289209, 56.018701], [-133.37124, 56.035889], [-133.684229, 55.942773], [-133.755176, 55.999463], [-133.530859, 56.145654], [-133.594434, 56.216357], [-133.598633, 56.31626], [-133.566113, 56.339209], [-133.202979, 56.319824], [-133.081738, 56.194189], [-133.096631, 56.090039]]]}}, {"type": "Feature", "properties": {"kind": "land"}, "geometry": {"type": "Polygon", "coordinates": [[[-131.422363, 55.368408], [-131.447559, 55.408789], [-131.521826, 55.341064], [-131.641309, 55.298926], [-131.7625, 55.16582], [-131.810986, 55.223096], [-131.846094, 55.41626], [-131.647559, 55.585547], [-131.624951, 55.831689], [-131.236182, 55.948975], [-130.965967, 55.669531], [-131.013916, 55.379297], [-131.082764, 55.266797], [-131.187891, 55.206299], [-131.261865, 55.219775], [-131.316309, 55.268506], [-131.420703, 55.275879], [-131.450928, 55.316309], [-131.422363, 55.368408]]]}}, {"type": "Feature", "properties": {"kind": "land"}, "geometry": {"type": "Polygon", "coordinates": [[[-132.406055, 56.028857], [-132.659912, 56.078174], [-132.699023, 56.198193], [-132.59873, 56.24165], [-132.379834, 56.498779], [-132.316504, 56.4875], [-132.066895, 56.244238], [-132.132959, 55.943262], [-132.368604, 55.939746], [-132.420605, 55.979541], [-132.406055, 56.028857]]]}}, {"type": "Feature", "properties": {"kind": "land"}, "geometry": {"type": "Polygon", "coordinates": [[[-132.643359, 56.435156], [-132.646582, 56.313184], [-132.779883, 56.247266], [-132.891455, 56.259424], [-133.03501, 56.340918], [-133.01709, 56.391992], [-132.902051, 56.45376], [-132.643359, 56.435156]]]}}, {"type": "Feature", "properties": {"kind": "land"}, "geometry": {"type": "Polygon", "coordinates": [[[-133.870459, 56.388672], [-133.949707, 56.127734], [-133.993994, 56.101123], [-134.06748, 56.133008], [-134.122412, 56.077393], [-134.1896, 56.076953], [-134.245068, 56.203271], [-134.195459, 56.413525], [-134.084375, 56.456348], [-134.290234, 56.580029], [-134.278369, 56.61709], [-134.384424, 56.724023], [-134.373682, 56.838672], [-134.274414, 56.918164], [-134.143262, 56.932324], [-134.000586, 56.869189], [-133.924805, 56.775684], [-133.830859, 56.781299], [-133.738379, 56.650439], [-133.767285, 56.600098], [-133.855273, 56.582178], [-133.883594, 56.485498], [-133.870459, 56.388672]]]}}, {"type": "Feature", "properties": {"kind": "land"}, "geometry": {"type": "Polygon", "coordinates": [[[-132.842529, 56.794775], [-132.655859, 56.684717], [-132.567969, 56.57583], [-132.757617, 56.511035], [-132.930811, 56.524463], [-132.93623, 56.606836], [-132.842529, 56.794775]]]}}, {"type": "Feature", "properties": {"kind": "land"}, "geometry": {"type": "Polygon", "coordinates": [[[-132.95415, 56.880273], [-132.975879, 56.647266], [-133.034912, 56.620752], [-133.243994, 56.79585], [-133.328955, 56.830078], [-133.156641, 56.611133], [-133.158154, 56.495166], [-133.212646, 56.4646], [-133.602783, 56.464111], [-133.649268, 56.516797], [-133.680957, 56.79751], [-133.823047, 56.924365], [-133.979443, 57.00957], [-133.962354, 57.043457], [-133.865967, 57.068701], [-133.707715, 57.062842], [-133.299707, 56.972168], [-133.263525, 57.00498], [-133.070801, 56.974268], [-132.95415, 56.880273]]]}}, {"type": "Feature", "properties": {"kind": "land"}, "geometry": {"type": "Polygon", "coordinates": [[[-134.651709, 56.556055], [-134.630029, 56.302441], [-134.681885, 56.216162], [-134.806445, 56.28125], [-134.980566, 56.518945], [-134.96665, 56.596143], [-134.883447, 56.679053], [-135.017822, 56.660156], [-135.159033, 56.725391], [-135.163135, 56.824121], [-135.284814, 56.800342], [-135.330615, 56.821875], [-135.338379, 56.893994], [-135.199609, 57.027344], [-135.21123, 57.044922], [-135.341357, 57.081592], [-135.375293, 57.188428], [-135.454932, 57.249414], [-135.501953, 57.243848], [-135.661865, 57.03374], [-135.812305, 57.009521], [-135.767725, 57.100391], [-135.822754, 57.28042], [-135.787109, 57.317285], [-135.624512, 57.354395], [-135.448682, 57.534375], [-135.346289, 57.533105], [-135.065234, 57.416699], [-134.969775, 57.351416], [-134.768506, 57.054199], [-134.620703, 56.718311], [-134.610547, 56.603418], [-134.651709, 56.556055]]]}}, {"type": "Feature", "properties": {"kind": "land"}, "geometry": {"type": "Polygon", "coordinates": [[[-133.826904, 57.617578], [-133.925, 57.670801], [-134.180273, 58.011133], [-134.249951, 58.04917], [-134.306885, 58.034375], [-134.26709, 57.884521], [-133.937012, 57.581592], [-133.92085, 57.491992], [-133.97373, 57.451367], [-133.911133, 57.352539], [-134.100049, 57.300098], [-134.260156, 57.146777], [-134.435303, 57.056982], [-134.554785, 57.057568], [-134.619531, 57.195508], [-134.575879, 57.231738], [-134.486768, 57.482031], [-134.659863, 57.638086], [-134.781494, 58.077832], [-134.907666, 58.262793], [-134.923486, 58.354639], [-134.836963, 58.320166], [-134.680273, 58.16167], [-134.240088, 58.143994], [-133.965527, 57.873779], [-133.826904, 57.617578]]]}}, {"type": "Feature", "properties": {"kind": "land"}, "geometry": {"type": "Polygon", "coordinates": [[[-135.374707, 58.122119], [-135.162842, 58.09585], [-134.954688, 58.015332], [-134.927979, 57.952783], [-134.970654, 57.817236], [-135.102588, 57.793652], [-135.231201, 57.81582], [-135.338477, 57.768652], [-135.249561, 57.732568], [-134.978857, 57.724365], [-134.873096, 57.589209], [-134.931494, 57.481152], [-135.564209, 57.666406], [-135.608545, 57.650732], [-135.617822, 57.480371], [-135.691943, 57.419922], [-135.910791, 57.446582], [-136.076611, 57.674561], [-136.459912, 57.873096], [-136.568604, 57.972168], [-136.512305, 58.095996], [-136.369531, 58.143066], [-136.321973, 58.218896], [-136.14375, 58.098486], [-136.142334, 58.153906], [-136.094385, 58.198145], [-135.947412, 58.205811], [-135.787061, 58.268506], [-135.5875, 58.146777], [-135.615381, 58.057471], [-135.693115, 58.038525], [-135.613232, 57.991846], [-135.374707, 58.122119]]]}}, {"type": "Feature", "properties": {"kind": "land"}, "geometry": {"type": "Polygon", "coordinates": [[[-134.319873, 58.204102], [-134.45625, 58.206543], [-134.661572, 58.290918], [-134.519971, 58.33252], [-134.398877, 58.287207], [-134.312744, 58.228906], [-134.319873, 58.204102]]]}}, {"type": "Feature", "properties": {"kind": "land"}, "geometry": {"type": "Polygon", "coordinates": [[[-139.043115, 69.576904], [-139.125732, 69.539307], [-139.291406, 69.597852], [-139.1396, 69.649609], [-138.878857, 69.589697], [-139.043115, 69.576904]]]}}, {"type": "Feature", "properties": {"kind": "land"}, "geometry": {"type": "Polygon", "coordinates": [[[-122.876758, 47.186133], [-122.911914, 47.254346], [-122.885107, 47.274707], [-122.84917, 47.216309], [-122.876758, 47.186133]]]}}, {"type": "Feature", "properties": {"kind": "land"}, "geometry": {"type": "Polygon", "coordinates": [[[-122.468604, 47.48999], [-122.394141, 47.395264], [-122.437109, 47.354785], [-122.468555, 47.390234], [-122.509912, 47.358008], [-122.468604, 47.48999]]]}}, {"type": "Feature", "properties": {"kind": "land"}, "geometry": {"type": "Polygon", "coordinates": [[[-122.507861, 47.682666], [-122.497266, 47.59458], [-122.502637, 47.575439], [-122.575928, 47.619482], [-122.560107, 47.697754], [-122.507861, 47.682666]]]}}, {"type": "Feature", "properties": {"kind": "land"}, "geometry": {"type": "Polygon", "coordinates": [[[-122.411426, 47.917725], [-122.55752, 47.99248], [-122.622656, 48.151416], [-122.690381, 48.173877], [-122.74873, 48.239014], [-122.628613, 48.384229], [-122.535547, 48.321191], [-122.542432, 48.293994], [-122.697021, 48.228662], [-122.597607, 48.200439], [-122.523828, 48.025439], [-122.502832, 48.080078], [-122.366748, 47.985449], [-122.366602, 47.938818], [-122.411426, 47.917725]]]}}, {"type": "Feature", "properties": {"kind": "land"}, "geometry": {"type": "Polygon", "coordinates": [[[-122.8146, 48.452344], [-122.836572, 48.421533], [-122.921631, 48.456934], [-122.912207, 48.537988], [-122.868896, 48.548633], [-122.8146, 48.452344]]]}}, {"type": "Feature", "properties": {"kind": "land"}, "geometry": {"type": "Polygon", "coordinates": [[[-108.092725, 67.005176], [-107.966455, 66.997266], [-107.805518, 66.998584], [-107.83335, 66.921338], [-107.943945, 66.857812], [-108.092725, 67.005176]]]}}, {"type": "Feature", "properties": {"kind": "land"}, "geometry": {"type": "Polygon", "coordinates": [[[-108.048975, 67.664893], [-107.990869, 67.622119], [-107.989355, 67.513574], [-107.890967, 67.437207], [-107.950244, 67.318213], [-108.152246, 67.429443], [-108.127539, 67.628564], [-108.048975, 67.664893]]]}}, {"type": "Feature", "properties": {"kind": "land"}, "geometry": {"type": "Polygon", "coordinates": [[[-109.183594, 67.975], [-108.970508, 67.979736], [-108.886035, 67.898535], [-108.920166, 67.878809], [-109.09624, 67.924023], [-109.183594, 67.975]]]}}, {"type": "Feature", "properties": {"kind": "land"}, "geometry": {"type": "Polygon", "coordinates": [[[-109.497949, 68.047021], [-109.469141, 68.097998], [-109.341699, 68.04585], [-109.323145, 67.990869], [-109.497949, 68.047021]]]}}, {"type": "Feature", "properties": {"kind": "land"}, "geometry": {"type": "Polygon", "coordinates": [[[-104.907275, 68.581787], [-104.602002, 68.561523], [-104.472119, 68.503516], [-104.440479, 68.449512], [-104.540674, 68.405908], [-104.699463, 68.418262], [-104.965234, 68.491748], [-105.051367, 68.559033], [-104.907275, 68.581787]]]}}, {"type": "Feature", "properties": {"kind": "land"}, "geometry": {"type": "Polygon", "coordinates": [[[-102.013379, 68.825391], [-101.759326, 68.774609], [-101.721631, 68.724121], [-101.732031, 68.652148], [-101.887207, 68.584961], [-102.308154, 68.681982], [-102.013379, 68.825391]]]}}, {"type": "Feature", "properties": {"kind": "land"}, "geometry": {"type": "Polygon", "coordinates": [[[-100.573389, 68.766064], [-100.615967, 68.78291], [-100.624658, 68.865283], [-100.611572, 68.990186], [-100.565479, 69.026807], [-100.413965, 69.028076], [-100.178467, 68.903906], [-100.248779, 68.775049], [-100.365723, 68.728809], [-100.496924, 68.792236], [-100.573389, 68.766064]]]}}, {"type": "Feature", "properties": {"kind": "land"}, "geometry": {"type": "Polygon", "coordinates": [[[-100.072803, 69.111475], [-100.005615, 69.047119], [-100.018018, 68.954004], [-100.195703, 68.991455], [-100.247363, 69.052783], [-100.153125, 69.129492], [-100.072803, 69.111475]]]}}, {"type": "Feature", "properties": {"kind": "land"}, "geometry": {"type": "Polygon", "coordinates": [[[-101.230127, 69.492822], [-101.328467, 69.517432], [-101.351318, 69.559229], [-101.244873, 69.573535], [-101.09834, 69.540771], [-101.000635, 69.461914], [-101.268506, 69.390576], [-101.289502, 69.44126], [-101.217773, 69.462939], [-101.230127, 69.492822]]]}}, {"type": "Feature", "properties": {"kind": "land"}, "geometry": {"type": "Polygon", "coordinates": [[[-100.433936, 70.649414], [-100.276123, 70.594629], [-100.321094, 70.578369], [-100.30835, 70.495801], [-100.620654, 70.546924], [-100.67832, 70.646191], [-100.635303, 70.670312], [-100.433936, 70.649414]]]}}, {"type": "Feature", "properties": {"kind": "land"}, "geometry": {"type": "Polygon", "coordinates": [[[-113.486133, 72.722266], [-113.491406, 72.82207], [-113.449854, 72.863232], [-113.208008, 72.981006], [-113.073535, 72.995264], [-112.753613, 72.986035], [-112.048096, 72.888037], [-111.269727, 72.713721], [-111.250391, 72.668555], [-111.355518, 72.572119], [-111.610889, 72.435596], [-111.895166, 72.356104], [-111.675098, 72.300146], [-111.311182, 72.454834], [-111.253418, 72.449072], [-111.287256, 72.401123], [-111.268066, 72.363867], [-111.139893, 72.365332], [-110.781543, 72.533887], [-110.439307, 72.63335], [-110.205127, 72.661279], [-110.197168, 72.758887], [-110.553613, 72.861426], [-110.689404, 72.944531], [-110.66084, 73.008203], [-110.008447, 72.983643], [-109.121924, 72.726416], [-108.968164, 72.654102], [-108.994434, 72.595996], [-108.75498, 72.551074], [-108.627734, 72.412012], [-108.46958, 72.13877], [-108.276416, 71.900391], [-108.188232, 71.723779], [-107.812842, 71.626172], [-107.687256, 71.716113], [-107.346924, 71.819238], [-107.329297, 71.835254], [-107.376855, 71.886084], [-107.306006, 71.894678], [-107.542627, 72.025342], [-107.69585, 72.149316], [-107.794043, 72.302637], [-107.82373, 72.442773], [-107.93252, 72.52041], [-107.934375, 72.587744], [-107.997168, 72.652686], [-108.237402, 73.149902], [-108.20415, 73.183057], [-107.936182, 73.217139], [-108.07749, 73.281396], [-108.089404, 73.303711], [-108.029053, 73.34873], [-107.72002, 73.329053], [-107.113477, 73.192139], [-106.950781, 73.276025], [-106.482129, 73.196191], [-105.812695, 73.010645], [-105.415137, 72.78833], [-105.430078, 72.740381], [-105.323193, 72.634814], [-105.234082, 72.415088], [-104.87832, 71.97998], [-104.385937, 71.576953], [-104.355811, 71.38208], [-104.563086, 71.132422], [-104.56958, 71.104053], [-104.514795, 71.064258], [-104.166846, 70.927197], [-103.953467, 70.762646], [-103.58457, 70.630859], [-103.077197, 70.508838], [-103.001221, 70.540967], [-103.082812, 70.619092], [-103.088574, 70.649707], [-103.049561, 70.655078], [-102.750488, 70.521875], [-101.989844, 70.285059], [-101.676318, 70.278271], [-101.626807, 70.24834], [-101.618457, 70.172412], [-101.562402, 70.13501], [-101.090771, 70.135693], [-100.97334, 70.029492], [-100.905713, 69.811719], [-100.935107, 69.715332], [-101.043701, 69.668701], [-101.337256, 69.710254], [-101.483838, 69.850195], [-101.647656, 69.698535], [-102.234326, 69.842236], [-102.595898, 69.71792], [-102.534863, 69.620801], [-102.621094, 69.551514], [-102.919775, 69.564648], [-103.303223, 69.674316], [-103.434766, 69.667676], [-103.464893, 69.644482], [-103.418018, 69.611426], [-103.048926, 69.471777], [-103.039795, 69.367578], [-103.120215, 69.20459], [-102.884082, 69.341309], [-102.446777, 69.476318], [-102.151416, 69.487695], [-101.978223, 69.425098], [-102.066895, 69.337109], [-102.046094, 69.257666], [-101.872852, 69.239941], [-101.789258, 69.181641], [-101.787793, 69.132275], [-101.857129, 69.023975], [-102.895068, 68.823633], [-103.468213, 68.808545], [-104.067334, 68.865576], [-104.352686, 68.928174], [-104.571436, 68.872119], [-105.105859, 68.92041], [-105.169287, 68.955371], [-105.021631, 69.05249], [-105.01958, 69.08125], [-106.140869, 69.162012], [-106.341162, 69.224365], [-106.361377, 69.381055], [-106.419971, 69.41377], [-106.659082, 69.4396], [-106.855811, 69.347314], [-107.033447, 69.180762], [-107.439893, 69.002148], [-108.36499, 68.934766], [-108.945898, 68.759814], [-109.472119, 68.676709], [-110.848096, 68.578418], [-111.127588, 68.58833], [-111.310937, 68.542041], [-113.019531, 68.481348], [-113.231396, 68.5354], [-113.554834, 68.767578], [-113.616846, 68.838477], [-113.592529, 68.959863], [-113.694141, 69.19502], [-114.322949, 69.269141], [-115.618115, 69.282959], [-116.101562, 69.337158], [-116.513477, 69.424609], [-116.609473, 69.512012], [-117.104004, 69.804248], [-117.19541, 70.054053], [-117.135449, 70.100146], [-116.553809, 70.175049], [-114.592334, 70.312451], [-112.637891, 70.225244], [-112.189648, 70.275586], [-111.783691, 70.2729], [-111.632568, 70.308838], [-112.11416, 70.446875], [-113.757275, 70.690723], [-115.990918, 70.586279], [-116.327295, 70.62373], [-116.992529, 70.603662], [-117.587061, 70.629541], [-118.264062, 70.88833], [-118.376514, 70.967725], [-118.269092, 71.034717], [-117.814063, 71.158447], [-115.89165, 71.381787], [-116.045312, 71.423096], [-116.043945, 71.454297], [-115.980273, 71.469287], [-115.471875, 71.46582], [-115.303418, 71.493701], [-115.58667, 71.546387], [-116.780273, 71.444189], [-117.935645, 71.39209], [-118.188184, 71.435937], [-118.226465, 71.46709], [-118.14834, 71.525732], [-117.878418, 71.56084], [-117.742334, 71.659326], [-118.583008, 71.649023], [-118.868408, 71.686768], [-118.987695, 71.764258], [-118.98418, 71.913086], [-118.944629, 71.985547], [-118.589844, 72.16748], [-118.213477, 72.262891], [-118.245898, 72.311035], [-118.481299, 72.427686], [-118.374512, 72.533887], [-117.551709, 72.831104], [-116.573242, 73.054932], [-114.638232, 73.372656], [-114.206396, 73.297803], [-114.127051, 73.230713], [-114.051709, 73.070996], [-114.05376, 72.958057], [-114.10918, 72.860986], [-114.521533, 72.59292], [-113.692432, 72.672803], [-113.578076, 72.6521], [-113.486133, 72.722266]]]}}, {"type": "Feature", "properties": {"kind": "land"}, "geometry": {"type": "Polygon", "coordinates": [[[-97.669971, 73.887744], [-97.224756, 73.843799], [-97.111719, 73.790332], [-96.996582, 73.674902], [-97.156396, 73.592187], [-97.489795, 73.526611], [-97.596973, 73.536621], [-97.625879, 73.502295], [-97.58584, 73.471143], [-97.350293, 73.480957], [-97.230371, 73.421289], [-97.27251, 73.386816], [-97.795898, 73.285303], [-98.375586, 73.044678], [-98.436963, 73.000244], [-98.430908, 72.958057], [-98.36665, 72.934131], [-97.939404, 73.035596], [-97.636328, 73.027637], [-97.32876, 72.937842], [-97.29585, 72.918018], [-97.377686, 72.864941], [-97.083008, 72.762842], [-97.0729, 72.717578], [-97.158936, 72.642773], [-97.128125, 72.627588], [-96.671289, 72.713184], [-96.54209, 72.69873], [-96.445605, 72.552441], [-96.472852, 72.434375], [-96.638281, 72.342041], [-96.801465, 72.322412], [-96.66875, 72.27124], [-96.592871, 72.204492], [-96.618115, 72.145898], [-96.766309, 72.045947], [-96.624365, 71.967578], [-96.613428, 71.833838], [-96.946484, 71.791895], [-97.222217, 71.673486], [-97.582275, 71.629688], [-98.181348, 71.662451], [-98.283887, 71.715527], [-98.322705, 71.852344], [-98.458838, 71.773193], [-98.231445, 71.558936], [-98.198633, 71.440869], [-98.535937, 71.317627], [-98.662891, 71.3021], [-98.98623, 71.369482], [-99.167139, 71.367188], [-99.276172, 71.424219], [-99.403662, 71.557178], [-99.734717, 71.757227], [-100.325684, 72.003857], [-100.594482, 72.152344], [-100.983643, 72.210059], [-101.208545, 72.316992], [-101.49834, 72.277881], [-101.723926, 72.314893], [-101.973682, 72.486133], [-102.402246, 72.594727], [-102.65708, 72.719434], [-102.713672, 72.78291], [-102.628467, 72.910791], [-102.503809, 73.005908], [-102.204004, 73.077295], [-101.922461, 73.056982], [-101.754541, 72.942822], [-101.543604, 72.883057], [-101.273193, 72.72168], [-101.087598, 72.713281], [-100.484766, 72.772949], [-100.442578, 72.806836], [-100.395703, 72.977002], [-100.18833, 72.890283], [-100.092383, 72.944971], [-100.282666, 73.120312], [-100.531396, 73.138281], [-100.536377, 73.197852], [-100.489307, 73.233936], [-100.340723, 73.265186], [-100.066992, 73.211084], [-99.825146, 73.213867], [-100.005908, 73.239502], [-100.366113, 73.359033], [-100.587012, 73.299561], [-100.889355, 73.275342], [-101.450879, 73.430957], [-101.523193, 73.486377], [-101.323145, 73.571973], [-100.975781, 73.599756], [-100.52168, 73.449316], [-100.536328, 73.509717], [-100.607129, 73.575391], [-100.782715, 73.612939], [-100.952588, 73.691406], [-100.985107, 73.765332], [-100.915137, 73.805371], [-100.483643, 73.843506], [-99.991113, 73.795166], [-99.911865, 73.847021], [-100.153809, 73.844092], [-100.227051, 73.889111], [-100.001904, 73.945898], [-99.157959, 73.731592], [-97.669971, 73.887744]]]}}, {"type": "Feature", "properties": {"kind": "land"}, "geometry": {"type": "Polygon", "coordinates": [[[-119.117969, 74.015527], [-118.744141, 74.19209], [-118.543994, 74.244629], [-117.965869, 74.266064], [-117.514844, 74.231738], [-116.950391, 74.101416], [-115.957715, 73.747949], [-115.634326, 73.665527], [-115.455664, 73.584668], [-115.392822, 73.501953], [-115.446875, 73.438867], [-115.524463, 73.416748], [-116.48252, 73.253223], [-118.961572, 72.684131], [-119.131543, 72.608838], [-119.407764, 72.3604], [-119.512842, 72.302686], [-119.76748, 72.243848], [-120.179883, 72.212646], [-120.194434, 72.126758], [-120.36626, 71.888037], [-120.443164, 71.630811], [-120.619336, 71.505762], [-121.472168, 71.389014], [-121.622168, 71.447607], [-121.749365, 71.444775], [-122.156641, 71.265918], [-122.549512, 71.193555], [-122.839941, 71.097461], [-123.095654, 71.093799], [-123.314746, 71.169189], [-123.681836, 71.493115], [-124.007764, 71.677441], [-125.29668, 71.973047], [-125.845313, 71.978662], [-125.767725, 72.054248], [-125.762598, 72.1375], [-125.583789, 72.183057], [-125.633789, 72.210303], [-125.627295, 72.254834], [-125.512402, 72.307715], [-125.382764, 72.423828], [-124.987109, 72.587988], [-125.030225, 72.644775], [-125.01543, 72.776074], [-124.969678, 72.843311], [-124.564941, 72.944141], [-124.588281, 73.005322], [-124.81709, 73.058789], [-124.836426, 73.07627], [-124.804053, 73.125684], [-124.593994, 73.243311], [-124.424219, 73.418701], [-124.11416, 73.527393], [-124.030176, 73.644238], [-123.797266, 73.768164], [-123.873047, 73.827588], [-124.088037, 73.856885], [-124.191504, 73.902002], [-124.575342, 74.248145], [-124.709326, 74.327002], [-124.69624, 74.348193], [-121.50415, 74.545117], [-119.943604, 74.253711], [-119.562646, 74.232812], [-119.715381, 74.153662], [-119.728564, 74.108447], [-119.471094, 74.201221], [-119.205957, 74.197998], [-119.149609, 74.167871], [-119.117969, 74.015527]]]}}, {"type": "Feature", "properties": {"kind": "land"}, "geometry": {"type": "Polygon", "coordinates": [[[-106.180029, 73.304102], [-106.921533, 73.479834], [-106.949658, 73.510352], [-106.831006, 73.599072], [-106.613965, 73.695605], [-105.317969, 73.767139], [-105.114453, 73.744434], [-104.648779, 73.614404], [-104.555078, 73.541113], [-104.552344, 73.465576], [-104.582861, 73.353906], [-104.791016, 73.167627], [-104.968652, 73.088672], [-105.074609, 72.997021], [-105.339355, 72.914893], [-106.071045, 73.196387], [-106.180029, 73.304102]]]}}, {"type": "Feature", "properties": {"kind": "land"}, "geometry": {"type": "Polygon", "coordinates": [[[-104.690381, 75.320703], [-104.47417, 75.413037], [-104.074658, 75.424512], [-103.804102, 75.345508], [-103.642139, 75.162939], [-103.813916, 75.079736], [-104.308691, 75.030957], [-104.634326, 75.061279], [-104.887402, 75.147754], [-104.690381, 75.320703]]]}}, {"type": "Feature", "properties": {"kind": "land"}, "geometry": {"type": "Polygon", "coordinates": [[[-107.755176, 75.940283], [-108.020703, 75.804785], [-107.917529, 75.802148], [-107.540918, 75.901172], [-107.216211, 75.891553], [-107.050391, 75.84541], [-106.913525, 75.679639], [-106.891699, 75.782422], [-106.688086, 75.819043], [-106.820068, 75.872412], [-106.862061, 75.930078], [-106.845654, 75.951562], [-106.677002, 76.02373], [-106.396582, 76.060107], [-105.904834, 76.008984], [-105.632666, 75.945361], [-105.563281, 75.880664], [-105.481445, 75.702246], [-105.519482, 75.632373], [-105.678418, 75.501367], [-105.702637, 75.4125], [-105.862598, 75.191553], [-106.092627, 75.089453], [-107.153418, 74.927148], [-107.820068, 75.000049], [-108.474756, 74.947217], [-108.751318, 74.991943], [-108.633301, 75.023291], [-108.831299, 75.064893], [-109.503125, 74.882764], [-110.386719, 74.813965], [-110.940869, 74.638721], [-111.728711, 74.501953], [-112.519336, 74.416846], [-113.016895, 74.401904], [-113.514062, 74.430078], [-114.174756, 74.57373], [-114.376953, 74.67085], [-114.132471, 74.766113], [-113.324316, 74.875293], [-112.835986, 74.975586], [-111.671094, 75.019434], [-111.257959, 75.127734], [-111.033496, 75.226758], [-111.181201, 75.260449], [-111.62085, 75.167773], [-112.21416, 75.13291], [-112.59707, 75.21167], [-112.951367, 75.107812], [-113.711768, 75.068604], [-113.844971, 75.112207], [-113.886035, 75.210938], [-113.85332, 75.259375], [-113.758789, 75.321729], [-113.46709, 75.416113], [-113.878516, 75.375439], [-114.016504, 75.434277], [-114.074902, 75.392383], [-114.168457, 75.239502], [-114.513818, 75.275488], [-114.357764, 75.171289], [-114.356104, 75.140967], [-114.451758, 75.087891], [-115.020117, 74.976172], [-115.279639, 75.101562], [-115.413184, 75.11499], [-115.537305, 75.080713], [-115.608984, 75.00957], [-115.728857, 74.968115], [-116.142627, 75.041553], [-116.476074, 75.171777], [-117.004834, 75.156104], [-117.501953, 75.203857], [-117.600098, 75.27168], [-117.513135, 75.356787], [-117.257617, 75.459521], [-116.077148, 75.492969], [-115.335352, 75.618066], [-115.141846, 75.678516], [-115.121875, 75.705811], [-116.425635, 75.585352], [-117.025195, 75.601514], [-117.163623, 75.644873], [-116.972656, 75.745752], [-116.802148, 75.771582], [-115.476855, 75.841309], [-114.991504, 75.896338], [-116.337891, 75.881055], [-116.654297, 75.929297], [-116.664551, 75.957568], [-116.549658, 76.016846], [-116.609766, 76.07373], [-116.591309, 76.095801], [-116.209863, 76.194434], [-114.778613, 76.172607], [-115.796875, 76.252539], [-115.831738, 76.295801], [-115.779297, 76.364697], [-115.580664, 76.4375], [-114.998486, 76.497461], [-114.534766, 76.501758], [-114.193945, 76.451465], [-114.115771, 76.39585], [-114.112793, 76.349463], [-114.058838, 76.300732], [-113.823486, 76.206836], [-113.171289, 76.257764], [-112.697607, 76.201709], [-111.865234, 75.939307], [-111.867627, 75.910742], [-112.080908, 75.847412], [-112.056689, 75.834229], [-111.549121, 75.822119], [-111.275684, 75.6125], [-111.052686, 75.548535], [-109.086377, 75.506494], [-109.005029, 75.51499], [-108.912598, 75.586963], [-108.899512, 75.624072], [-108.944775, 75.698975], [-109.796045, 75.863037], [-109.870508, 75.929053], [-109.454639, 76.02124], [-109.416602, 76.071826], [-109.430371, 76.109131], [-109.710156, 76.212451], [-109.907812, 76.222656], [-110.200781, 76.289453], [-110.284863, 76.332959], [-110.309473, 76.397412], [-109.864844, 76.522363], [-109.338525, 76.759961], [-109.098242, 76.811865], [-108.831641, 76.821143], [-108.466992, 76.737598], [-108.635156, 76.608545], [-108.627637, 76.586719], [-108.559521, 76.536328], [-108.5125, 76.438916], [-108.193555, 76.330078], [-108.123193, 76.233447], [-108.381885, 76.115723], [-108.406152, 76.085059], [-108.386816, 76.066553], [-107.852295, 76.057715], [-107.723486, 75.99541], [-107.755176, 75.940283]]]}}, {"type": "Feature", "properties": {"kind": "land"}, "geometry": {"type": "Polygon", "coordinates": [[[-119.39458, 75.617334], [-118.626074, 75.90625], [-118.13667, 75.994482], [-117.75249, 76.112451], [-117.512598, 76.099414], [-117.499121, 76.077197], [-117.89082, 75.805469], [-118.328125, 75.579688], [-118.613867, 75.51543], [-118.817139, 75.522119], [-119.39458, 75.617334]]]}}, {"type": "Feature", "properties": {"kind": "land"}, "geometry": {"type": "Polygon", "coordinates": [[[-97.524268, 76.138721], [-97.65, 75.97915], [-97.60166, 75.851074], [-97.890527, 75.760352], [-97.40752, 75.67251], [-97.409619, 75.5521], [-97.336035, 75.419824], [-97.65332, 75.507764], [-97.878223, 75.416113], [-97.852734, 75.260303], [-97.659912, 75.151172], [-97.799365, 75.11665], [-98.06875, 75.19917], [-98.076758, 75.152979], [-97.95332, 75.060156], [-97.991797, 75.045801], [-98.703516, 75.005811], [-99.155811, 75.015723], [-99.326123, 75.049414], [-99.626904, 74.98374], [-100.234375, 75.007715], [-100.356641, 75.066748], [-100.483496, 75.188428], [-100.459473, 75.219092], [-100.145703, 75.246143], [-100.731152, 75.346533], [-100.711914, 75.406348], [-100.279639, 75.460986], [-99.756006, 75.633398], [-99.209424, 75.668604], [-99.19458, 75.698389], [-99.915137, 75.68125], [-101.206836, 75.59043], [-101.461328, 75.60791], [-102.541406, 75.513623], [-102.700391, 75.543604], [-102.79751, 75.599658], [-102.252051, 75.777734], [-102.270654, 75.812793], [-102.144727, 75.875049], [-101.942822, 75.883838], [-101.261426, 75.758203], [-100.972803, 75.798438], [-101.288037, 75.789111], [-101.505908, 75.918066], [-101.431348, 75.991992], [-101.716797, 76.00791], [-101.872119, 76.083105], [-101.771387, 76.150098], [-101.528955, 76.217285], [-101.557031, 76.23584], [-101.909814, 76.234375], [-102.137744, 76.284863], [-102.104687, 76.331201], [-101.964209, 76.399023], [-101.787549, 76.45127], [-101.339746, 76.410498], [-101.139062, 76.345166], [-101.055811, 76.245557], [-100.020117, 75.939551], [-99.774854, 75.927393], [-99.688916, 75.959717], [-99.97832, 76.029492], [-100.112842, 76.117236], [-100.085791, 76.133545], [-99.541064, 76.146289], [-100.414209, 76.242529], [-99.977734, 76.312451], [-100.174658, 76.359277], [-100.650684, 76.395947], [-100.890771, 76.475488], [-100.829736, 76.523877], [-100.387939, 76.613574], [-99.669043, 76.624121], [-99.169629, 76.453662], [-98.890332, 76.465576], [-99.023633, 76.614551], [-98.940869, 76.643164], [-98.71084, 76.693848], [-98.527588, 76.667383], [-98.236182, 76.575342], [-97.725879, 76.496094], [-97.689746, 76.421826], [-97.73877, 76.335254], [-97.573145, 76.224219], [-97.524268, 76.138721]]]}}, {"type": "Feature", "properties": {"kind": "land"}, "geometry": {"type": "Polygon", "coordinates": [[[-120.913965, 75.9375], [-120.878711, 75.906689], [-120.954932, 75.78877], [-121.076221, 75.745264], [-121.240918, 75.751855], [-121.026318, 75.84751], [-121.042285, 75.902979], [-120.913965, 75.9375]]]}}, {"type": "Feature", "properties": {"kind": "land"}, "geometry": {"type": "Polygon", "coordinates": [[[-103.314746, 75.764209], [-103.041504, 75.918848], [-103.201562, 75.958496], [-103.769775, 75.892383], [-103.985254, 75.933105], [-103.800781, 76.037012], [-104.24248, 76.046973], [-104.406055, 76.108496], [-104.350635, 76.182324], [-104.012061, 76.222998], [-103.098242, 76.311475], [-102.728027, 76.307031], [-102.584082, 76.281641], [-102.490039, 76.095068], [-102.008008, 75.939404], [-102.423437, 75.869189], [-102.57959, 75.780225], [-103.314746, 75.764209]]]}}, {"type": "Feature", "properties": {"kind": "land"}, "geometry": {"type": "Polygon", "coordinates": [[[-103.033545, 76.431494], [-103.199512, 76.37085], [-103.472217, 76.329053], [-104.35752, 76.334619], [-104.603027, 76.582715], [-104.500391, 76.630371], [-104.074512, 76.666113], [-103.959082, 76.63877], [-104.022852, 76.583105], [-103.722754, 76.601074], [-103.584619, 76.538867], [-103.033545, 76.431494]]]}}, {"type": "Feature", "properties": {"kind": "land"}, "geometry": {"type": "Polygon", "coordinates": [[[-100.962158, 76.73418], [-100.269141, 76.734131], [-101.226123, 76.579346], [-101.485205, 76.575], [-101.613086, 76.60459], [-101.165039, 76.66543], [-100.962158, 76.73418]]]}}, {"type": "Feature", "properties": {"kind": "land"}, "geometry": {"type": "Polygon", "coordinates": [[[-116.329199, 77.137061], [-115.810059, 76.939111], [-115.912891, 76.908447], [-116.252734, 76.901416], [-115.94458, 76.73623], [-115.984814, 76.686914], [-116.220459, 76.611084], [-116.999219, 76.531592], [-117.044482, 76.373096], [-117.233594, 76.281543], [-117.492383, 76.272705], [-117.992969, 76.405811], [-118.020215, 76.446533], [-118.00542, 76.49668], [-117.807617, 76.733936], [-117.780469, 76.784277], [-117.81792, 76.804102], [-118.300586, 76.73667], [-118.409131, 76.662305], [-118.468164, 76.547363], [-118.791406, 76.512988], [-118.820752, 76.48584], [-118.799561, 76.46377], [-118.643896, 76.417529], [-118.624512, 76.365869], [-118.643408, 76.334668], [-118.851123, 76.257812], [-118.993945, 76.144873], [-119.168213, 76.126514], [-119.36792, 76.221777], [-119.52373, 76.340283], [-119.580371, 76.326514], [-119.648926, 76.279883], [-119.639648, 76.156689], [-119.739648, 76.117725], [-119.549707, 76.052051], [-119.526123, 75.997217], [-119.912891, 75.858838], [-120.408887, 75.825635], [-120.563281, 76.008447], [-120.637158, 76.034033], [-120.771582, 76.166309], [-120.848389, 76.182666], [-120.900098, 76.163428], [-121.019287, 76.020264], [-121.213477, 75.983691], [-121.908203, 76.034766], [-122.400488, 75.944238], [-122.533057, 75.950928], [-122.640479, 76.009082], [-122.645947, 76.031006], [-122.54624, 76.080518], [-122.608643, 76.121436], [-122.592725, 76.162061], [-122.902783, 76.134717], [-122.774023, 76.227686], [-122.423047, 76.390088], [-121.561133, 76.453467], [-121.102002, 76.660742], [-120.485352, 76.793213], [-120.310937, 76.90459], [-119.090186, 77.305078], [-118.005176, 77.381201], [-117.418604, 77.317383], [-117.279102, 77.313379], [-117.148975, 77.36084], [-116.843555, 77.339551], [-116.703613, 77.379932], [-117.029785, 77.431885], [-117.039746, 77.465137], [-116.835303, 77.528857], [-116.511328, 77.547607], [-116.208887, 77.516016], [-115.475586, 77.324316], [-115.623926, 77.265918], [-116.329199, 77.137061]]]}}, {"type": "Feature", "properties": {"kind": "land"}, "geometry": {"type": "Polygon", "coordinates": [[[-113.89165, 76.894873], [-113.516504, 76.825049], [-113.487598, 76.783252], [-113.712451, 76.710547], [-114.751465, 76.758887], [-114.835254, 76.794678], [-114.419873, 76.875342], [-113.89165, 76.894873]]]}}, {"type": "Feature", "properties": {"kind": "land"}, "geometry": {"type": "Polygon", "coordinates": [[[-105.883154, 77.626514], [-106.066113, 77.725391], [-105.862988, 77.754395], [-105.456104, 77.700928], [-105.073877, 77.548291], [-105.007227, 77.506738], [-104.955322, 77.418701], [-104.770215, 77.413232], [-104.542236, 77.337744], [-104.456982, 77.220801], [-104.493359, 77.162354], [-104.711377, 77.123975], [-105.215088, 77.18208], [-105.556348, 77.352637], [-105.747217, 77.525391], [-105.848145, 77.563428], [-105.883154, 77.626514]]]}}, {"type": "Feature", "properties": {"kind": "land"}, "geometry": {"type": "Polygon", "coordinates": [[[-110.856543, 77.820361], [-110.719385, 77.781445], [-110.189209, 77.777002], [-110.117578, 77.715576], [-110.116895, 77.624707], [-110.198486, 77.524512], [-110.682861, 77.445898], [-112.176514, 77.34375], [-113.164355, 77.530273], [-113.208545, 77.580176], [-113.120654, 77.632617], [-113.283447, 77.813037], [-113.269336, 77.860059], [-113.187061, 77.912354], [-111.206592, 78.088135], [-110.458057, 78.103223], [-109.622266, 78.074756], [-109.679395, 77.999316], [-109.771777, 77.957422], [-110.751123, 77.857227], [-110.856543, 77.820361]]]}}, {"type": "Feature", "properties": {"kind": "land"}, "geometry": {"type": "Polygon", "coordinates": [[[-102.471533, 77.873486], [-101.639404, 77.89209], [-101.322021, 77.85415], [-101.127588, 77.812598], [-101.002051, 77.735107], [-102.079834, 77.692188], [-102.377832, 77.728125], [-102.458203, 77.770166], [-102.471533, 77.873486]]]}}, {"type": "Feature", "properties": {"kind": "land"}, "geometry": {"type": "Polygon", "coordinates": [[[-115.029346, 77.967529], [-114.330371, 78.077539], [-114.279834, 78.004297], [-113.768018, 77.903564], [-113.619385, 77.813477], [-113.832471, 77.754639], [-114.287207, 77.721484], [-114.60835, 77.769336], [-114.98042, 77.91543], [-115.029346, 77.967529]]]}}, {"type": "Feature", "properties": {"kind": "land"}, "geometry": {"type": "Polygon", "coordinates": [[[-102.891797, 78.27124], [-102.788281, 78.218164], [-103.118213, 78.126367], [-103.270996, 78.150635], [-103.260059, 78.183496], [-103.110449, 78.24585], [-102.891797, 78.27124]]]}}, {"type": "Feature", "properties": {"kind": "land"}, "geometry": {"type": "Polygon", "coordinates": [[[-109.390527, 78.33667], [-110.418359, 78.294971], [-110.755078, 78.310742], [-111.169189, 78.386279], [-111.51748, 78.274707], [-111.759717, 78.282959], [-112.13125, 78.366064], [-113.17251, 78.283789], [-113.292578, 78.334375], [-113.149951, 78.408398], [-112.855859, 78.466846], [-112.214014, 78.547803], [-111.708789, 78.574707], [-111.071484, 78.708398], [-110.618066, 78.757812], [-110.407812, 78.756641], [-109.50415, 78.582471], [-109.342139, 78.456006], [-109.3521, 78.368652], [-109.390527, 78.33667]]]}}, {"type": "Feature", "properties": {"kind": "land"}, "geometry": {"type": "Polygon", "coordinates": [[[-102.595605, 78.942969], [-102.576172, 78.879395], [-102.424805, 78.933203], [-102.393164, 79.010303], [-101.973633, 79.079199], [-101.703662, 79.078906], [-101.037158, 78.939014], [-101.147461, 78.823975], [-101.128125, 78.80166], [-100.916992, 78.78291], [-100.435498, 78.820312], [-100.014746, 78.728613], [-99.582129, 78.563281], [-99.680176, 78.493506], [-99.847803, 78.438232], [-99.774121, 78.392969], [-99.778223, 78.325098], [-99.751367, 78.302979], [-99.562451, 78.279346], [-99.131543, 78.117529], [-98.999609, 77.996875], [-99.166406, 77.856934], [-99.955908, 77.793799], [-100.586035, 77.891797], [-100.75791, 77.977686], [-100.826172, 78.087744], [-101.074121, 78.193848], [-102.056982, 78.279541], [-102.606982, 78.248926], [-102.77207, 78.306885], [-102.784326, 78.330176], [-102.731348, 78.371045], [-103.677246, 78.31958], [-103.946582, 78.26001], [-104.512646, 78.294629], [-104.879346, 78.40127], [-104.9854, 78.468018], [-104.995557, 78.518506], [-104.727051, 78.579395], [-103.764355, 78.519531], [-103.570508, 78.539844], [-103.482568, 78.593945], [-103.587988, 78.622998], [-104.02085, 78.634912], [-103.371582, 78.736328], [-103.518359, 78.769141], [-104.18501, 78.781299], [-103.875635, 78.902686], [-104.151953, 78.989893], [-104.394824, 78.956152], [-104.736035, 78.825928], [-104.895508, 78.808154], [-104.970215, 78.82915], [-104.969531, 78.856494], [-104.735254, 78.991113], [-104.746777, 79.0271], [-104.901367, 79.051123], [-105.535645, 79.03252], [-105.580176, 79.114209], [-105.514551, 79.24248], [-105.387695, 79.323584], [-104.847363, 79.310986], [-103.706396, 79.352051], [-103.19165, 79.295312], [-102.914355, 79.231104], [-102.652295, 79.09502], [-102.648193, 79.027148], [-102.730518, 78.969336], [-102.595605, 78.942969]]]}}, {"type": "Feature", "properties": {"kind": "land"}, "geometry": {"type": "Polygon", "coordinates": [[[-99.218457, 79.761865], [-99.333008, 79.839551], [-99.515625, 79.887158], [-100.056836, 79.898242], [-100.092432, 79.918652], [-100.120361, 80.03042], [-100.053271, 80.093359], [-99.802783, 80.140137], [-99.153223, 80.124219], [-98.894678, 80.081787], [-98.791602, 79.981104], [-98.768945, 79.850879], [-98.840625, 79.737061], [-99.218457, 79.761865]]]}}, {"type": "Feature", "properties": {"kind": "land"}, "geometry": {"type": "Polygon", "coordinates": [[[-81.901367, 53.165576], [-81.335352, 53.224268], [-81.135596, 53.205811], [-80.765332, 52.923242], [-80.709521, 52.787402], [-80.731689, 52.747266], [-80.802344, 52.733984], [-81.009863, 52.760645], [-82.005029, 53.010498], [-82.039258, 53.049902], [-81.901367, 53.165576]]]}}, {"type": "Feature", "properties": {"kind": "land"}, "geometry": {"type": "Polygon", "coordinates": [[[-79.939307, 53.274268], [-80.039355, 53.297168], [-80.074023, 53.344287], [-79.974561, 53.352246], [-79.939307, 53.274268]]]}}, {"type": "Feature", "properties": {"kind": "land"}, "geometry": {"type": "Polygon", "coordinates": [[[-79.74917, 56.376514], [-79.579736, 56.466357], [-79.687939, 56.326807], [-79.977588, 56.207031], [-80.088867, 56.213867], [-80.057471, 56.287354], [-80.005078, 56.31792], [-79.74917, 56.376514]]]}}, {"type": "Feature", "properties": {"kind": "land"}, "geometry": {"type": "Polygon", "coordinates": [[[-93.407471, 71.520703], [-93.031299, 71.335693], [-92.948682, 71.262109], [-92.882715, 71.069336], [-92.904199, 70.916064], [-92.981445, 70.852246], [-92.355811, 70.634277], [-92.214453, 70.49292], [-92.049121, 70.389648], [-92.072607, 70.31875], [-92.047363, 70.30332], [-91.983545, 70.285547], [-91.82041, 70.34165], [-91.76084, 70.32627], [-91.564062, 70.178271], [-91.616113, 70.147852], [-91.858594, 70.132666], [-92.121045, 70.169922], [-92.320508, 70.235352], [-92.511865, 70.103857], [-92.127002, 70.084521], [-91.976709, 70.038672], [-92.887793, 69.668213], [-92.31167, 69.6729], [-92.230762, 69.653369], [-92.258301, 69.634326], [-92.209082, 69.60332], [-91.911963, 69.53125], [-91.724121, 69.545605], [-91.384229, 69.649463], [-91.201807, 69.644775], [-91.150879, 69.637158], [-91.439941, 69.525684], [-90.66665, 69.515527], [-90.450537, 69.475439], [-90.415576, 69.456982], [-90.683984, 69.427734], [-90.79458, 69.346729], [-90.822119, 69.290479], [-90.892285, 69.267285], [-91.00498, 69.2771], [-91.057764, 69.318408], [-91.237207, 69.285547], [-90.744775, 69.105908], [-90.479004, 68.881152], [-90.538965, 68.81958], [-90.510156, 68.688867], [-90.573633, 68.474707], [-90.204785, 68.257471], [-89.897705, 68.490771], [-89.884229, 68.625586], [-89.783105, 68.735938], [-89.666602, 69.0146], [-89.279541, 69.255469], [-89.056738, 69.266113], [-88.637744, 69.058838], [-88.223535, 68.915039], [-88.041357, 68.811719], [-87.964355, 68.709277], [-87.911523, 68.564697], [-87.827734, 68.448096], [-87.813574, 68.345703], [-87.892676, 68.248145], [-88.111133, 68.251172], [-88.235254, 68.339062], [-88.346973, 68.288281], [-88.313818, 67.950342], [-88.195898, 67.76582], [-87.499121, 67.355322], [-87.41792, 67.21416], [-87.359375, 67.177246], [-87.26626, 67.183838], [-86.923926, 67.35625], [-86.560791, 67.482129], [-86.475537, 67.713135], [-86.398047, 67.800098], [-85.952588, 68.072461], [-85.731104, 68.44502], [-85.744873, 68.578271], [-85.689795, 68.670947], [-85.491064, 68.773975], [-85.275098, 68.741357], [-84.867578, 68.77334], [-85.106641, 68.844043], [-85.083398, 68.90791], [-84.916064, 68.962256], [-84.862207, 69.073975], [-85.113525, 69.165869], [-85.275488, 69.172314], [-85.386768, 69.231885], [-85.431934, 69.353857], [-85.402246, 69.426758], [-85.437207, 69.488232], [-85.415967, 69.547754], [-85.502441, 69.651514], [-85.446094, 69.777783], [-85.534814, 69.835059], [-85.507373, 69.845264], [-85.019824, 69.804785], [-84.645117, 69.849707], [-84.318799, 69.843701], [-83.665332, 69.699707], [-82.618359, 69.691064], [-82.37417, 69.641797], [-82.495703, 69.532227], [-82.754834, 69.494385], [-82.309863, 69.41001], [-82.208154, 69.297021], [-82.246777, 69.26499], [-82.227539, 69.248877], [-81.951807, 69.276074], [-81.377832, 69.185645], [-81.328662, 69.119922], [-81.611426, 69.003027], [-81.95166, 68.909082], [-81.95791, 68.883643], [-81.380908, 68.850049], [-81.263525, 68.780615], [-81.25249, 68.743164], [-81.281543, 68.657227], [-81.526855, 68.555957], [-81.914844, 68.458789], [-82.210156, 68.50625], [-82.49873, 68.478613], [-82.552686, 68.446484], [-82.412988, 68.357178], [-82.392871, 68.33833], [-82.422705, 68.296582], [-82.222412, 68.145264], [-82.151318, 68.139697], [-82.0125, 68.193896], [-82.102148, 68.018896], [-82.062549, 67.928174], [-81.869336, 67.80249], [-81.412305, 67.595361], [-81.294336, 67.497412], [-81.270117, 67.459912], [-81.301074, 67.356982], [-81.467578, 67.069873], [-81.630078, 67.002002], [-81.925537, 66.974707], [-82.260547, 66.739111], [-82.641504, 66.5875], [-82.948877, 66.55083], [-83.298389, 66.392139], [-83.406445, 66.37124], [-83.590283, 66.387842], [-83.651074, 66.484619], [-83.998047, 66.728516], [-84.208008, 66.736328], [-84.324365, 66.781787], [-84.361084, 66.822559], [-84.272559, 66.839209], [-84.538477, 66.972803], [-84.845752, 67.028711], [-85.113721, 66.906934], [-85.018262, 66.87207], [-84.857373, 66.940674], [-84.737744, 66.933594], [-84.223047, 66.682471], [-84.094238, 66.526221], [-83.82583, 66.28999], [-83.797559, 66.238477], [-83.869043, 66.213574], [-84.293066, 66.291797], [-84.398438, 66.25874], [-84.478418, 66.179297], [-84.628076, 66.207715], [-85.096191, 66.325342], [-85.442236, 66.537354], [-85.603857, 66.568262], [-86.063232, 66.520361], [-86.708154, 66.523047], [-86.737109, 66.510889], [-86.688623, 66.457471], [-86.746973, 66.41709], [-86.685107, 66.3604], [-86.113086, 66.225293], [-86.00083, 66.186816], [-85.95874, 66.119043], [-86.042871, 66.022559], [-87.081104, 65.44082], [-87.291455, 65.354834], [-87.452881, 65.338965], [-87.969971, 65.348926], [-88.672461, 65.611572], [-88.743945, 65.67876], [-89.087744, 65.738965], [-89.420361, 65.860791], [-89.749414, 65.936035], [-89.943994, 65.933594], [-89.847754, 65.872266], [-89.889697, 65.868555], [-90.31626, 65.926367], [-91.009521, 65.965723], [-91.427246, 65.9479], [-91.041113, 65.829834], [-91.064941, 65.899902], [-90.983447, 65.919238], [-89.924072, 65.780273], [-89.600391, 65.647754], [-89.241748, 65.446387], [-88.974023, 65.348291], [-88.197803, 65.279883], [-87.391943, 65.260547], [-87.027539, 65.198096], [-87.002686, 65.108594], [-87.028516, 65.063623], [-87.280518, 64.826172], [-87.88501, 64.400439], [-87.997559, 64.243945], [-88.105615, 64.183301], [-88.653027, 64.009375], [-88.817725, 63.992236], [-89.059619, 64.034424], [-89.200635, 64.11377], [-89.107666, 63.981104], [-89.131543, 63.968506], [-89.403516, 64.03999], [-89.500928, 64.014502], [-89.61582, 64.030615], [-89.763818, 64.099512], [-89.811328, 64.180566], [-90.04165, 64.140869], [-90.080029, 64.127734], [-89.953564, 64.080615], [-89.855713, 63.956982], [-90.168164, 63.97876], [-90.013428, 63.804297], [-90.154736, 63.689648], [-90.368848, 63.624414], [-90.596387, 63.661279], [-90.706836, 63.596924], [-90.811914, 63.580908], [-91.108057, 63.617822], [-91.538818, 63.725586], [-91.926025, 63.75708], [-91.956006, 63.772314], [-91.928906, 63.812451], [-91.982227, 63.822412], [-92.094873, 63.784424], [-92.338428, 63.787646], [-93.429688, 64.028809], [-93.696338, 64.147168], [-93.596729, 64.040576], [-93.66416, 63.941406], [-93.559814, 63.865283], [-93.270215, 63.840869], [-93.380273, 63.900049], [-93.405859, 63.941211], [-93.378516, 63.948486], [-92.156885, 63.691699], [-92.465088, 63.555078], [-92.289551, 63.562988], [-91.841846, 63.697559], [-91.330078, 63.506836], [-90.970068, 63.442773], [-90.746582, 63.351562], [-90.711279, 63.304053], [-90.698584, 63.063867], [-90.777881, 62.971631], [-91.114893, 62.921582], [-91.448975, 62.804053], [-92.034229, 62.863428], [-92.361279, 62.819385], [-92.377734, 62.772412], [-92.305176, 62.71167], [-91.955859, 62.644775], [-91.93584, 62.592383], [-92.007861, 62.540527], [-92.269531, 62.586963], [-92.551416, 62.546729], [-92.594971, 62.470068], [-92.767969, 62.37998], [-92.765967, 62.349951], [-92.627441, 62.279053], [-92.527979, 62.168408], [-92.86582, 62.306201], [-93.205371, 62.364941], [-92.987793, 62.285938], [-92.905518, 62.215137], [-93.065869, 62.149756], [-93.01626, 62.092676], [-93.073389, 62.060547], [-93.349756, 62.029785], [-93.366357, 62.014551], [-93.273438, 61.961084], [-93.333057, 61.93291], [-93.581787, 61.942041], [-93.494238, 61.846924], [-93.312012, 61.767285], [-93.709668, 61.602539], [-93.912744, 61.481445], [-93.940869, 61.443652], [-93.888818, 61.344043], [-93.941992, 61.308008], [-94.083447, 61.303662], [-94.049951, 61.211279], [-94.067773, 61.138867], [-94.509375, 60.604541], [-94.568896, 60.541992], [-94.67876, 60.537695], [-94.761719, 60.498242], [-94.646777, 60.416406], [-94.785791, 59.95332], [-94.788281, 59.267871], [-94.870264, 59.087988], [-94.957324, 59.068848], [-94.776172, 59.020605], [-94.673389, 58.870117], [-94.579199, 58.868457], [-94.419238, 58.745508], [-94.287061, 58.716016], [-94.332227, 58.297363], [-94.272168, 58.378027], [-94.208936, 58.626367], [-94.123193, 58.736719], [-93.780029, 58.772559], [-93.278125, 58.756396], [-93.17876, 58.725635], [-93.100195, 58.489844], [-92.841748, 58.075879], [-92.70166, 57.777783], [-92.489648, 57.468604], [-92.432812, 57.320312], [-92.478369, 57.205273], [-92.614111, 57.039014], [-92.798145, 56.921973], [-92.456299, 57.036719], [-92.303369, 57.04585], [-92.355713, 56.970605], [-91.111279, 57.241211], [-90.897461, 57.256934], [-90.592187, 57.224463], [-89.79082, 56.981348], [-88.826465, 56.814258], [-88.44707, 56.608691], [-88.075098, 56.467285], [-87.482422, 56.021289], [-86.919385, 55.914551], [-85.67666, 55.601074], [-85.218018, 55.348975], [-85.212012, 55.297461], [-85.365283, 55.079297], [-85.213574, 55.224365], [-85.060937, 55.285645], [-84.517969, 55.258887], [-83.910596, 55.314648], [-83.214355, 55.2146], [-82.986279, 55.231396], [-82.867773, 55.160693], [-82.577441, 55.14873], [-82.393262, 55.067822], [-82.308252, 54.998145], [-82.219385, 54.813477], [-82.418066, 54.355811], [-82.42417, 54.24458], [-82.394141, 54.180469], [-82.239893, 54.044824], [-82.141455, 53.817627], [-82.190625, 53.610937], [-82.146191, 53.3646], [-82.15918, 53.26416], [-82.259912, 53.159814], [-82.291553, 53.030713], [-82.260449, 52.961133], [-82.02002, 52.811621], [-81.599414, 52.432617], [-81.57168, 52.367285], [-81.611523, 52.324072], [-81.827881, 52.224219], [-81.549512, 52.236768], [-81.466211, 52.204492], [-81.285059, 52.089209], [-80.968506, 51.972217], [-80.657959, 51.75835], [-80.49585, 51.525098], [-80.443311, 51.388574], [-80.672705, 51.264746], [-80.851221, 51.125], [-80.47832, 51.307324], [-80.367969, 51.329883], [-80.103564, 51.282861], [-79.83623, 51.17334], [-79.3479, 50.762646], [-79.452637, 50.917285], [-79.714453, 51.117578], [-79.737451, 51.186279], [-79.688818, 51.346582], [-79.497559, 51.569922], [-79.296973, 51.622803], [-79.264258, 51.552002], [-79.040527, 51.46377], [-78.903174, 51.200293], [-78.858008, 51.383936], [-78.731348, 51.497461], [-78.977734, 51.733789], [-78.981641, 51.774561], [-78.927881, 51.798828], [-78.828223, 51.962988], [-78.702002, 52.032715], [-78.537354, 52.213281], [-78.448096, 52.261377], [-78.526074, 52.310693], [-78.55708, 52.491895], [-78.744141, 52.655371], [-78.765771, 52.760059], [-78.72168, 52.856445], [-78.898242, 53.043359], [-78.992041, 53.410352], [-79.100342, 53.656641], [-79.113135, 53.717188], [-79.040332, 53.817969], [-78.945703, 53.831592], [-79.075146, 53.932373], [-78.996045, 54.00249], [-79.067139, 54.051953], [-79.241797, 54.098877], [-79.138818, 54.157227], [-79.356152, 54.263379], [-79.475977, 54.394775], [-79.597949, 54.60166], [-79.712354, 54.671826], [-78.475049, 55.011035], [-77.775293, 55.29126], [-77.165088, 55.663525], [-76.761816, 55.996436], [-76.604053, 56.199561], [-76.529834, 56.499951], [-76.525586, 56.891797], [-76.572852, 57.181201], [-76.65542, 57.380566], [-76.890918, 57.758105], [-77.156787, 58.018896], [-77.552441, 58.2396], [-78.013574, 58.39917], [-78.351709, 58.580664], [-78.462988, 58.602441], [-78.505908, 58.649121], [-78.502295, 58.769092], [-78.430518, 58.901758], [-78.067676, 59.200195], [-77.842822, 59.305029], [-77.760693, 59.380029], [-77.859033, 59.475781], [-77.733496, 59.580957], [-77.726172, 59.675879], [-77.59043, 59.680518], [-77.39668, 59.569238], [-77.349072, 59.578955], [-77.485303, 59.68457], [-77.331641, 59.796631], [-77.372949, 59.925098], [-77.289209, 60.022021], [-77.585889, 60.088184], [-77.452881, 60.145801], [-77.681445, 60.4271], [-77.598145, 60.506738], [-77.503564, 60.542725], [-77.71499, 60.577783], [-77.79082, 60.639844], [-77.660645, 60.789502], [-77.589551, 60.808594], [-77.603027, 60.825195], [-77.871533, 60.78584], [-78.181348, 60.819141], [-77.765039, 61.15752], [-77.726807, 61.230664], [-77.736182, 61.437354], [-77.514355, 61.556299], [-77.889893, 61.728711], [-78.021387, 61.83208], [-78.137158, 62.107373], [-78.133398, 62.282275], [-78.068115, 62.35542], [-77.899902, 62.426563], [-77.603955, 62.531396], [-77.372412, 62.57251], [-76.879395, 62.525391], [-75.816895, 62.315869], [-75.675537, 62.249512], [-75.809229, 62.193408], [-75.789844, 62.17959], [-75.341211, 62.312109], [-75.022754, 62.264453], [-74.632568, 62.115674], [-74.612891, 62.125195], [-74.689893, 62.183447], [-74.645801, 62.211133], [-73.705078, 62.473145], [-73.298975, 62.325049], [-72.881836, 62.125391], [-72.686963, 62.124561], [-72.632129, 62.027246], [-72.771631, 61.84043], [-72.505566, 61.922656], [-72.226123, 61.831592], [-72.040039, 61.680273], [-72.082031, 61.641406], [-72.24707, 61.602051], [-72.215869, 61.587256], [-72.023096, 61.611963], [-71.866113, 61.688525], [-71.638281, 61.617188], [-71.604785, 61.592383], [-71.619434, 61.5729], [-71.755762, 61.526758], [-71.854395, 61.439795], [-71.645312, 61.413135], [-71.732129, 61.37207], [-71.743457, 61.337256], [-71.422705, 61.158936], [-71.175146, 61.146533], [-70.723242, 61.055176], [-70.279297, 61.068652], [-70.157959, 61.020654], [-70.145898, 60.921826], [-70.095312, 60.880273], [-69.992432, 60.856494], [-69.708398, 60.914648], [-69.623633, 61.049512], [-69.556982, 61.059668], [-69.471924, 61.010937], [-69.404736, 60.846777], [-69.640479, 60.689795], [-69.75127, 60.487451], [-69.740576, 60.332275], [-69.62876, 60.198584], [-69.629785, 60.122119], [-69.67373, 60.075879], [-69.795654, 60.029736], [-69.962842, 60.017822], [-70.654834, 60.026221], [-70.619727, 59.984277], [-69.805664, 59.944873], [-69.733936, 59.918018], [-69.630225, 59.821826], [-69.579395, 59.675098], [-69.692383, 59.488428], [-69.710889, 59.392529], [-69.681885, 59.341748], [-69.4, 59.337793], [-69.344043, 59.303076], [-69.450488, 59.180029], [-69.414111, 59.086865], [-69.531641, 58.869238], [-69.648389, 58.820801], [-69.78418, 58.955713], [-69.867578, 58.856152], [-70.159961, 58.789404], [-70.154346, 58.760596], [-69.789893, 58.689307], [-69.271094, 58.883936], [-68.698193, 58.904541], [-68.474902, 58.823486], [-68.381152, 58.743506], [-68.326465, 58.59541], [-68.252979, 58.556641], [-68.229395, 58.48457], [-68.233887, 58.399219], [-68.356543, 58.163232], [-68.468164, 58.076318], [-68.945312, 57.968799], [-69.04082, 57.90249], [-68.780957, 57.97583], [-68.495068, 58.01167], [-68.413574, 58.051758], [-68.289111, 58.177686], [-68.175537, 58.402588], [-68.111035, 58.47334], [-68.021045, 58.485303], [-67.888281, 58.295752], [-68.063867, 58.138965], [-67.855859, 58.272607], [-67.755957, 58.40459], [-67.689697, 58.243799], [-67.678271, 57.991113], [-67.569629, 58.213477], [-67.019434, 58.43291], [-66.722168, 58.491016], [-66.60791, 58.548926], [-66.47998, 58.730908], [-66.362402, 58.791162], [-66.237402, 58.772266], [-66.090918, 58.659033], [-66.029541, 58.566797], [-66.002393, 58.431201], [-65.9229, 58.571973], [-66.043066, 58.820654], [-65.854834, 58.846631], [-65.835938, 58.860498], [-65.920703, 58.914648], [-65.841406, 58.977051], [-65.703564, 58.970605], [-65.720996, 59.023779], [-65.543994, 59.011865], [-65.383545, 59.060205], [-65.60625, 59.110742], [-65.7, 59.21333], [-65.607129, 59.213135], [-65.512793, 59.350391], [-65.411719, 59.31499], [-65.489355, 59.447754], [-65.475098, 59.470312], [-65.349707, 59.478809], [-65.038232, 59.387891], [-65.407422, 59.539355], [-65.486475, 59.648682], [-65.433398, 59.776514], [-65.28877, 59.818066], [-65.054492, 59.752783], [-65.028174, 59.770703], [-65.159229, 59.830127], [-65.171729, 59.908008], [-64.93125, 60.252002], [-64.817334, 60.331055], [-64.705859, 60.336133], [-64.499414, 60.268262], [-64.436328, 60.228125], [-64.41958, 60.171387], [-64.527734, 60.094531], [-64.768457, 60.012109], [-64.283496, 60.064062], [-64.182861, 59.972949], [-64.168799, 59.846533], [-64.226318, 59.741211], [-64.056055, 59.822559], [-63.978711, 59.753711], [-63.928809, 59.644922], [-63.750195, 59.512598], [-63.970703, 59.409082], [-63.945459, 59.380176], [-63.780859, 59.349268], [-63.758594, 59.318652], [-63.775879, 59.277148], [-63.6375, 59.341455], [-63.539893, 59.332861], [-63.415137, 59.194385], [-63.506201, 59.115186], [-63.645508, 59.078906], [-63.971143, 59.053809], [-63.941016, 59.027393], [-63.793652, 59.027002], [-63.398975, 59.079639], [-63.248437, 59.068311], [-63.22251, 59.057178], [-63.309863, 59.026465], [-63.216406, 58.927979], [-63.282129, 58.867383], [-63.050293, 58.878174], [-62.926074, 58.765039], [-62.873877, 58.672461], [-63.102344, 58.545752], [-63.389941, 58.452539], [-63.537061, 58.329932], [-63.473633, 58.330664], [-63.209961, 58.466943], [-63.119531, 58.441748], [-63.132129, 58.41084], [-62.737305, 58.492188], [-62.607861, 58.496387], [-62.593848, 58.474023], [-62.674316, 58.319189], [-62.812061, 58.200391], [-63.062793, 58.1271], [-63.261523, 58.014697], [-63.22002, 58.002148], [-62.817529, 58.129248], [-62.48623, 58.154053], [-62.305664, 57.972266], [-62.117432, 57.964111], [-61.958643, 57.911768], [-61.899072, 57.861328], [-61.994922, 57.769434], [-61.93125, 57.668555], [-61.967969, 57.611914], [-62.338574, 57.484521], [-62.495557, 57.489209], [-62.396484, 57.448193], [-62.088086, 57.452832], [-61.921143, 57.420801], [-61.849805, 57.37041], [-61.977441, 57.247949], [-61.86084, 57.197559], [-61.628516, 57.183154], [-61.33374, 57.010596], [-61.390479, 56.852979], [-61.371631, 56.680811], [-61.531689, 56.65459], [-62.0625, 56.699072], [-62.381738, 56.787695], [-62.295801, 56.832812], [-62.497266, 56.801709], [-62.395508, 56.730029], [-62.116504, 56.666846], [-61.991602, 56.59082], [-61.854932, 56.584277], [-61.737744, 56.526025], [-61.899414, 56.50542], [-62.009668, 56.453857], [-61.94043, 56.423584], [-61.425293, 56.360645], [-61.707129, 56.288721], [-61.713086, 56.230957], [-61.364697, 56.216016], [-61.301123, 56.047168], [-61.448926, 56.022363], [-61.449512, 55.995703], [-61.187891, 55.955371], [-61.089355, 55.866357], [-60.995752, 55.862354], [-60.831836, 55.957861], [-60.743262, 55.941455], [-60.736621, 55.886963], [-60.592578, 55.814844], [-60.562109, 55.727002], [-60.47583, 55.805127], [-60.341016, 55.784668], [-60.408301, 55.649561], [-60.192383, 55.480908], [-60.360937, 55.366309], [-60.450098, 55.199951], [-60.617139, 55.060205], [-60.212549, 55.236426], [-59.930322, 55.259424], [-59.758789, 55.30957], [-59.695508, 55.269141], [-59.689062, 55.196338], [-59.437891, 55.175928], [-59.741699, 54.942578], [-59.837793, 54.813965], [-59.428564, 55.055518], [-59.25957, 55.199951], [-58.997119, 55.149463], [-58.885791, 54.952246], [-58.780176, 54.838379], [-58.398145, 54.774121], [-58.222852, 54.812695], [-58.195264, 54.865918], [-57.962451, 54.875732], [-57.929297, 54.773145], [-57.826855, 54.718652], [-57.626611, 54.650342], [-57.483008, 54.640283], [-57.404492, 54.590869], [-57.563232, 54.44043], [-57.699268, 54.386572], [-58.151367, 54.350439], [-58.219727, 54.286475], [-58.435205, 54.228125], [-58.633203, 54.049561], [-58.920215, 54.033105], [-59.038818, 53.963623], [-59.496533, 53.83418], [-59.823047, 53.834424], [-60.056543, 53.73335], [-60.144922, 53.596143], [-60.39541, 53.65332], [-60.369531, 53.607471], [-60.100293, 53.486963], [-60.290283, 53.391455], [-60.305762, 53.360107], [-60.251172, 53.343555], [-60.345703, 53.289014], [-60.329492, 53.266113], [-60.14834, 53.306543], [-59.829053, 53.504541], [-59.621094, 53.536816], [-59.322266, 53.64375], [-58.91958, 53.875293], [-58.652051, 53.977881], [-57.928271, 54.103564], [-58.177441, 54.131299], [-58.31748, 54.114453], [-58.360791, 54.154492], [-58.309961, 54.20166], [-58.19209, 54.228174], [-57.416064, 54.162744], [-57.198877, 53.924365], [-57.134961, 53.791846], [-57.243994, 53.715479], [-57.524072, 53.611426], [-57.386133, 53.560547], [-57.331738, 53.469092], [-57.012158, 53.672607], [-56.840869, 53.739453], [-56.524316, 53.766455], [-56.46499, 53.765039], [-56.354004, 53.624463], [-56.110156, 53.587598], [-55.966113, 53.471143], [-55.859375, 53.343896], [-55.854785, 53.28584], [-55.797949, 53.211963], [-55.808203, 53.134668], [-55.892334, 53.000439], [-55.829883, 52.878418], [-55.87251, 52.735693], [-55.802832, 52.643164], [-56.292383, 52.573779], [-56.324902, 52.544531], [-56.052588, 52.537402], [-55.746484, 52.474561], [-55.705957, 52.428271], [-55.716211, 52.391504], [-55.777148, 52.364258], [-56.011719, 52.394482], [-55.691064, 52.241602], [-55.672803, 52.190137], [-55.695215, 52.137793], [-56.01748, 51.929297], [-56.975977, 51.457666], [-57.46167, 51.469092], [-57.76958, 51.425928], [-58.089404, 51.310986], [-58.510352, 51.295068], [-58.593262, 51.257129], [-58.637598, 51.17168], [-59.165381, 50.779883], [-59.378027, 50.675439], [-59.611914, 50.49209], [-59.815332, 50.418262], [-59.886328, 50.316406], [-60.080176, 50.25459], [-60.608203, 50.221143], [-60.807227, 50.249805], [-60.956299, 50.20542], [-61.289746, 50.201953], [-61.724854, 50.104053], [-61.919531, 50.232861], [-62.71543, 50.30166], [-63.135645, 50.293799], [-63.238623, 50.242578], [-63.58667, 50.258203], [-63.853955, 50.314355], [-64.17041, 50.269434], [-64.508936, 50.308936], [-64.867871, 50.275488], [-65.268604, 50.32002], [-65.762451, 50.259277], [-65.955371, 50.294141], [-66.125537, 50.201025], [-66.495508, 50.211865], [-66.740869, 50.065527], [-66.941162, 49.993701], [-67.234375, 49.601758], [-67.261914, 49.451172], [-67.372021, 49.348437], [-68.05625, 49.256787], [-68.281934, 49.197168], [-68.220605, 49.149658], [-68.543848, 49.056152], [-68.627881, 49.007178], [-68.669043, 48.939502], [-68.929053, 48.828955], [-69.230762, 48.573633], [-69.374951, 48.386426], [-69.550098, 48.250781], [-69.673877, 48.19917], [-69.851709, 48.207373], [-70.383691, 48.366504], [-71.018262, 48.455615], [-70.83877, 48.367383], [-70.500635, 48.354346], [-69.971191, 48.205762], [-69.865527, 48.172266], [-69.775, 48.098096], [-69.905566, 47.832227], [-69.994434, 47.739893], [-70.448047, 47.423437], [-70.705859, 47.139795], [-71.115625, 46.924951], [-71.267773, 46.795947], [-71.757275, 46.673584], [-71.87959, 46.686816], [-72.204639, 46.558887], [-72.256641, 46.485059], [-72.680127, 46.287305], [-72.981006, 46.209717], [-73.021924, 46.120264], [-73.14541, 46.066309], [-73.283545, 45.899854], [-73.476611, 45.738232], [-73.711865, 45.711182], [-73.897412, 45.56416], [-74.037842, 45.501855], [-74.315088, 45.531055], [-73.999609, 45.43335], [-73.973828, 45.345117], [-74.098096, 45.324023], [-74.358301, 45.206396], [-74.708887, 45.003857], [-74.566309, 45.041602], [-74.269043, 45.188281], [-74.049805, 45.241406], [-73.764648, 45.395459], [-73.558105, 45.425098], [-73.518799, 45.458984], [-73.465283, 45.632324], [-73.15957, 46.010059], [-72.989941, 46.103613], [-72.733447, 46.181836], [-72.496191, 46.352686], [-72.240137, 46.44209], [-72.109277, 46.551221], [-71.900928, 46.631934], [-71.671289, 46.65376], [-71.261182, 46.75625], [-71.152002, 46.819092], [-70.519482, 47.03252], [-70.388086, 47.116943], [-70.217773, 47.289844], [-70.06958, 47.377783], [-70.017139, 47.471436], [-69.581055, 47.823682], [-69.471045, 47.967285], [-68.815674, 48.366016], [-68.552002, 48.457324], [-68.238184, 48.626416], [-67.560889, 48.855957], [-66.598096, 49.126367], [-66.178174, 49.213135], [-65.523389, 49.266162], [-64.836328, 49.191748], [-64.567725, 49.104785], [-64.216211, 48.873633], [-64.208789, 48.806201], [-64.513721, 48.841113], [-64.246094, 48.691113], [-64.25376, 48.550391], [-64.348828, 48.423193], [-64.633154, 48.360498], [-64.82207, 48.196484], [-65.259424, 48.02124], [-65.475879, 48.031494], [-65.926709, 48.188867], [-66.083105, 48.102686], [-66.448975, 48.119629], [-66.704395, 48.022461], [-66.359619, 48.060645], [-66.210205, 47.988574], [-65.849414, 47.911035], [-65.755713, 47.859766], [-65.666455, 47.696143], [-65.607227, 47.67002], [-65.483496, 47.687012], [-65.228174, 47.811279], [-65.00166, 47.846826], [-65.046387, 47.793018], [-64.873975, 47.797217], [-64.703223, 47.724854], [-64.852148, 47.569873], [-64.912207, 47.368652], [-65.318896, 47.101221], [-65.19209, 47.049561], [-65.042383, 47.088818], [-64.831396, 47.060791], [-64.905762, 46.887939], [-64.816699, 46.698682], [-64.725879, 46.671436], [-64.641357, 46.425586], [-64.647852, 46.355957], [-64.556836, 46.311426], [-64.541504, 46.240332], [-63.915918, 46.16582], [-63.831934, 46.107178], [-64.056396, 46.021338], [-63.702881, 45.858008], [-63.509229, 45.874707], [-63.292773, 45.751953], [-63.10791, 45.782422], [-62.700684, 45.740576], [-62.750098, 45.648242], [-62.585645, 45.660693], [-62.483057, 45.621826], [-61.955518, 45.868164], [-61.923584, 45.851172], [-61.877246, 45.714209], [-61.776514, 45.655615], [-61.656885, 45.642187], [-61.492285, 45.687012], [-61.350488, 45.573682], [-61.277051, 45.476025], [-61.281982, 45.441064], [-61.460986, 45.366699], [-61.106738, 45.348633], [-61.031543, 45.291748], [-61.101074, 45.233447], [-61.165332, 45.256104], [-61.283789, 45.235498], [-62.514014, 44.843652], [-63.031836, 44.714795], [-63.155713, 44.711328], [-63.306299, 44.642578], [-63.456836, 44.639941], [-63.604004, 44.683203], [-63.544824, 44.54375], [-63.609766, 44.47998], [-63.820654, 44.510645], [-63.999707, 44.644922], [-64.100879, 44.487451], [-64.166992, 44.58667], [-64.286084, 44.550342], [-64.338525, 44.444873], [-64.275684, 44.334082], [-64.33457, 44.291992], [-64.378223, 44.303564], [-64.468799, 44.185156], [-64.578467, 44.142041], [-64.862354, 43.867871], [-65.086816, 43.727197], [-65.234912, 43.726758], [-65.32959, 43.668115], [-65.344287, 43.549609], [-65.428516, 43.561426], [-65.481689, 43.518066], [-65.564453, 43.553271], [-65.661914, 43.534033], [-65.738135, 43.560742], [-65.886914, 43.795215], [-65.978418, 43.814844], [-66.037646, 43.742188], [-66.125732, 43.813818], [-66.193066, 44.143848], [-66.099561, 44.36748], [-65.868018, 44.568799], [-65.941943, 44.575537], [-66.146387, 44.435937], [-66.090625, 44.504932], [-65.917041, 44.615088], [-65.615771, 44.68042], [-65.502246, 44.7604], [-65.728223, 44.697119], [-65.656738, 44.760303], [-64.90293, 45.120801], [-64.448828, 45.256055], [-64.406885, 45.305713], [-64.448145, 45.337451], [-64.330762, 45.309326], [-64.354248, 45.138232], [-64.23501, 45.114307], [-64.135498, 45.023047], [-64.182715, 45.147021], [-64.093164, 45.21709], [-63.74834, 45.310889], [-63.460254, 45.321094], [-63.368018, 45.364795], [-63.614453, 45.394141], [-63.906445, 45.378174], [-64.087158, 45.410889], [-64.336426, 45.389551], [-64.600195, 45.410059], [-64.74668, 45.324365], [-64.873145, 45.35459], [-64.912891, 45.374805], [-64.827393, 45.475537], [-64.560059, 45.625488], [-64.314648, 45.835693], [-64.482227, 45.806348], [-64.632715, 45.946631], [-64.593652, 45.813672], [-64.778516, 45.638428], [-64.8979, 45.625977], [-65.54502, 45.337305], [-65.884473, 45.2229], [-65.955615, 45.222461], [-66.109766, 45.316602], [-66.026562, 45.417578], [-66.182715, 45.335205], [-66.107324, 45.256934], [-66.14375, 45.227588], [-66.439844, 45.095898], [-66.510937, 45.143359], [-66.872461, 45.067285], [-66.918701, 45.145605], [-67.084082, 45.143945], [-67.124854, 45.169434], [-67.080469, 44.98916], [-67.113916, 44.944385], [-67.106738, 44.885059], [-67.014014, 44.867773], [-66.987012, 44.827686], [-67.19126, 44.675586], [-67.364062, 44.696875], [-67.556006, 44.644775], [-67.599072, 44.576807], [-67.652979, 44.562402], [-67.839062, 44.57627], [-67.907031, 44.453613], [-67.962695, 44.464307], [-68.056641, 44.384326], [-68.152051, 44.502002], [-68.277441, 44.507373], [-68.37373, 44.445117], [-68.450586, 44.507617], [-68.521436, 44.380225], [-68.53252, 44.258643], [-68.612012, 44.310547], [-68.811914, 44.339355], [-68.710107, 44.442578], [-68.794922, 44.454492], [-68.762695, 44.570752], [-68.847363, 44.485059], [-68.961475, 44.433838], [-68.956152, 44.348096], [-69.063574, 44.172363], [-69.068359, 44.097559], [-69.137256, 44.037842], [-69.226074, 43.986475], [-69.344531, 44.000928], [-69.520752, 43.897363], [-69.556689, 43.982764], [-69.58999, 43.886572], [-69.623926, 43.880615], [-69.652881, 43.993896], [-69.699121, 43.955029], [-69.729834, 43.852002], [-69.795312, 43.910645], [-69.80835, 43.772314], [-69.87251, 43.819531], [-69.974316, 43.787891], [-69.965234, 43.855078], [-70.062354, 43.834619], [-70.269238, 43.671924], [-70.202588, 43.626123], [-70.520703, 43.348828], [-70.642334, 43.134424], [-70.733105, 43.07002], [-70.829053, 42.825342], [-70.735693, 42.669287], [-70.623975, 42.671777], [-70.612939, 42.623242], [-70.831152, 42.552588], [-71.046191, 42.331104], [-70.738281, 42.228857], [-70.617676, 42.04043], [-70.656152, 41.987061], [-70.548926, 41.938623], [-70.514697, 41.80332], [-70.42666, 41.757275], [-70.295459, 41.728955], [-70.001416, 41.826172], [-70.110254, 42.030127], [-70.172559, 42.062793], [-70.19624, 42.035107], [-70.241064, 42.091211], [-70.108936, 42.07832], [-69.977881, 41.961279], [-69.941602, 41.807861], [-69.948633, 41.677148], [-70.404687, 41.626904], [-70.657129, 41.534229], [-70.666455, 41.710107], [-70.701123, 41.714844], [-70.974219, 41.548535], [-71.079785, 41.538086], [-71.168555, 41.489404], [-71.204297, 41.641113], [-71.14873, 41.745703], [-71.271094, 41.68125], [-71.390137, 41.795312], [-71.363672, 41.702734], [-71.426562, 41.633301], [-71.443799, 41.453711], [-71.522852, 41.378955], [-72.265283, 41.29165], [-72.371045, 41.312158], [-72.479395, 41.275781], [-72.924707, 41.285156], [-73.02373, 41.216455], [-73.61752734837339, 41.0], [-73.88541278728324, 41.0], [-73.882227, 41.170605], [-73.969922, 41.249707], [-73.917676, 41.135791], [-73.90946518246633, 41.0], [-124.13423096987101, 41.0], [-124.140039, 41.155908], [-124.071924, 41.459521], [-124.163232, 41.718994], [-124.244629, 41.787939], [-124.21167, 41.984619], [-124.355273, 42.1229], [-124.420508, 42.381006], [-124.406152, 42.583691], [-124.539648, 42.812891], [-124.346582, 43.34165], [-124.196924, 43.42334], [-124.287988, 43.409717], [-124.14873, 43.691748], [-124.09917, 44.333789], [-124.047461, 44.425488], [-124.05918, 44.777734], [-123.929346, 45.576953], [-123.96123, 45.842969], [-123.947119, 46.140576], [-123.989307, 46.219385], [-123.91167, 46.182178], [-123.673633, 46.182617], [-123.521631, 46.222656], [-123.402295, 46.15498], [-123.220605, 46.153613], [-123.464844, 46.271094], [-123.650342, 46.267725], [-123.688379, 46.299854], [-123.895703, 46.267773], [-123.959766, 46.300732], [-124.072754, 46.279443], [-124.044336, 46.605078], [-123.946143, 46.432568], [-123.88916, 46.66001], [-124.07168, 46.744775], [-124.112549, 46.862695], [-123.842871, 46.963184], [-124.111719, 47.035205], [-124.139258, 46.954687], [-124.198828, 47.208545], [-124.309277, 47.40459], [-124.376025, 47.658643], [-124.460059, 47.784229], [-124.621094, 47.90415], [-124.663086, 47.974121], [-124.709961, 48.380371], [-123.975781, 48.168457], [-123.294434, 48.119531], [-123.161865, 48.154541], [-122.973877, 48.073291], [-122.778613, 48.137598], [-122.656641, 47.881152], [-122.778418, 47.738428], [-122.801758, 47.735352], [-122.821387, 47.793164], [-123.050635, 47.551953], [-123.131055, 47.437744], [-123.136328, 47.355811], [-123.030908, 47.360205], [-122.922168, 47.407666], [-123.066797, 47.399658], [-123.060156, 47.453662], [-122.982471, 47.559375], [-122.757129, 47.700537], [-122.608154, 47.835498], [-122.585742, 47.927881], [-122.532813, 47.919727], [-122.523926, 47.769336], [-122.630176, 47.692822], [-122.613623, 47.615625], [-122.675488, 47.612354], [-122.557422, 47.463184], [-122.577881, 47.293164], [-122.648633, 47.281445], [-122.707715, 47.316406], [-122.767773, 47.218359], [-122.828467, 47.336572], [-122.919531, 47.289648], [-123.027588, 47.138916], [-122.811963, 47.145996], [-122.701953, 47.110889], [-122.627051, 47.144238], [-122.542187, 47.275586], [-122.420117, 47.312109], [-122.353809, 47.371582], [-122.368359, 47.603906], [-122.410498, 47.652637], [-122.383643, 47.716455], [-122.401807, 47.784277], [-122.241992, 48.010742], [-122.41582, 48.183936], [-122.394775, 48.084131], [-122.494043, 48.130469], [-122.520312, 48.229102], [-122.403369, 48.269189], [-122.408545, 48.293896], [-122.54165, 48.410937], [-122.6625, 48.446387], [-122.657275, 48.48999], [-122.496777, 48.505566], [-122.545117, 48.762305], [-122.653027, 48.763867], [-122.685937, 48.794287], [-122.826709, 49.028418], [-122.962695, 49.074609], [-123.077295, 48.980225], [-123.117627, 49.056348], [-123.079541, 49.130615], [-123.196338, 49.147705], [-123.191064, 49.219531], [-123.229443, 49.260498], [-122.947656, 49.293262], [-122.879102, 49.398926], [-123.015527, 49.322168], [-123.276758, 49.343945], [-123.1875, 49.680322], [-123.325, 49.577686], [-123.335645, 49.45918], [-123.436963, 49.451318], [-123.530566, 49.397314], [-123.858936, 49.482861], [-123.948389, 49.534717], [-124.053809, 49.661719], [-123.992627, 49.736182], [-123.922754, 49.717529], [-123.817187, 49.586572], [-123.739062, 49.593555], [-123.582471, 49.68125], [-123.762695, 49.658496], [-123.874414, 49.736816], [-123.903809, 49.795459], [-123.904248, 49.981152], [-123.784668, 50.087988], [-123.880127, 50.173633], [-123.945898, 50.183936], [-123.865723, 50.07207], [-123.971387, 49.969531], [-123.972119, 49.892041], [-124.141602, 49.792676], [-124.412598, 49.778125], [-124.702295, 49.957666], [-124.782373, 50.020117], [-124.784277, 50.072803], [-124.93418, 50.258057], [-124.93335, 50.2979], [-124.985596, 50.355615], [-125.043604, 50.36377], [-125.056689, 50.418652], [-124.862646, 50.637305], [-124.859863, 50.872412], [-124.933594, 50.810596], [-124.942529, 50.665674], [-125.058789, 50.513867], [-125.209863, 50.476318], [-125.476318, 50.497168], [-125.525977, 50.534131], [-125.539355, 50.649023], [-125.641309, 50.466211], [-125.772412, 50.508203], [-126.094336, 50.497607], [-126.404492, 50.529883], [-126.449951, 50.549707], [-126.447461, 50.587744], [-125.897607, 50.684375], [-125.904102, 50.704932], [-126.514355, 50.679395], [-126.517334, 50.724463], [-126.374609, 50.837354], [-126.521777, 50.866064], [-126.484619, 50.960498], [-126.517334, 51.056836], [-126.562891, 50.965479], [-126.631787, 50.915137], [-127.057568, 50.867529], [-127.356934, 50.945557], [-127.708105, 51.151172], [-127.68916, 51.343457], [-127.632715, 51.427295], [-127.419678, 51.608057], [-127.280664, 51.654102], [-126.691455, 51.703418], [-127.338721, 51.707373], [-127.442725, 51.678955], [-127.668701, 51.477588], [-127.728711, 51.505518], [-127.850537, 51.673193], [-127.863232, 51.820801], [-127.727637, 51.993213], [-127.858789, 51.990283], [-127.795361, 52.191016], [-127.437939, 52.356152], [-127.242236, 52.395117], [-127.175732, 52.314844], [-127.007959, 52.290674], [-126.713965, 52.060693], [-126.895215, 52.225488], [-126.938184, 52.308594], [-127.127051, 52.370947], [-127.193994, 52.457666], [-127.187109, 52.537695], [-126.995215, 52.65791], [-126.951318, 52.72124], [-127.008252, 52.842578], [-127.013232, 52.719971], [-127.066211, 52.652686], [-127.519238, 52.359277], [-127.713379, 52.318506], [-127.834326, 52.250977], [-128.102246, 51.788428], [-128.193555, 51.998291], [-128.357617, 52.158887], [-128.0375, 52.318164], [-128.051562, 52.45332], [-127.940234, 52.545166], [-128.038232, 52.531152], [-128.271533, 52.362988], [-128.275146, 52.435498], [-128.132373, 52.805811], [-128.053271, 52.910693], [-128.365039, 52.825781], [-128.451953, 52.876611], [-128.524707, 53.140674], [-128.652344, 53.243848], [-128.868555, 53.328125], [-129.080908, 53.367285], [-129.171582, 53.533594], [-129.114453, 53.641113], [-129.021436, 53.692139], [-128.85459, 53.704541], [-128.905615, 53.559326], [-128.542139, 53.420654], [-128.478613, 53.410303], [-128.358057, 53.459814], [-128.132715, 53.417773], [-127.927832, 53.274707], [-127.950049, 53.329834], [-128.207227, 53.483203], [-128.511768, 53.476562], [-128.675537, 53.55459], [-128.750781, 53.66084], [-128.763672, 53.746875], [-128.714746, 53.81001], [-128.532129, 53.858105], [-128.704785, 53.918604], [-128.890186, 53.829785], [-128.959375, 53.841455], [-129.208105, 53.641602], [-129.257861, 53.417969], [-129.462402, 53.346582], [-129.563721, 53.251465], [-129.821777, 53.412744], [-129.911865, 53.551367], [-130.074365, 53.575635], [-130.263281, 53.65415], [-130.335254, 53.723926], [-130.232861, 53.867432], [-130.085938, 53.975781], [-130.043311, 54.133545], [-129.790771, 54.165771], [-129.626025, 54.230273], [-129.898438, 54.226367], [-130.084229, 54.181396], [-130.290332, 54.270361], [-130.396777, 54.35166], [-130.430273, 54.420996], [-130.350488, 54.655322], [-130.218945, 54.730273], [-129.890137, 55.164648], [-129.560645, 55.462549], [-129.701318, 55.438574], [-129.795166, 55.55957], [-129.837744, 55.319092], [-130.048486, 55.057275], [-130.091797, 55.107764], [-129.99585, 55.264063], [-129.985156, 55.358838], [-130.07998, 55.562891], [-130.094678, 55.694775], [-130.025098, 55.888232], [-130.111963, 55.779785], [-130.146533, 55.654492], [-130.036572, 55.2979], [-130.218506, 55.060254], [-130.203906, 54.947021], [-130.349414, 54.814551], [-130.535498, 54.74873], [-130.61582, 54.790918], [-130.849609, 54.807617], [-131.047852, 55.157666], [-130.983936, 55.243945], [-130.748193, 55.318018], [-130.855957, 55.355127], [-130.918555, 55.735986], [-131.127686, 55.960156], [-131.140381, 55.99751], [-131.032764, 56.088086], [-131.78418, 55.876562], [-131.826172, 55.835352], [-131.803271, 55.765967], [-131.94502, 55.55415], [-131.983398, 55.53501], [-132.118994, 55.569775], [-132.223437, 55.721045], [-132.20752, 55.753418], [-132.005713, 55.930078], [-131.843848, 56.160107], [-131.551367, 56.206787], [-131.887891, 56.24165], [-132.021924, 56.380078], [-132.182031, 56.420654], [-132.30498, 56.519873], [-132.357666, 56.625879], [-132.475928, 56.649658], [-132.487109, 56.766406], [-132.639502, 56.796436], [-132.802197, 56.895166], [-132.838818, 56.960205], [-132.824609, 57.055811], [-132.913428, 57.047461], [-133.465869, 57.172168], [-133.43667, 57.336865], [-133.538965, 57.55415], [-133.64873, 57.642285], [-133.603369, 57.694678], [-133.554199, 57.695068], [-133.117041, 57.566211], [-133.515479, 57.775146], [-133.535205, 57.832959], [-133.511133, 57.880127], [-133.194336, 57.877686], [-133.559375, 57.924463], [-133.657275, 57.841016], [-133.722314, 57.844238], [-134.031104, 58.072168], [-134.06333, 58.211084], [-134.045264, 58.289258], [-133.876758, 58.518164], [-133.943848, 58.498291], [-134.131201, 58.279346], [-134.208838, 58.232959], [-134.485449, 58.367188], [-134.663623, 58.384717], [-134.776123, 58.453857], [-134.942529, 58.646289], [-134.986133, 58.765625], [-135.131836, 58.842871], [-135.217383, 59.076611], [-135.330322, 59.239063], [-135.363672, 59.419434], [-135.412744, 59.318457], [-135.484082, 59.308691], [-135.400146, 59.20791], [-135.502344, 59.202295], [-135.386133, 59.087549], [-135.334082, 58.909619], [-135.062012, 58.340869], [-135.049707, 58.306787], [-135.090234, 58.24585], [-135.302539, 58.255908], [-135.449951, 58.376123], [-135.571777, 58.412061], [-135.897559, 58.400195], [-135.861719, 58.577051], [-136.045508, 58.789111], [-136.043115, 58.821631], [-135.826367, 58.897949], [-136.016602, 58.873975], [-136.150049, 59.048096], [-136.159473, 58.946777], [-136.123535, 58.893457], [-136.12417, 58.819629], [-136.22583, 58.765479], [-136.451172, 58.846338], [-136.566211, 58.940918], [-136.989014, 59.034473], [-136.948047, 58.934912], [-137.059033, 58.87373], [-136.879102, 58.881543], [-136.613916, 58.809277], [-136.533496, 58.740234], [-136.410107, 58.700635], [-136.48374, 58.617676], [-136.224609, 58.602246], [-136.061475, 58.452734], [-136.055957, 58.38418], [-136.08125, 58.364209], [-136.462402, 58.327979], [-136.607422, 58.243994], [-137.543994, 58.581201], [-137.5646, 58.625879], [-137.863721, 58.785547], [-138.026904, 58.941455], [-138.35249, 59.087305], [-138.560303, 59.12915], [-138.514893, 59.165918], [-138.884326, 59.236914], [-139.799121, 59.54624], [-139.611621, 59.610303], [-139.513037, 59.698096], [-139.582178, 59.848291], [-139.569141, 59.912354], [-139.512305, 59.953564], [-139.446875, 59.956836], [-139.330957, 59.877002], [-139.286719, 59.610937], [-139.220801, 59.819873], [-138.988086, 59.83501], [-139.24248, 59.892773], [-139.431445, 60.012256], [-139.518945, 60.01709], [-139.850195, 59.830713], [-140.216748, 59.72666], [-140.648389, 59.723193], [-141.0, 59.788955421490684], [-141.0, 69.65054635482419], [-140.405127, 69.60249], [-139.976611, 69.621729], [-139.181543, 69.515527], [-138.689893, 69.316797], [-137.869434, 69.092822], [-137.259961, 68.964111], [-136.717334, 68.88916], [-136.122363, 68.882227], [-135.258838, 68.684326], [-135.231201, 68.694287], [-135.43457, 68.841992], [-135.894727, 68.926709], [-135.939014, 68.97417], [-135.924756, 68.992627], [-135.575537, 69.026953], [-135.910205, 69.111475], [-135.691455, 69.311182], [-135.614941, 69.291016], [-135.499561, 69.337158], [-135.292822, 69.307861], [-135.25498, 69.323828], [-135.229785, 69.425195], [-135.14082, 69.467822], [-134.456836, 69.477637], [-134.495361, 69.571924], [-134.451465, 69.665479], [-134.408936, 69.681787], [-134.242041, 69.668848], [-134.07749, 69.557861], [-133.879785, 69.507715], [-134.174316, 69.252832], [-133.694043, 69.368408], [-133.163135, 69.433887], [-133.028271, 69.508252], [-132.915332, 69.629639], [-132.840332, 69.650684], [-132.403906, 69.65874], [-132.568359, 69.698145], [-132.488477, 69.738086], [-132.333984, 69.751807], [-132.163428, 69.70498], [-131.440918, 69.91792], [-131.136377, 69.906885], [-130.926172, 70.051611], [-130.665479, 70.127051], [-130.498437, 70.143164], [-130.174951, 70.085889], [-129.944971, 70.090918], [-129.675635, 70.192969], [-129.538428, 70.105176], [-129.538184, 70.073926], [-129.648291, 69.997754], [-130.83208, 69.651465], [-131.937793, 69.534717], [-132.330762, 69.307959], [-132.686719, 69.259863], [-133.418311, 68.844287], [-133.348389, 68.769873], [-133.196826, 68.739844], [-133.138037, 68.746582], [-133.33667, 68.835254], [-132.706006, 68.814893], [-132.577637, 68.847803], [-132.542236, 68.889941], [-132.704346, 68.895898], [-132.739111, 68.922461], [-132.770117, 69.012158], [-132.718945, 69.079199], [-131.919629, 69.290527], [-131.786914, 69.371289], [-131.820166, 69.401611], [-131.788379, 69.431982], [-131.562939, 69.461377], [-131.34292, 69.4354], [-131.303027, 69.415088], [-131.324707, 69.361182], [-131.161719, 69.45498], [-131.063428, 69.450684], [-131.013428, 69.428711], [-130.986279, 69.362891], [-130.970654, 69.209082], [-130.875049, 69.32002], [-130.515967, 69.569678], [-130.353613, 69.655811], [-130.117627, 69.720068], [-129.109131, 69.881934], [-128.898926, 69.966162], [-128.938623, 69.875], [-129.13833, 69.83252], [-129.15791, 69.800098], [-129.101709, 69.717041], [-129.054346, 69.701074], [-128.853027, 69.751025], [-128.386719, 69.960156], [-128.278613, 70.108105], [-127.683789, 70.260352], [-127.974023, 70.29292], [-128.043652, 70.32876], [-127.988916, 70.363135], [-128.170117, 70.418457], [-128.168066, 70.479785], [-128.127295, 70.523828], [-127.991016, 70.573828], [-127.752832, 70.517139], [-127.225977, 70.296143], [-126.926807, 70.061719], [-126.758691, 69.853369], [-126.612158, 69.730322], [-126.063818, 69.46709], [-125.727783, 69.37998], [-125.386768, 69.349219], [-125.171875, 69.427979], [-125.166846, 69.479785], [-125.356934, 69.625977], [-125.345508, 69.662451], [-125.219385, 69.732373], [-125.201172, 69.828809], [-125.07959, 69.817822], [-124.76792, 69.990039], [-124.990381, 70.026611], [-124.555029, 70.151221], [-124.444482, 70.110596], [-124.471924, 69.918506], [-124.406934, 69.767432], [-124.124609, 69.68999], [-124.138477, 69.653174], [-124.481348, 69.425146], [-124.426172, 69.379443], [-124.338086, 69.364844], [-123.528418, 69.389355], [-123.361475, 69.496631], [-123.213672, 69.541504], [-123.1104, 69.738135], [-123.025781, 69.81001], [-121.741846, 69.79751], [-120.962451, 69.6604], [-120.13999, 69.380566], [-118.868701, 69.257178], [-118.095215, 69.04292], [-117.226953, 68.913428], [-116.059473, 68.837012], [-116.243408, 68.974072], [-115.936084, 68.958105], [-115.806348, 68.986621], [-115.442285, 68.940918], [-114.620166, 68.746094], [-114.218164, 68.552051], [-114.092041, 68.4354], [-113.964404, 68.399072], [-114.020801, 68.306494], [-114.095947, 68.266797], [-114.765283, 68.270215], [-114.852197, 68.195264], [-115.127051, 68.132031], [-115.186768, 68.08418], [-115.16709, 68.018555], [-115.434473, 67.902344], [-115.133203, 67.819189], [-113.893213, 67.706885], [-112.503027, 67.681934], [-112.236719, 67.731104], [-111.575732, 67.756836], [-111.192188, 67.822559], [-110.990039, 67.79082], [-110.371973, 67.954199], [-110.21626, 67.954004], [-110.073926, 67.99292], [-109.936523, 67.887891], [-109.831348, 67.86582], [-109.630371, 67.732715], [-109.224316, 67.729785], [-109.038037, 67.691162], [-108.949902, 67.493945], [-108.852002, 67.421973], [-108.715137, 67.582813], [-108.61333, 67.598047], [-108.491504, 67.483301], [-108.346973, 67.403418], [-107.988721, 67.256396], [-107.90918, 67.162549], [-107.991309, 67.095166], [-108.220801, 67.050586], [-108.496045, 67.092285], [-107.760937, 66.683691], [-107.480322, 66.491797], [-107.259473, 66.398535], [-107.710352, 66.740039], [-107.745996, 66.961475], [-107.626172, 67.003125], [-107.499219, 66.936182], [-107.4021, 66.947998], [-107.156494, 66.881738], [-107.347852, 67.054785], [-107.283154, 67.103271], [-107.56748, 67.273047], [-107.644043, 67.384766], [-107.649902, 67.511279], [-107.954053, 67.7], [-107.958398, 67.818604], [-107.763086, 67.906836], [-107.728613, 67.958838], [-107.798291, 68.036914], [-106.922559, 68.11416], [-106.790723, 68.144824], [-106.668408, 68.216016], [-106.424268, 68.200586], [-106.404395, 68.319336], [-106.27124, 68.383203], [-105.933057, 68.443115], [-105.781201, 68.526562], [-105.750195, 68.592285], [-105.932227, 68.636523], [-106.458057, 68.516455], [-106.543311, 68.460596], [-106.608496, 68.357373], [-106.853711, 68.386816], [-107.146191, 68.304199], [-107.298145, 68.296436], [-107.619336, 68.331055], [-107.741504, 68.285742], [-107.677637, 68.20293], [-107.73418, 68.17373], [-108.322803, 68.154102], [-108.718115, 68.297461], [-108.345752, 68.597803], [-107.435937, 68.688867], [-106.164453, 68.919873], [-105.685596, 68.828174], [-105.539844, 68.718652], [-105.456934, 68.578076], [-105.428613, 68.458252], [-105.377441, 68.413818], [-105.101318, 68.297998], [-104.959814, 68.310547], [-104.911963, 68.250488], [-104.653174, 68.230078], [-104.661133, 68.148779], [-104.486816, 68.063184], [-104.193555, 68.031201], [-103.901562, 68.041064], [-103.474121, 68.115039], [-102.841553, 67.852734], [-102.320361, 67.735645], [-101.883643, 67.745312], [-101.55498, 67.693164], [-100.855615, 67.798975], [-100.212939, 67.838574], [-99.772949, 67.814844], [-99.032178, 67.718848], [-98.412109, 67.807178], [-98.703564, 67.965723], [-98.720068, 68.041992], [-98.631543, 68.072559], [-98.414795, 67.988428], [-97.930762, 67.710791], [-97.454932, 67.616992], [-97.194434, 67.696924], [-97.139844, 67.79624], [-97.206543, 67.855078], [-97.546631, 67.960742], [-97.739111, 67.978174], [-98.110498, 67.903027], [-98.192529, 67.922998], [-98.500293, 68.117676], [-98.380859, 68.132471], [-98.650488, 68.363525], [-98.468555, 68.382129], [-98.218555, 68.317432], [-97.794238, 68.387598], [-97.911035, 68.449512], [-97.925098, 68.523682], [-97.828564, 68.532764], [-97.548047, 68.474951], [-97.410352, 68.496533], [-97.265918, 68.45293], [-96.976709, 68.25542], [-96.628174, 68.250293], [-96.430664, 68.310596], [-96.72207, 68.03877], [-96.531299, 68.063135], [-96.439355, 68.150879], [-95.970312, 68.249121], [-96.036035, 68.157764], [-96.198828, 67.717822], [-96.371387, 67.553857], [-96.369141, 67.509766], [-96.18501, 67.375586], [-96.141455, 67.271826], [-95.719922, 67.316797], [-95.695166, 67.29873], [-95.777686, 67.184619], [-95.557031, 67.215283], [-95.415918, 67.155566], [-95.418896, 67.013232], [-95.502246, 66.979883], [-95.768652, 66.966699], [-96.019531, 67.01875], [-96.215576, 66.997705], [-96.350439, 67.07002], [-96.422559, 67.051758], [-96.359521, 66.989404], [-95.885303, 66.741357], [-95.813281, 66.690137], [-95.787549, 66.616797], [-95.743164, 66.69043], [-96.016113, 66.870459], [-96.036865, 66.9375], [-95.625049, 66.91626], [-95.399658, 66.949463], [-95.354102, 66.980713], [-95.321094, 67.15249], [-95.25874, 67.262549], [-95.463379, 67.610205], [-95.650488, 67.737451], [-95.460693, 68.021387], [-95.125879, 68.083301], [-94.861035, 68.04165], [-94.744434, 68.070898], [-93.927734, 68.473828], [-93.448926, 68.618896], [-93.643945, 68.633105], [-93.676172, 68.685986], [-93.681445, 68.887256], [-93.765723, 68.96958], [-93.852441, 69.000342], [-93.896094, 68.982178], [-93.991553, 68.820605], [-94.064893, 68.784766], [-94.47832, 68.742773], [-94.600439, 68.803223], [-94.562549, 68.91167], [-94.083643, 69.123096], [-94.255371, 69.151465], [-94.284961, 69.241602], [-94.254736, 69.31377], [-93.619482, 69.416992], [-93.820459, 69.252637], [-93.748535, 69.226123], [-93.430957, 69.375049], [-93.537061, 69.382324], [-93.532275, 69.480908], [-93.649805, 69.519043], [-94.015283, 69.446729], [-94.270801, 69.455127], [-94.633838, 69.649658], [-94.712695, 69.649414], [-94.82251, 69.577783], [-96.050146, 69.831152], [-96.492383, 70.124902], [-96.551367, 70.210303], [-96.545605, 70.327246], [-96.226416, 70.541699], [-96.048145, 70.56709], [-95.878613, 70.548975], [-95.988184, 70.616846], [-95.886328, 70.694287], [-96.186426, 70.638281], [-96.358887, 70.678662], [-96.548926, 70.80874], [-96.551074, 70.889746], [-96.47041, 71.069727], [-96.524756, 71.127051], [-96.420752, 71.176465], [-96.446582, 71.239893], [-96.405664, 71.273633], [-96.062012, 71.413867], [-95.725391, 71.328174], [-95.564258, 71.336768], [-95.40625, 71.49165], [-95.773389, 71.514258], [-95.872314, 71.573145], [-95.615918, 71.6854], [-95.51167, 71.776807], [-95.201221, 71.903711], [-94.734863, 71.982959], [-94.55708, 71.978955], [-94.491064, 71.915527], [-94.478809, 71.848584], [-94.30835, 71.764893], [-93.810205, 71.76626], [-93.746289, 71.742822], [-93.781641, 71.674316], [-93.762842, 71.638037], [-93.407471, 71.520703]]]}}, {"type": "Feature", "properties": {"kind": "land"}, "geometry": {"type": "Polygon", "coordinates": [[[-79.491064, 56.742676], [-79.496533, 56.667285], [-79.577393, 56.644922], [-79.550732, 56.733496], [-79.583545, 56.780957], [-79.552881, 56.79873], [-79.491064, 56.742676]]]}}, {"type": "Feature", "properties": {"kind": "land"}, "geometry": {"type": "Polygon", "coordinates": [[[-79.866992, 56.774561], [-79.943652, 56.776758], [-79.945703, 56.826904], [-79.898145, 56.865283], [-79.82666, 56.843115], [-79.866992, 56.774561]]]}}, {"type": "Feature", "properties": {"kind": "land"}, "geometry": {"type": "Polygon", "coordinates": [[[-79.767871, 57.59873], [-79.726709, 57.60459], [-79.716504, 57.515527], [-79.775195, 57.514453], [-79.808447, 57.442432], [-79.838232, 57.483008], [-79.767871, 57.59873]]]}}, {"type": "Feature", "properties": {"kind": "land"}, "geometry": {"type": "Polygon", "coordinates": [[[-80.285254, 59.624121], [-80.324658, 59.633203], [-80.298975, 59.67417], [-80.209961, 59.724609], [-80.167236, 59.708887], [-80.285254, 59.624121]]]}}, {"type": "Feature", "properties": {"kind": "land"}, "geometry": {"type": "Polygon", "coordinates": [[[-80.064209, 59.770801], [-80.16709, 59.763867], [-80.041162, 59.870166], [-79.898633, 59.853125], [-80.064209, 59.770801]]]}}, {"type": "Feature", "properties": {"kind": "land"}, "geometry": {"type": "Polygon", "coordinates": [[[-93.084814, 61.841699], [-93.19668, 61.918555], [-93.075781, 61.93501], [-92.993018, 61.889697], [-93.084814, 61.841699]]]}}, {"type": "Feature", "properties": {"kind": "land"}, "geometry": {"type": "Polygon", "coordinates": [[[-79.323926, 62.026074], [-79.66875, 61.644434], [-79.816113, 61.594629], [-80.265186, 61.818213], [-80.260059, 62.109033], [-80.178564, 62.212793], [-79.926758, 62.392871], [-79.597656, 62.413232], [-79.466211, 62.384521], [-79.286475, 62.247656], [-79.272021, 62.185986], [-79.323926, 62.026074]]]}}, {"type": "Feature", "properties": {"kind": "land"}, "geometry": {"type": "Polygon", "coordinates": [[[-82.113721, 62.652246], [-83.01582, 62.209912], [-83.376807, 62.238135], [-83.698877, 62.160254], [-83.760937, 62.303516], [-83.912402, 62.425537], [-83.899268, 62.476465], [-83.739062, 62.568848], [-83.376416, 62.904932], [-83.289453, 62.921582], [-82.965771, 62.873926], [-82.706445, 62.944531], [-82.459717, 62.936182], [-82.234766, 62.977441], [-82.047607, 62.970557], [-81.960547, 62.926221], [-81.964404, 62.827637], [-82.02583, 62.730078], [-82.113721, 62.652246]]]}}, {"type": "Feature", "properties": {"kind": "land"}, "geometry": {"type": "Polygon", "coordinates": [[[-84.133496, 65.245459], [-83.900098, 65.18125], [-83.490771, 65.131787], [-83.200977, 64.959668], [-82.667627, 64.780322], [-82.27168, 64.721143], [-82.05, 64.644287], [-81.787207, 64.425977], [-81.676123, 64.212646], [-81.680908, 64.145557], [-81.902637, 64.03125], [-81.887109, 64.016406], [-81.335645, 64.075781], [-81.023584, 64.031055], [-80.921143, 64.100488], [-80.828955, 64.089941], [-80.568848, 63.931934], [-80.668262, 63.901465], [-80.261328, 63.801953], [-80.504053, 63.673779], [-81.046387, 63.461572], [-81.96333, 63.664453], [-82.378125, 63.706787], [-82.411719, 63.736523], [-82.46709, 63.926953], [-83.033887, 64.023242], [-83.016162, 64.127002], [-83.065137, 64.159033], [-83.303955, 64.143799], [-83.583594, 64.058105], [-83.661621, 63.872607], [-83.728271, 63.813379], [-84.022119, 63.659863], [-84.307617, 63.585791], [-84.506201, 63.390039], [-84.63291, 63.309229], [-84.961523, 63.197217], [-85.392627, 63.119678], [-85.495508, 63.139111], [-85.71416, 63.657959], [-85.768945, 63.700342], [-86.575684, 63.662305], [-86.915234, 63.568994], [-87.177148, 63.595117], [-87.188916, 63.672266], [-86.932031, 63.90166], [-86.421729, 64.051563], [-86.2521, 64.136865], [-86.354492, 64.376514], [-86.374268, 64.56582], [-86.188281, 65.010303], [-86.074609, 65.533838], [-85.96167, 65.704248], [-85.813965, 65.831934], [-85.554688, 65.918652], [-85.442432, 65.845557], [-85.241113, 65.795508], [-85.130371, 65.69292], [-85.105371, 65.622705], [-85.239941, 65.510303], [-85.056055, 65.437402], [-84.885107, 65.248975], [-84.56792, 65.460645], [-84.266406, 65.367236], [-84.17998, 65.316309], [-84.133496, 65.245459]]]}}, {"type": "Feature", "properties": {"kind": "land"}, "geometry": {"type": "Polygon", "coordinates": [[[-85.096338, 65.756201], [-85.175684, 65.972412], [-85.149609, 66.015381], [-84.938574, 66.008545], [-84.691748, 65.793164], [-84.602246, 65.631494], [-84.674756, 65.575], [-84.78291, 65.570068], [-84.931152, 65.68916], [-85.096338, 65.756201]]]}}, {"type": "Feature", "properties": {"kind": "land"}, "geometry": {"type": "Polygon", "coordinates": [[[-83.381445, 65.62998], [-83.606543, 65.701367], [-83.649512, 65.657764], [-83.787549, 65.668896], [-83.798193, 65.71001], [-83.701904, 65.756201], [-83.813574, 65.7875], [-84.008496, 65.751514], [-84.118262, 65.771777], [-84.143213, 65.915967], [-84.370117, 66.011816], [-84.467383, 66.088281], [-84.407178, 66.131006], [-83.950391, 66.02749], [-83.701367, 65.920117], [-83.714893, 65.860742], [-83.765137, 65.831152], [-83.725977, 65.796729], [-83.23374, 65.715039], [-83.263672, 65.667822], [-83.381445, 65.62998]]]}}, {"type": "Feature", "properties": {"kind": "land"}, "geometry": {"type": "Polygon", "coordinates": [[[-83.237842, 66.331543], [-83.123486, 66.282813], [-82.931348, 66.257324], [-83.059863, 66.199268], [-83.213916, 66.277051], [-83.237842, 66.331543]]]}}, {"type": "Feature", "properties": {"kind": "land"}, "geometry": {"type": "Polygon", "coordinates": [[[-86.937744, 68.067578], [-86.94917, 68.118701], [-86.833984, 68.229687], [-86.7021, 68.305615], [-86.569922, 68.287695], [-86.421143, 68.183447], [-86.382422, 67.927295], [-86.446924, 67.816992], [-86.546045, 67.752197], [-86.705957, 67.750146], [-86.892529, 67.836572], [-86.908447, 67.901953], [-86.84707, 68.010254], [-86.937744, 68.067578]]]}}, {"type": "Feature", "properties": {"kind": "land"}, "geometry": {"type": "Polygon", "coordinates": [[[-96.875195, 69.51001], [-96.299951, 69.344385], [-95.951367, 69.02373], [-95.751367, 68.897656], [-95.585498, 68.835107], [-95.37417, 68.892139], [-95.267773, 68.826074], [-95.465576, 68.747266], [-95.685645, 68.73584], [-95.894629, 68.627246], [-96.401562, 68.470703], [-96.598828, 68.46084], [-97.008398, 68.538672], [-97.472021, 68.543701], [-97.885352, 68.672461], [-98.235059, 68.739355], [-98.320557, 68.842725], [-98.539648, 68.798242], [-98.775244, 68.816748], [-98.859131, 68.864355], [-98.904492, 68.932422], [-99.057373, 68.917676], [-99.093848, 68.898877], [-99.090625, 68.86333], [-99.254004, 68.863184], [-99.440869, 68.917676], [-99.564062, 69.034131], [-99.455713, 69.131201], [-98.912207, 69.167578], [-98.503516, 69.308301], [-98.450391, 69.354053], [-98.558545, 69.461426], [-98.448389, 69.479541], [-98.534375, 69.527441], [-98.545996, 69.5729], [-98.389355, 69.565039], [-98.222314, 69.484521], [-98.041357, 69.456641], [-98.162988, 69.512207], [-98.304492, 69.669287], [-98.238672, 69.780029], [-98.080762, 69.833057], [-97.790723, 69.861621], [-97.691211, 69.84126], [-97.411377, 69.738477], [-97.385693, 69.700244], [-97.469434, 69.666797], [-97.439453, 69.642676], [-97.236084, 69.673486], [-96.875195, 69.51001]]]}}, {"type": "Feature", "properties": {"kind": "land"}, "geometry": {"type": "Polygon", "coordinates": [[[-90.662793, 69.37417], [-90.539844, 69.324609], [-90.492578, 69.221094], [-90.574414, 69.209424], [-90.685889, 69.287158], [-90.771582, 69.292578], [-90.742383, 69.357324], [-90.662793, 69.37417]]]}}, {"type": "Feature", "properties": {"kind": "land"}, "geometry": {"type": "Polygon", "coordinates": [[[-90.492041, 69.369873], [-90.228564, 69.436035], [-90.177393, 69.35708], [-90.330273, 69.252197], [-90.464697, 69.328711], [-90.492041, 69.369873]]]}}, {"type": "Feature", "properties": {"kind": "land"}, "geometry": {"type": "Polygon", "coordinates": [[[-95.730127, 69.347559], [-95.670166, 69.402002], [-95.682812, 69.500293], [-95.763623, 69.559619], [-95.806201, 69.560498], [-95.811816, 69.447021], [-95.893457, 69.351758], [-95.985937, 69.391895], [-95.994775, 69.469678], [-95.93623, 69.567041], [-95.797754, 69.625732], [-95.60249, 69.601807], [-95.380908, 69.506592], [-95.399414, 69.419775], [-95.49624, 69.350098], [-95.730127, 69.347559]]]}}, {"type": "Feature", "properties": {"kind": "land"}, "geometry": {"type": "Polygon", "coordinates": [[[-79.954492, 69.523486], [-80.161475, 69.535938], [-80.244482, 69.593164], [-80.32959, 69.586768], [-80.448047, 69.649707], [-80.794775, 69.689258], [-80.726611, 69.74043], [-80.465918, 69.737109], [-80.424219, 69.797607], [-80.213672, 69.801953], [-80.124609, 69.737256], [-79.97085, 69.738965], [-79.593994, 69.810498], [-79.430664, 69.787793], [-79.36499, 69.712354], [-79.552832, 69.630859], [-79.881689, 69.608691], [-80.04751, 69.634326], [-79.971143, 69.556348], [-79.954492, 69.523486]]]}}, {"type": "Feature", "properties": {"kind": "land"}, "geometry": {"type": "Polygon", "coordinates": [[[-86.734326, 69.976318], [-87.19082, 70.018555], [-87.323145, 70.102246], [-87.107275, 70.14668], [-86.691211, 70.115039], [-86.612744, 70.105713], [-86.515234, 70.017041], [-86.734326, 69.976318]]]}}, {"type": "Feature", "properties": {"kind": "land"}, "geometry": {"type": "Polygon", "coordinates": [[[-96.862402, 73.188818], [-96.598486, 73.073828], [-96.670605, 72.960938], [-96.943799, 72.926709], [-97.092773, 72.996924], [-97.087695, 73.098486], [-97.01499, 73.157275], [-96.862402, 73.188818]]]}}, {"type": "Feature", "properties": {"kind": "land"}, "geometry": {"type": "Polygon", "coordinates": [[[-90.627441, 73.951709], [-90.35459, 73.868652], [-90.565576, 73.686426], [-90.933691, 73.527686], [-91.249316, 73.304004], [-91.553711, 73.236084], [-91.425928, 73.194873], [-91.78833, 72.915381], [-92.11792, 72.753809], [-92.391943, 72.718457], [-93.340625, 72.801855], [-94.211328, 72.756934], [-93.770557, 72.668213], [-93.572266, 72.558643], [-93.533936, 72.499463], [-93.555176, 72.421143], [-93.870605, 72.252637], [-94.037549, 72.02876], [-94.14375, 72.00083], [-94.497168, 72.043604], [-95.192969, 72.027441], [-95.166797, 72.180029], [-95.251025, 72.501953], [-95.547607, 72.781543], [-95.602148, 72.884473], [-95.589258, 73.17417], [-95.644238, 73.557471], [-95.63291, 73.695459], [-95.385986, 73.755127], [-94.816846, 73.662549], [-94.691016, 73.671436], [-94.896924, 73.716016], [-95.134131, 73.88125], [-95.152588, 73.932764], [-95.121191, 73.985059], [-94.973535, 74.041406], [-94.482568, 74.113135], [-93.784619, 74.118359], [-93.410303, 74.17876], [-92.586816, 74.082715], [-92.222705, 73.972363], [-91.63042, 74.027783], [-91.087988, 74.009277], [-90.627441, 73.951709]]]}}, {"type": "Feature", "properties": {"kind": "land"}, "geometry": {"type": "Polygon", "coordinates": [[[-99.416992, 73.89541], [-98.818164, 74.020996], [-98.061035, 74.104687], [-97.698242, 74.108691], [-97.659131, 74.071631], [-97.861084, 73.968457], [-98.270361, 73.868506], [-98.691064, 73.856494], [-98.973926, 73.812061], [-99.416992, 73.89541]]]}}, {"type": "Feature", "properties": {"kind": "land"}, "geometry": {"type": "Polygon", "coordinates": [[[-97.355518, 74.526318], [-97.656104, 74.465674], [-97.75, 74.510547], [-97.416504, 74.626563], [-97.291309, 74.576367], [-97.355518, 74.526318]]]}}, {"type": "Feature", "properties": {"kind": "land"}, "geometry": {"type": "Polygon", "coordinates": [[[-95.510205, 74.636768], [-95.352539, 74.585693], [-95.274463, 74.519189], [-95.441504, 74.506104], [-95.850732, 74.582471], [-95.660449, 74.636914], [-95.510205, 74.636768]]]}}, {"type": "Feature", "properties": {"kind": "land"}, "geometry": {"type": "Polygon", "coordinates": [[[-93.547168, 74.691064], [-93.626172, 74.660889], [-93.98457, 74.644189], [-94.697266, 74.642188], [-95.286084, 74.794092], [-95.86543, 74.83042], [-96.094238, 74.93252], [-96.181738, 74.950781], [-96.270117, 74.920312], [-96.386328, 74.999463], [-96.559863, 74.990381], [-96.591162, 75.001855], [-96.596924, 75.057861], [-96.382861, 75.211377], [-96.180371, 75.240088], [-96.118408, 75.300928], [-96.124902, 75.358301], [-95.954639, 75.443799], [-95.670801, 75.528662], [-95.049512, 75.621826], [-94.648633, 75.623047], [-94.427246, 75.593359], [-93.909082, 75.42251], [-93.591211, 75.230225], [-93.497559, 75.136865], [-93.551807, 75.051172], [-93.466602, 74.921338], [-93.490869, 74.771973], [-93.535645, 74.749316], [-93.547168, 74.691064]]]}}, {"type": "Feature", "properties": {"kind": "land"}, "geometry": {"type": "Polygon", "coordinates": [[[-96.915137, 75.379688], [-97.020654, 75.468066], [-96.982812, 75.509814], [-96.5229, 75.583643], [-96.367822, 75.654639], [-95.959863, 75.554346], [-96.156396, 75.477246], [-96.461621, 75.494238], [-96.722852, 75.380762], [-96.915137, 75.379688]]]}}, {"type": "Feature", "properties": {"kind": "land"}, "geometry": {"type": "Polygon", "coordinates": [[[-93.189258, 76.708008], [-93.316748, 76.573682], [-93.53457, 76.447705], [-92.995361, 76.62041], [-92.297021, 76.616016], [-91.789453, 76.675781], [-91.305029, 76.680762], [-90.738428, 76.581348], [-90.542627, 76.495752], [-90.621631, 76.464697], [-91.398096, 76.509766], [-91.443262, 76.498535], [-91.415088, 76.455859], [-90.854785, 76.437305], [-89.284521, 76.301611], [-89.219092, 76.258203], [-89.236523, 76.239014], [-89.406592, 76.18916], [-90.312061, 76.158008], [-91.407324, 76.220068], [-91.279443, 76.159912], [-90.712109, 76.076172], [-90.251367, 76.053467], [-90.032764, 75.970898], [-89.793408, 75.924854], [-89.695312, 75.853613], [-89.51123, 75.856934], [-89.277588, 75.795068], [-89.204541, 75.737256], [-89.36123, 75.645801], [-89.646045, 75.565039], [-89.28042, 75.564111], [-88.916699, 75.453955], [-88.838916, 75.463477], [-88.804102, 75.50249], [-88.864062, 75.588623], [-88.852148, 75.624902], [-88.644971, 75.658447], [-88.201318, 75.512012], [-87.729736, 75.575635], [-87.539111, 75.484863], [-87.364648, 75.591309], [-87.256934, 75.617725], [-86.814453, 75.491357], [-86.236328, 75.406348], [-85.951465, 75.39502], [-85.904541, 75.441943], [-86.06875, 75.502246], [-85.58125, 75.579785], [-85.372314, 75.572607], [-84.986768, 75.644922], [-84.604883, 75.653467], [-83.931982, 75.818945], [-83.237109, 75.75083], [-82.153662, 75.831055], [-81.268555, 75.756006], [-81.150781, 75.735547], [-81.192676, 75.684375], [-81.173535, 75.669238], [-81.000781, 75.643115], [-80.321973, 75.629102], [-80.119189, 75.562061], [-80.286621, 75.490381], [-80.260449, 75.479443], [-79.660205, 75.449512], [-79.507812, 75.295361], [-79.509082, 75.259814], [-79.634424, 75.199316], [-80.381982, 75.03418], [-80.135254, 74.988086], [-79.664062, 75.02085], [-79.524805, 74.989697], [-79.401416, 74.917627], [-79.507959, 74.880127], [-79.944482, 74.833643], [-80.347754, 74.902979], [-80.148926, 74.795703], [-80.212695, 74.749463], [-80.220605, 74.657031], [-80.277734, 74.581592], [-81.226221, 74.56665], [-81.940186, 74.472705], [-82.931055, 74.565576], [-83.116992, 74.693115], [-83.102637, 74.816553], [-83.52207, 74.901465], [-83.543555, 74.892285], [-83.509766, 74.848193], [-83.364209, 74.801904], [-83.341309, 74.7646], [-83.393701, 74.670166], [-83.531885, 74.585693], [-84.425537, 74.508105], [-84.818262, 74.541992], [-85.061426, 74.606934], [-85.086768, 74.527686], [-85.133447, 74.517432], [-85.339258, 74.543311], [-85.442334, 74.600586], [-85.543506, 74.534766], [-85.808008, 74.498975], [-86.109863, 74.539746], [-86.340576, 74.513477], [-86.730762, 74.557031], [-86.666113, 74.489111], [-87.36377, 74.502197], [-87.592578, 74.470361], [-88.423047, 74.494141], [-88.500732, 74.509717], [-88.557861, 74.569727], [-88.339551, 74.784863], [-88.534961, 74.831738], [-88.682031, 74.802002], [-88.851074, 74.68999], [-88.940137, 74.789502], [-89.057861, 74.747266], [-89.191943, 74.744873], [-89.219141, 74.731787], [-89.195801, 74.637549], [-89.558691, 74.554736], [-89.844385, 74.548584], [-90.553271, 74.612744], [-90.784082, 74.695898], [-90.966797, 74.715088], [-90.880225, 74.817773], [-91.129883, 74.736279], [-91.163721, 74.710254], [-91.13457, 74.649854], [-91.50835, 74.650684], [-91.871045, 74.743506], [-91.961572, 74.793213], [-92.17417, 75.051074], [-92.060498, 75.100977], [-92.076318, 75.123535], [-92.389258, 75.26333], [-92.4271, 75.346387], [-92.411084, 75.40625], [-92.068848, 75.65791], [-92.185107, 75.846533], [-92.708887, 76.114453], [-93.091748, 76.354004], [-93.308594, 76.359619], [-93.665186, 76.273145], [-94.585352, 76.297168], [-95.273877, 76.264404], [-95.447412, 76.363037], [-95.84165, 76.416162], [-96.039697, 76.486719], [-95.650977, 76.584668], [-95.971338, 76.569629], [-96.897998, 76.754004], [-96.878027, 76.802783], [-96.590283, 76.763037], [-96.401562, 76.797217], [-96.813525, 76.913477], [-96.758301, 76.971777], [-96.06123, 77.050049], [-95.638232, 77.06377], [-94.294971, 76.912451], [-93.810937, 76.91416], [-93.230029, 76.770264], [-93.189258, 76.708008]]]}}, {"type": "Feature", "properties": {"kind": "land"}, "geometry": {"type": "Polygon", "coordinates": [[[-94.901221, 75.930762], [-94.498682, 75.992188], [-94.296289, 75.788086], [-94.526562, 75.749316], [-94.751465, 75.769678], [-94.901221, 75.930762]]]}}, {"type": "Feature", "properties": {"kind": "land"}, "geometry": {"type": "Polygon", "coordinates": [[[-90.5625, 76.754297], [-90.409521, 76.810156], [-89.948779, 76.83623], [-89.69541, 76.741162], [-89.708643, 76.701172], [-89.822119, 76.630615], [-89.804785, 76.561084], [-89.726465, 76.507422], [-89.974121, 76.487549], [-90.164551, 76.523584], [-90.5625, 76.754297]]]}}, {"type": "Feature", "properties": {"kind": "land"}, "geometry": {"type": "Polygon", "coordinates": [[[-91.109131, 77.625732], [-90.842578, 77.65498], [-90.171924, 77.594678], [-89.719482, 77.442139], [-89.69458, 77.338965], [-89.74668, 77.292578], [-90.094727, 77.2104], [-90.993213, 77.329492], [-91.147266, 77.387305], [-91.176611, 77.42627], [-91.182666, 77.557178], [-91.109131, 77.625732]]]}}, {"type": "Feature", "properties": {"kind": "land"}, "geometry": {"type": "Polygon", "coordinates": [[[-93.210742, 77.710205], [-93.128711, 77.660156], [-93.33916, 77.629688], [-93.51958, 77.474414], [-93.836182, 77.452246], [-95.987061, 77.484131], [-96.263867, 77.594531], [-96.276611, 77.630566], [-96.142969, 77.714355], [-95.484375, 77.791992], [-95.233057, 77.753809], [-93.582861, 77.770752], [-93.210742, 77.710205]]]}}, {"type": "Feature", "properties": {"kind": "land"}, "geometry": {"type": "Polygon", "coordinates": [[[-94.887744, 78.360498], [-95.329248, 78.225049], [-94.987793, 78.136279], [-94.934277, 78.075635], [-95.199121, 77.968164], [-96.989648, 77.806006], [-97.063818, 77.859082], [-97.019092, 77.908105], [-97.42666, 77.982275], [-97.62085, 78.050244], [-97.658154, 78.090625], [-97.040918, 78.116943], [-96.944678, 78.151855], [-97.819043, 78.230615], [-97.842725, 78.262354], [-98.049512, 78.325928], [-98.069287, 78.386328], [-98.254932, 78.429248], [-98.317334, 78.476855], [-98.315625, 78.51748], [-98.060352, 78.55835], [-98.34082, 78.751221], [-98.212109, 78.804541], [-97.382324, 78.78291], [-96.475342, 78.665186], [-96.265283, 78.595361], [-96.256494, 78.551123], [-96.204492, 78.531299], [-95.412939, 78.497559], [-95.031201, 78.430273], [-94.887744, 78.360498]]]}}, {"type": "Feature", "properties": {"kind": "land"}, "geometry": {"type": "Polygon", "coordinates": [[[-90.643018, 80.593701], [-89.861865, 80.498437], [-89.524805, 80.538818], [-89.235596, 80.510645], [-89.13418, 80.440234], [-89.204395, 80.406934], [-89.147266, 80.360352], [-89.217676, 80.289258], [-89.19834, 80.263184], [-89.019238, 80.198486], [-88.537549, 80.131152], [-88.196826, 80.125195], [-88.380762, 80.225195], [-88.6125, 80.255371], [-88.663428, 80.348291], [-88.643652, 80.386865], [-88.424365, 80.428076], [-88.125244, 80.429492], [-87.675, 80.372119], [-87.630273, 80.301611], [-87.625488, 80.187207], [-87.922314, 80.097705], [-87.202051, 80.043213], [-86.977197, 79.894238], [-87.144238, 79.662646], [-87.295166, 79.580176], [-86.925244, 79.590967], [-86.648828, 79.64624], [-86.336963, 79.634961], [-86.180469, 79.60542], [-86.007031, 79.479443], [-85.647852, 79.611426], [-85.06377, 79.328174], [-85.042139, 79.28457], [-85.289844, 79.20835], [-86.09165, 79.1], [-86.720801, 78.975488], [-86.957178, 78.974902], [-87.080371, 78.866113], [-87.617383, 78.676318], [-87.861475, 78.706836], [-87.922314, 78.751367], [-87.953174, 78.915039], [-87.816748, 79.036328], [-88.040186, 78.995312], [-88.163818, 78.933496], [-88.190234, 78.867432], [-88.166602, 78.745508], [-88.189697, 78.696387], [-88.25376, 78.671973], [-88.003125, 78.615527], [-87.982861, 78.537061], [-88.040234, 78.494434], [-88.147559, 78.4771], [-88.580664, 78.601904], [-88.741602, 78.584033], [-88.623047, 78.462109], [-88.606445, 78.391992], [-88.732959, 78.241699], [-88.822412, 78.185889], [-89.095703, 78.209229], [-90.037109, 78.606836], [-90.076318, 78.54917], [-89.61167, 78.278906], [-89.489844, 78.171924], [-89.579492, 78.166602], [-90.136084, 78.313086], [-90.459033, 78.330908], [-90.652393, 78.307715], [-90.40542, 78.24668], [-90.326758, 78.184766], [-90.614404, 78.149854], [-91.409619, 78.187988], [-92.35127, 78.312891], [-92.848242, 78.460107], [-91.866895, 78.542676], [-92.715527, 78.605029], [-93.266602, 78.608301], [-93.634424, 78.750928], [-93.561426, 78.777344], [-93.159863, 78.775635], [-93.902246, 78.872217], [-94.1146, 78.928906], [-94.169678, 78.972803], [-93.950195, 79.037402], [-93.293896, 79.139502], [-92.683643, 79.185791], [-92.547217, 79.282617], [-91.299902, 79.372705], [-92.247949, 79.373437], [-92.48457, 79.439258], [-92.821924, 79.449902], [-93.933154, 79.290723], [-94.109375, 79.315088], [-93.939697, 79.385693], [-94.110303, 79.401562], [-94.404883, 79.390527], [-95.103174, 79.289893], [-95.316602, 79.354736], [-95.733008, 79.418213], [-95.662891, 79.527344], [-94.519678, 79.667139], [-94.401855, 79.736328], [-95.296973, 79.653076], [-95.85752, 79.673779], [-96.462744, 79.84751], [-96.589062, 79.91665], [-96.639209, 80.02417], [-96.773242, 80.135791], [-95.781982, 80.066406], [-94.645898, 80.04873], [-94.61084, 80.055518], [-94.582617, 80.141406], [-94.262598, 80.194873], [-94.590137, 80.201514], [-95.405078, 80.13501], [-95.64624, 80.230957], [-96.025684, 80.221729], [-96.308301, 80.266992], [-96.394092, 80.315039], [-96.334375, 80.352783], [-96.112158, 80.38042], [-95.549072, 80.366602], [-96.151807, 80.553467], [-96.132812, 80.691406], [-95.926953, 80.720654], [-95.22583, 80.685791], [-95.025732, 80.646436], [-94.892578, 80.570898], [-93.92793, 80.55918], [-94.596289, 80.640625], [-94.788477, 80.75127], [-95.514746, 80.838135], [-95.269775, 81.000781], [-94.980518, 81.049658], [-94.519434, 81.031201], [-93.825977, 81.105713], [-93.345117, 81.085352], [-93.235645, 81.128857], [-93.285937, 81.179248], [-93.406543, 81.209082], [-94.110352, 81.225], [-94.194434, 81.240918], [-94.231494, 81.289697], [-94.220117, 81.330762], [-94.059717, 81.349316], [-93.332764, 81.364404], [-92.211768, 81.243604], [-91.997852, 81.185498], [-91.75498, 81.049316], [-91.272461, 80.850098], [-90.68291, 80.687695], [-90.636719, 80.655322], [-90.643018, 80.593701]]]}}, {"type": "Feature", "properties": {"kind": "land"}, "geometry": {"type": "Polygon", "coordinates": [[[-72.34381548782368, 41.0], [-72.15127, 41.051465], [-72.101904, 41.015039], [-71.903223, 41.060693], [-72.06201118150487, 41.0], [-72.34381548782368, 41.0]]]}}, {"type": "Feature", "properties": {"kind": "land"}, "geometry": {"type": "Polygon", "coordinates": [[[-72.274121, 41.153027], [-72.48785060763954, 41.0], [-72.60620760621231, 41.0], [-72.372559, 41.125537], [-72.274121, 41.153027]]]}}, {"type": "Feature", "properties": {"kind": "land"}, "geometry": {"type": "Polygon", "coordinates": [[[-70.055078, 41.249463], [-70.233057, 41.286328], [-70.062695, 41.328467], [-70.041211, 41.397461], [-69.97793, 41.265576], [-70.055078, 41.249463]]]}}, {"type": "Feature", "properties": {"kind": "land"}, "geometry": {"type": "Polygon", "coordinates": [[[-70.785303, 41.327441], [-70.829199, 41.358984], [-70.760498, 41.373584], [-70.67373, 41.448535], [-70.616016, 41.457227], [-70.525342, 41.414795], [-70.509912, 41.376318], [-70.785303, 41.327441]]]}}, {"type": "Feature", "properties": {"kind": "land"}, "geometry": {"type": "Polygon", "coordinates": [[[-71.393066, 41.466748], [-71.383984, 41.570557], [-71.364307, 41.571826], [-71.365332, 41.485254], [-71.393066, 41.466748]]]}}, {"type": "Feature", "properties": {"kind": "land"}, "geometry": {"type": "Polygon", "coordinates": [[[-71.241406, 41.491943], [-71.34624, 41.469385], [-71.280176, 41.62002], [-71.232031, 41.654297], [-71.241406, 41.491943]]]}}, {"type": "Feature", "properties": {"kind": "land"}, "geometry": {"type": "Polygon", "coordinates": [[[-68.701709, 44.182666], [-68.676758, 44.256201], [-68.623193, 44.196045], [-68.661182, 44.17627], [-68.701709, 44.182666]]]}}, {"type": "Feature", "properties": {"kind": "land"}, "geometry": {"type": "Polygon", "coordinates": [[[-66.210352, 44.392041], [-66.273779, 44.292285], [-66.324121, 44.257324], [-66.250488, 44.379004], [-66.210352, 44.392041]]]}}, {"type": "Feature", "properties": {"kind": "land"}, "geometry": {"type": "Polygon", "coordinates": [[[-68.409473, 44.364258], [-68.299414, 44.456494], [-68.238037, 44.438379], [-68.187256, 44.332471], [-68.309277, 44.321484], [-68.315088, 44.249707], [-68.385791, 44.276855], [-68.411719, 44.294336], [-68.409473, 44.364258]]]}}, {"type": "Feature", "properties": {"kind": "land"}, "geometry": {"type": "Polygon", "coordinates": [[[-66.802148, 44.805371], [-66.74541, 44.791406], [-66.7625, 44.681787], [-66.89707, 44.628906], [-66.802148, 44.805371]]]}}, {"type": "Feature", "properties": {"kind": "land"}, "geometry": {"type": "Polygon", "coordinates": [[[-73.476074, 45.704736], [-73.566504, 45.469092], [-73.643555, 45.449121], [-73.775342, 45.467627], [-73.960547, 45.441406], [-73.85293, 45.515723], [-73.687451, 45.561426], [-73.522461, 45.701172], [-73.476074, 45.704736]]]}}, {"type": "Feature", "properties": {"kind": "land"}, "geometry": {"type": "Polygon", "coordinates": [[[-73.724658, 45.671826], [-73.572363, 45.694482], [-73.695312, 45.585498], [-73.857715, 45.573584], [-73.724658, 45.671826]]]}}, {"type": "Feature", "properties": {"kind": "land"}, "geometry": {"type": "Polygon", "coordinates": [[[-71.11665, 46.864844], [-70.879639, 46.996094], [-70.825781, 46.995361], [-71.025732, 46.872949], [-71.11665, 46.864844]]]}}, {"type": "Feature", "properties": {"kind": "land"}, "geometry": {"type": "Polygon", "coordinates": [[[-79.328955, 51.992285], [-79.425586, 51.944873], [-79.64375, 52.010059], [-79.334863, 52.098145], [-79.271289, 52.086816], [-79.328955, 51.992285]]]}}, {"type": "Feature", "properties": {"kind": "land"}, "geometry": {"type": "Polygon", "coordinates": [[[-79.142285, 56.180713], [-79.182129, 56.212158], [-79.407422, 55.934863], [-79.495117, 55.874756], [-79.605713, 55.875684], [-79.764746, 55.806787], [-79.497461, 56.093164], [-79.544727, 56.128369], [-79.90459, 55.871045], [-80.008252, 55.911035], [-79.515283, 56.326514], [-79.458887, 56.539746], [-79.432031, 56.447461], [-79.554199, 56.191992], [-79.458301, 56.211084], [-79.339355, 56.376318], [-79.272412, 56.600439], [-79.123535, 56.519971], [-79.077734, 56.453613], [-78.963184, 56.421729], [-78.906641, 56.32041], [-79.175488, 55.885059], [-79.227832, 55.878516], [-79.273633, 55.922461], [-79.142285, 56.136426], [-79.142285, 56.180713]]]}}, {"type": "Feature", "properties": {"kind": "land"}, "geometry": {"type": "Polygon", "coordinates": [[[-78.724512, 56.439209], [-78.66875, 56.438623], [-78.672803, 56.260498], [-78.761377, 56.174512], [-78.913818, 56.132812], [-78.799414, 56.383301], [-78.724512, 56.439209]]]}}, {"type": "Feature", "properties": {"kind": "land"}, "geometry": {"type": "Polygon", "coordinates": [[[-69.195166, 59.146143], [-69.193799, 59.092773], [-69.155176, 59.063574], [-69.22085, 58.967578], [-69.352832, 58.960742], [-69.316309, 59.028955], [-69.32998, 59.12124], [-69.195166, 59.146143]]]}}, {"type": "Feature", "properties": {"kind": "land"}, "geometry": {"type": "Polygon", "coordinates": [[[-67.978027, 60.57041], [-67.847559, 60.488818], [-67.818848, 60.449512], [-67.844238, 60.39165], [-68.012305, 60.304639], [-68.233789, 60.240918], [-68.365234, 60.254053], [-68.338281, 60.360596], [-68.141895, 60.562012], [-68.087598, 60.587842], [-67.978027, 60.57041]]]}}, {"type": "Feature", "properties": {"kind": "land"}, "geometry": {"type": "Polygon", "coordinates": [[[-78.668896, 60.716895], [-78.612012, 60.772314], [-78.241699, 60.818652], [-78.372461, 60.756396], [-78.668896, 60.716895]]]}}, {"type": "Feature", "properties": {"kind": "land"}, "geometry": {"type": "Polygon", "coordinates": [[[-74.108936, 62.680322], [-73.988184, 62.636084], [-74.053564, 62.609668], [-74.253516, 62.621973], [-74.626465, 62.712744], [-74.564209, 62.733301], [-74.108936, 62.680322]]]}}, {"type": "Feature", "properties": {"kind": "land"}, "geometry": {"type": "Polygon", "coordinates": [[[-71.136914, 62.815918], [-71.220117, 62.873926], [-70.674316, 62.807031], [-70.442627, 62.733789], [-70.268848, 62.578076], [-70.406348, 62.544824], [-70.686572, 62.573193], [-70.766064, 62.596875], [-70.837549, 62.648096], [-70.85127, 62.704346], [-70.986133, 62.787793], [-71.136914, 62.815918]]]}}, {"type": "Feature", "properties": {"kind": "land"}, "geometry": {"type": "Polygon", "coordinates": [[[-77.791455, 63.12959], [-77.942432, 63.114404], [-78.024414, 63.138867], [-78.46875, 63.35791], [-78.536768, 63.42373], [-78.507324, 63.451123], [-78.234912, 63.489551], [-77.933936, 63.478955], [-77.79209, 63.427832], [-77.703711, 63.430859], [-77.538477, 63.287061], [-77.532715, 63.233643], [-77.791455, 63.12959]]]}}, {"type": "Feature", "properties": {"kind": "land"}, "geometry": {"type": "Polygon", "coordinates": [[[-76.783154, 63.384033], [-77.057227, 63.449756], [-77.364746, 63.58833], [-77.133691, 63.682031], [-76.763623, 63.573584], [-76.652441, 63.503564], [-76.677588, 63.393945], [-76.783154, 63.384033]]]}}, {"type": "Feature", "properties": {"kind": "land"}, "geometry": {"type": "Polygon", "coordinates": [[[-77.569385, 64.03042], [-77.714062, 63.945703], [-77.928809, 63.962012], [-77.965967, 63.99292], [-77.569385, 64.03042]]]}}, {"type": "Feature", "properties": {"kind": "land"}, "geometry": {"type": "Polygon", "coordinates": [[[-75.086377, 67.751416], [-75.127295, 67.537305], [-75.201953, 67.45918], [-75.400098, 67.366699], [-75.780078, 67.283545], [-76.693945, 67.23584], [-76.944189, 67.250293], [-77.075928, 67.319629], [-77.224219, 67.508203], [-77.305908, 67.706104], [-77.228564, 67.850098], [-77.125879, 67.94707], [-76.688232, 68.254395], [-76.364453, 68.318701], [-75.866504, 68.336816], [-75.153809, 68.234033], [-75.103125, 68.201904], [-75.063477, 68.141211], [-75.062354, 68.075391], [-75.127344, 67.965234], [-75.086377, 67.751416]]]}}, {"type": "Feature", "properties": {"kind": "land"}, "geometry": {"type": "Polygon", "coordinates": [[[-85.065771, 71.078613], [-84.870312, 71.001807], [-84.82373, 71.028613], [-84.658105, 71.5146], [-84.659961, 71.586133], [-84.699414, 71.631445], [-85.339062, 71.697266], [-85.596191, 71.866406], [-85.911621, 71.986523], [-85.545801, 72.101562], [-85.405908, 72.214844], [-85.321875, 72.233154], [-85.01875, 72.218164], [-84.35166, 72.052637], [-84.282324, 72.058447], [-84.642969, 72.189551], [-84.841992, 72.308154], [-84.623047, 72.376563], [-84.849414, 72.40625], [-85.156396, 72.38291], [-85.391309, 72.443994], [-85.637891, 72.633203], [-85.644531, 72.774463], [-85.574609, 72.856396], [-85.454785, 72.925146], [-85.262109, 72.954004], [-84.256641, 72.796729], [-84.274268, 72.836426], [-85.383887, 73.04541], [-85.454736, 73.105469], [-85.018408, 73.335498], [-84.616064, 73.389551], [-84.416064, 73.456494], [-84.088965, 73.459375], [-83.781885, 73.416895], [-83.91499, 73.508398], [-83.904053, 73.52832], [-83.410352, 73.631689], [-82.659619, 73.72959], [-81.946143, 73.729834], [-81.605371, 73.695996], [-81.344092, 73.597754], [-81.23833, 73.479541], [-81.151758, 73.314014], [-81.025146, 73.245215], [-80.821729, 73.207178], [-80.603467, 73.121191], [-80.582764, 73.064941], [-80.619141, 72.997168], [-80.591895, 72.927686], [-80.430811, 72.81626], [-80.277246, 72.770166], [-80.322656, 72.71748], [-81.229346, 72.311719], [-81.240576, 72.27793], [-80.760791, 72.457178], [-80.611475, 72.45083], [-80.604687, 72.425781], [-80.702441, 72.338281], [-80.941211, 72.210156], [-80.691406, 72.103467], [-80.921094, 72.072314], [-80.9479, 71.916553], [-80.925146, 71.907666], [-80.802246, 71.929199], [-80.386133, 72.148779], [-80.181934, 72.208789], [-79.884375, 72.177197], [-80.108936, 72.332178], [-80.041797, 72.394238], [-79.831299, 72.446289], [-79.583691, 72.314648], [-79.427441, 72.337305], [-79.32334, 72.39082], [-79.000244, 72.272021], [-79.007812, 72.04292], [-78.775928, 71.930371], [-78.585107, 71.880615], [-78.862744, 72.10083], [-78.820117, 72.26543], [-78.699268, 72.351416], [-78.428809, 72.279785], [-78.116357, 72.280322], [-77.726025, 72.17998], [-77.516504, 72.177783], [-77.535742, 72.21875], [-78.287207, 72.359814], [-78.484277, 72.470605], [-78.422412, 72.571533], [-77.753223, 72.724756], [-76.893506, 72.720654], [-76.18877, 72.572217], [-75.704297, 72.571533], [-75.294238, 72.480859], [-75.185791, 72.434229], [-75.071484, 72.322852], [-75.039844, 72.26958], [-75.052686, 72.226367], [-75.394141, 72.039795], [-75.542773, 72.007959], [-75.922803, 71.717236], [-75.82207, 71.745898], [-75.599902, 71.918457], [-75.147656, 72.062988], [-74.694922, 72.096924], [-74.266357, 72.037695], [-74.209326, 71.978662], [-74.212598, 71.938672], [-74.315723, 71.842676], [-74.892969, 71.725537], [-75.204785, 71.709131], [-74.959473, 71.66748], [-74.700781, 71.675586], [-74.828955, 71.570898], [-74.868311, 71.504736], [-74.840723, 71.406592], [-75.035352, 71.230518], [-74.996191, 71.218115], [-74.758936, 71.338135], [-74.599561, 71.584863], [-74.488086, 71.648389], [-74.139062, 71.682227], [-73.866602, 71.771045], [-73.707227, 71.746338], [-73.713574, 71.719873], [-74.197266, 71.40415], [-74.06333, 71.426465], [-73.712842, 71.587598], [-73.481592, 71.479248], [-73.397803, 71.373437], [-73.180615, 71.282861], [-73.192187, 71.349854], [-73.310449, 71.484277], [-73.278223, 71.537988], [-72.901953, 71.677783], [-72.580615, 71.606787], [-72.116504, 71.592773], [-71.640674, 71.51626], [-71.332959, 71.403467], [-71.186523, 71.278711], [-71.49502, 71.105127], [-71.937939, 71.094287], [-72.632715, 70.830762], [-72.312549, 70.83252], [-72.00918, 71.013428], [-71.742529, 71.046875], [-71.37085, 70.975146], [-71.18623, 70.978027], [-70.826074, 71.10874], [-70.672656, 71.052197], [-70.636475, 71.006592], [-70.639111, 70.902441], [-70.761719, 70.792236], [-71.021777, 70.674121], [-71.585938, 70.565869], [-71.890186, 70.431543], [-71.727246, 70.395215], [-71.56499, 70.505664], [-71.42666, 70.5521], [-71.275879, 70.500293], [-71.27959, 70.425195], [-71.429443, 70.127783], [-71.313086, 70.209326], [-70.979785, 70.581055], [-70.560937, 70.738281], [-70.084717, 70.829541], [-69.949805, 70.84502], [-69.795703, 70.83457], [-69.695508, 70.785889], [-69.289062, 70.783447], [-68.495752, 70.610254], [-68.358252, 70.5229], [-68.363525, 70.48125], [-68.482568, 70.414844], [-68.84292, 70.314453], [-69.435693, 70.253125], [-70.061426, 70.07085], [-70.057715, 70.042627], [-69.79585, 70.046924], [-69.63457, 70.12876], [-69.483008, 70.160059], [-68.778223, 70.203564], [-68.723291, 70.145654], [-69.008301, 69.978955], [-68.744043, 69.941406], [-68.489355, 70.064844], [-68.230664, 70.112207], [-68.210449, 70.128418], [-68.327197, 70.180176], [-68.120654, 70.3146], [-67.855322, 70.281787], [-67.363672, 70.034424], [-67.195898, 69.860693], [-67.172656, 69.799463], [-67.192773, 69.756836], [-67.336719, 69.720996], [-67.806201, 69.777393], [-68.02041, 69.770068], [-68.37207, 69.644385], [-68.837109, 69.623535], [-69.227686, 69.547412], [-69.250781, 69.511914], [-68.513037, 69.577295], [-67.908252, 69.460107], [-67.360937, 69.47251], [-66.77085, 69.33667], [-66.67627, 69.258447], [-66.679297, 69.191064], [-66.802881, 69.152734], [-67.607227, 69.173193], [-67.938477, 69.248145], [-68.198193, 69.202686], [-68.406299, 69.232227], [-68.618896, 69.206006], [-69.040625, 69.097998], [-68.993457, 69.079346], [-68.415527, 69.17207], [-67.751709, 69.038672], [-67.751025, 68.933838], [-67.883203, 68.783984], [-68.450391, 68.85083], [-68.725293, 68.810205], [-69.342676, 68.869385], [-69.319092, 68.856982], [-68.871436, 68.759961], [-68.2104, 68.702979], [-68.15249, 68.681055], [-68.14834, 68.616113], [-67.938477, 68.52417], [-67.655957, 68.550732], [-67.20249, 68.465869], [-66.854199, 68.471631], [-66.713916, 68.445703], [-66.997266, 68.37417], [-67.032959, 68.326074], [-66.830957, 68.215625], [-66.923096, 68.065723], [-66.729004, 68.129004], [-66.702344, 68.120557], [-66.68457, 68.029248], [-66.662695, 68.034424], [-66.605469, 68.11001], [-66.630957, 68.210645], [-66.530762, 68.250342], [-66.212402, 68.28042], [-66.274707, 68.040771], [-66.413867, 67.904297], [-66.526465, 67.851172], [-66.392383, 67.831934], [-66.225195, 67.95874], [-65.942383, 68.070947], [-65.974902, 67.957422], [-65.864355, 67.922852], [-65.701709, 67.98667], [-65.509082, 67.968262], [-65.491113, 67.935693], [-65.552002, 67.799365], [-65.540869, 67.765625], [-65.40127, 67.674854], [-65.442236, 67.832324], [-65.415332, 67.879248], [-64.976904, 68.043408], [-64.835449, 67.98999], [-65.026025, 67.892041], [-65.071436, 67.823828], [-65.021094, 67.787549], [-64.829883, 67.784277], [-64.637793, 67.840234], [-64.527539, 67.812695], [-64.15625, 67.622998], [-64.019434, 67.654883], [-63.850195, 67.566064], [-64.07749, 67.495605], [-64.007959, 67.347314], [-64.699951, 67.350537], [-64.589258, 67.315527], [-64.375928, 67.301074], [-64.356445, 67.256152], [-63.83623, 67.264111], [-63.824121, 67.315674], [-63.591602, 67.377539], [-63.31582, 67.336328], [-63.040137, 67.23501], [-63.161621, 67.174365], [-63.258398, 67.024658], [-63.701562, 66.822363], [-62.962305, 66.949268], [-62.768164, 66.931982], [-62.710449, 66.954102], [-62.379736, 66.905371], [-62.123584, 67.046729], [-61.968555, 67.019043], [-61.299707, 66.64873], [-61.307227, 66.608838], [-61.527832, 66.558105], [-61.904492, 66.678125], [-62.12334, 66.643066], [-61.652637, 66.503125], [-61.576416, 66.4125], [-61.570801, 66.3729], [-61.862695, 66.312842], [-62.158447, 66.337988], [-62.374512, 66.41084], [-62.553125, 66.406836], [-62.405664, 66.315918], [-62.533594, 66.227002], [-62.24209, 66.147949], [-61.991602, 66.035303], [-62.244336, 66.005859], [-62.624121, 66.01626], [-62.448389, 65.945508], [-62.381982, 65.833301], [-62.610254, 65.723633], [-62.658887, 65.639941], [-62.968896, 65.622363], [-63.168945, 65.657324], [-63.45874, 65.853027], [-63.409766, 65.755811], [-63.420898, 65.708594], [-63.651074, 65.660986], [-63.337451, 65.616748], [-63.364258, 65.543213], [-63.363379, 65.229736], [-63.401807, 65.118457], [-63.606592, 64.928076], [-63.895605, 65.109277], [-64.061426, 65.121924], [-64.151855, 65.066162], [-64.345703, 65.172412], [-64.269678, 65.400781], [-64.469824, 65.252734], [-64.555078, 65.116602], [-65.108496, 65.46377], [-65.175684, 65.568164], [-65.401611, 65.764014], [-65.378125, 65.82207], [-65.184863, 65.939941], [-64.853711, 66.015918], [-64.672998, 66.192725], [-64.445361, 66.317139], [-64.655176, 66.287012], [-65.004492, 66.077734], [-65.415576, 65.99458], [-65.825732, 65.996924], [-65.891064, 66.020215], [-65.857178, 66.086426], [-65.656348, 66.204736], [-65.855957, 66.142236], [-66.063721, 66.132715], [-66.208594, 66.206396], [-66.476953, 66.279736], [-66.712305, 66.460449], [-66.787402, 66.555664], [-66.986328, 66.62749], [-67.014795, 66.622217], [-66.968994, 66.547168], [-67.076855, 66.525488], [-67.307324, 66.569727], [-67.317676, 66.520361], [-67.191748, 66.432764], [-67.189746, 66.321729], [-67.225391, 66.310254], [-67.368848, 66.31748], [-67.740771, 66.458203], [-67.868457, 66.490137], [-67.883398, 66.467432], [-67.704492, 66.268604], [-67.183203, 66.034424], [-67.350439, 65.929736], [-67.550781, 65.921631], [-67.828027, 65.965186], [-68.459912, 66.249268], [-68.748926, 66.200049], [-68.46709, 66.173193], [-68.217187, 66.078857], [-68.19834, 66.038965], [-68.260693, 65.99458], [-68.256836, 65.938623], [-68.186719, 65.870996], [-68.115039, 65.827783], [-67.866455, 65.773682], [-67.954346, 65.623096], [-67.936768, 65.564893], [-67.569629, 65.643555], [-67.399707, 65.588379], [-67.303418, 65.48291], [-67.117969, 65.440381], [-67.336523, 65.346582], [-67.066504, 65.244092], [-66.998584, 65.172998], [-66.970361, 65.084912], [-66.830908, 65.07417], [-66.697412, 64.815186], [-66.677148, 64.813672], [-66.666699, 64.973828], [-66.635498, 65.000342], [-66.22373, 64.854102], [-66.209717, 64.828125], [-66.301514, 64.777734], [-66.214648, 64.722412], [-66.15249, 64.734912], [-66.030176, 64.846582], [-65.938525, 64.885742], [-65.768066, 64.853564], [-65.513184, 64.706494], [-65.431934, 64.726416], [-65.274805, 64.631543], [-65.529346, 64.504785], [-65.178613, 64.509717], [-65.094531, 64.48457], [-65.074609, 64.43667], [-65.212988, 64.303271], [-65.507471, 64.318311], [-65.593652, 64.311133], [-65.580322, 64.293848], [-65.347803, 64.232324], [-65.149609, 64.087158], [-65.169873, 64.028174], [-64.678467, 64.027979], [-64.686182, 63.960938], [-64.798145, 63.915967], [-64.576318, 63.897363], [-64.410937, 63.706348], [-64.561572, 63.679688], [-64.498633, 63.462793], [-64.514355, 63.263965], [-64.664648, 63.245361], [-64.933301, 63.599268], [-65.191846, 63.764258], [-65.089404, 63.605957], [-65.004785, 63.333398], [-65.068945, 63.263477], [-64.672363, 62.921973], [-64.868701, 62.879883], [-65.132959, 62.952344], [-65.162793, 62.932617], [-65.046582, 62.701465], [-65.050195, 62.646143], [-65.108496, 62.626465], [-65.572412, 62.868896], [-65.740381, 62.931982], [-65.833691, 62.908545], [-66.224023, 63.107178], [-66.249219, 63.108252], [-66.201074, 63.00625], [-66.228662, 62.990967], [-66.414453, 63.027197], [-66.65498, 63.264746], [-66.636426, 63.080127], [-66.697461, 63.069531], [-66.773242, 63.162256], [-66.974707, 63.255566], [-67.01792, 63.316504], [-67.179785, 63.305029], [-67.260937, 63.340723], [-67.893262, 63.73374], [-67.722559, 63.422754], [-68.49375, 63.725488], [-68.858936, 63.751855], [-68.911084, 63.703223], [-68.789258, 63.595117], [-68.373926, 63.352197], [-68.14126, 63.172314], [-67.915332, 63.113672], [-67.675977, 63.093555], [-67.664893, 63.072656], [-67.736963, 63.00957], [-67.36665, 62.91416], [-66.979541, 62.70083], [-66.644873, 62.602051], [-66.28125, 62.302686], [-65.980176, 62.208887], [-66.026953, 62.137207], [-66.133154, 62.102393], [-66.056445, 61.96748], [-66.058887, 61.913867], [-66.256689, 61.868262], [-67.440137, 62.15127], [-68.535889, 62.255615], [-69.125586, 62.423975], [-69.604736, 62.767725], [-69.799512, 62.790479], [-70.236133, 62.763379], [-71.105762, 63.002246], [-70.946045, 63.120703], [-71.253711, 63.042529], [-71.50127, 63.126416], [-71.992236, 63.416162], [-71.614258, 63.444092], [-71.455859, 63.512256], [-71.380859, 63.580322], [-71.513477, 63.586572], [-71.725293, 63.706152], [-71.837549, 63.724951], [-72.290137, 63.727979], [-72.174268, 63.893408], [-72.498437, 63.823486], [-72.678076, 64.02002], [-72.913184, 64.117188], [-73.270312, 64.333496], [-73.454541, 64.399268], [-73.271289, 64.58252], [-73.626953, 64.602539], [-73.728418, 64.568262], [-73.910352, 64.578125], [-73.950391, 64.46582], [-74.064795, 64.424658], [-74.09873, 64.443701], [-74.130469, 64.607812], [-74.46123, 64.644678], [-74.634277, 64.823926], [-74.681396, 64.830664], [-74.91626, 64.791992], [-74.919434, 64.765527], [-74.640039, 64.55708], [-74.694727, 64.496582], [-75.067383, 64.456689], [-75.487793, 64.540771], [-75.715039, 64.524365], [-75.766699, 64.391943], [-76.118066, 64.376318], [-76.406836, 64.303174], [-76.561523, 64.301611], [-76.723828, 64.242041], [-76.856152, 64.237646], [-77.791162, 64.36709], [-78.045215, 64.499268], [-78.174561, 64.617725], [-78.189697, 64.751807], [-78.055273, 64.98291], [-77.876172, 65.072949], [-77.360889, 65.196533], [-77.4604, 65.355908], [-77.326709, 65.453125], [-76.481689, 65.369727], [-75.82832, 65.227051], [-75.519922, 65.056006], [-75.501562, 65.013086], [-75.589111, 64.905029], [-75.4521, 64.841602], [-75.357129, 65.00874], [-75.445801, 65.099707], [-75.772949, 65.257031], [-75.798682, 65.29751], [-75.708594, 65.315723], [-75.166309, 65.283936], [-74.981738, 65.381445], [-74.494775, 65.37168], [-74.236865, 65.483887], [-73.9896, 65.516992], [-73.550781, 65.485254], [-73.560742, 65.54292], [-73.746094, 65.766699], [-74.033105, 65.877051], [-74.276172, 66.012744], [-74.401074, 66.096973], [-74.433936, 66.139014], [-74.416406, 66.16709], [-74.374902, 66.208154], [-73.584229, 66.506934], [-73.280811, 66.674951], [-73.033252, 66.728174], [-72.985352, 66.765381], [-72.946777, 66.883252], [-72.788818, 67.030615], [-72.364941, 67.133398], [-72.22002, 67.254297], [-72.352881, 67.341895], [-72.576465, 67.658643], [-72.725293, 67.811621], [-73.063428, 68.106982], [-73.328223, 68.266748], [-73.331445, 68.308984], [-73.284473, 68.356982], [-73.644482, 68.294531], [-73.820508, 68.362939], [-73.879346, 68.429395], [-73.780615, 68.619287], [-73.851562, 68.701367], [-74.117969, 68.700928], [-73.966064, 68.57876], [-73.989258, 68.548633], [-74.270117, 68.541211], [-74.422412, 68.579932], [-74.647949, 68.70752], [-74.695801, 68.755566], [-74.699951, 68.80835], [-74.80835, 68.795898], [-74.9104, 68.823145], [-74.743262, 68.913379], [-74.954004, 68.961084], [-74.716699, 69.045508], [-74.854883, 69.06582], [-75.213281, 68.909375], [-75.522656, 68.952734], [-75.623047, 68.887744], [-76.234717, 68.728027], [-76.403418, 68.692334], [-76.585059, 68.69873], [-76.619434, 68.721387], [-76.61626, 68.759863], [-76.574561, 68.84668], [-76.587695, 68.974463], [-76.557227, 69.009473], [-76.380908, 69.052441], [-75.953711, 69.030811], [-75.667969, 69.158838], [-75.647754, 69.212549], [-75.787158, 69.318652], [-76.407959, 69.441113], [-76.520361, 69.516602], [-76.516113, 69.590918], [-76.463281, 69.619971], [-76.234082, 69.662109], [-76.513281, 69.683936], [-76.742334, 69.5729], [-77.089941, 69.635107], [-77.128809, 69.652734], [-76.868604, 69.745166], [-76.858594, 69.775391], [-77.015967, 69.836133], [-77.59165, 69.845605], [-77.774023, 70.238525], [-78.282812, 70.22915], [-78.621436, 70.353418], [-78.979785, 70.581348], [-79.066406, 70.603564], [-79.346631, 70.481885], [-79.405225, 70.400732], [-79.017529, 70.325195], [-78.933838, 70.293701], [-78.809814, 70.178564], [-78.777832, 70.047656], [-78.818799, 70.010449], [-79.092871, 69.925342], [-79.51543, 69.887598], [-80.670312, 70.0521], [-81.55957, 70.11123], [-81.651953, 70.094629], [-81.329492, 70.024365], [-81.02373, 69.9], [-80.842871, 69.79165], [-80.921729, 69.730908], [-81.564697, 69.942725], [-82.293848, 69.836914], [-83.149951, 70.009082], [-83.859082, 69.962744], [-84.521875, 70.005225], [-84.909082, 70.078223], [-85.432373, 70.111377], [-85.780029, 70.03667], [-86.322021, 70.14541], [-86.483105, 70.288574], [-86.499805, 70.350391], [-86.396875, 70.465332], [-86.70415, 70.390723], [-87.122461, 70.411963], [-87.171973, 70.399854], [-87.063281, 70.325098], [-87.617773, 70.31875], [-87.900684, 70.251904], [-88.4021, 70.44248], [-88.848437, 70.5229], [-89.208301, 70.759717], [-89.371533, 70.996143], [-89.455908, 71.061719], [-88.695654, 71.045605], [-87.844922, 70.944385], [-87.181592, 70.987549], [-87.140088, 71.011621], [-87.872461, 71.208545], [-89.079346, 71.287939], [-89.693311, 71.423486], [-89.845752, 71.492285], [-90.025195, 71.948779], [-89.931494, 72.049023], [-89.663818, 72.157959], [-89.8229, 72.207813], [-89.858691, 72.24834], [-89.874023, 72.367188], [-89.816846, 72.467725], [-89.357715, 72.80415], [-89.287695, 73.016943], [-89.225342, 73.108057], [-88.976807, 73.25249], [-88.760937, 73.312402], [-88.705176, 73.403271], [-87.926416, 73.67334], [-87.472363, 73.759424], [-86.406396, 73.854785], [-85.110498, 73.808154], [-85.009326, 73.778613], [-84.946777, 73.721631], [-85.204297, 73.603564], [-85.681885, 73.461475], [-86.000537, 73.312549], [-86.629346, 72.870801], [-86.667773, 72.762549], [-86.594629, 72.661133], [-86.322559, 72.46084], [-86.341357, 72.123193], [-86.218457, 71.899121], [-86.036133, 71.770947], [-85.078711, 71.398486], [-85.023389, 71.353223], [-85.405371, 71.226758], [-85.94541, 71.162646], [-86.589355, 71.010791], [-86.549658, 70.98877], [-86.321289, 71.016797], [-85.643848, 71.152441], [-85.001562, 71.137451], [-85.065771, 71.078613]]]}}, {"type": "Feature", "properties": {"kind": "land"}, "geometry": {"type": "Polygon", "coordinates": [[[-74.731445, 68.048779], [-74.379395, 68.093457], [-73.49375, 68.000635], [-73.435254, 67.97002], [-73.398193, 67.829932], [-73.407178, 67.793066], [-73.621729, 67.783838], [-74.480713, 67.804883], [-74.573389, 67.828662], [-74.678613, 67.905566], [-74.745996, 67.984814], [-74.731445, 68.048779]]]}}, {"type": "Feature", "properties": {"kind": "land"}, "geometry": {"type": "Polygon", "coordinates": [[[-78.828516, 68.268164], [-79.064062, 68.181787], [-79.174023, 68.234961], [-79.153467, 68.335254], [-78.952588, 68.353027], [-78.828516, 68.268164]]]}}, {"type": "Feature", "properties": {"kind": "land"}, "geometry": {"type": "Polygon", "coordinates": [[[-75.287402, 68.687744], [-75.074707, 68.684717], [-74.983643, 68.647607], [-74.818945, 68.494434], [-74.798242, 68.457959], [-74.830957, 68.440723], [-74.818555, 68.394092], [-74.880859, 68.348682], [-74.959326, 68.342236], [-75.400244, 68.525488], [-75.370166, 68.636084], [-75.287402, 68.687744]]]}}, {"type": "Feature", "properties": {"kind": "land"}, "geometry": {"type": "Polygon", "coordinates": [[[-79.144971, 69.087451], [-78.9, 69.1354], [-78.804102, 69.235107], [-78.662012, 69.262354], [-78.689062, 69.325098], [-78.59668, 69.370605], [-78.332568, 69.386035], [-78.228955, 69.304004], [-78.53291, 69.146045], [-78.852686, 68.915674], [-79.210645, 68.845459], [-79.361377, 68.857666], [-79.391162, 68.939941], [-79.144971, 69.087451]]]}}, {"type": "Feature", "properties": {"kind": "land"}, "geometry": {"type": "Polygon", "coordinates": [[[-77.318701, 69.416309], [-77.187549, 69.440088], [-76.745703, 69.404004], [-76.67002, 69.348584], [-76.91123, 69.174658], [-76.995361, 69.14375], [-77.215039, 69.138086], [-77.321924, 69.193604], [-77.379395, 69.274023], [-77.318701, 69.416309]]]}}, {"type": "Feature", "properties": {"kind": "land"}, "geometry": {"type": "Polygon", "coordinates": [[[-67.75459, 69.631445], [-67.940283, 69.534863], [-68.202344, 69.58042], [-68.221387, 69.616748], [-67.908838, 69.681836], [-67.75459, 69.631445]]]}}, {"type": "Feature", "properties": {"kind": "land"}, "geometry": {"type": "Polygon", "coordinates": [[[-78.848193, 69.482812], [-78.578564, 69.638818], [-78.295508, 69.667139], [-78.200732, 69.739502], [-78.029102, 69.714893], [-77.969141, 69.638965], [-78.470068, 69.502539], [-78.848193, 69.482812]]]}}, {"type": "Feature", "properties": {"kind": "land"}, "geometry": {"type": "Polygon", "coordinates": [[[-76.758691, 73.31001], [-76.569775, 73.159277], [-76.289551, 73.081006], [-76.30957, 72.9979], [-76.08999, 72.881201], [-76.400537, 72.820654], [-77.835938, 72.896826], [-78.314209, 72.881836], [-79.13418, 72.771631], [-79.500537, 72.755957], [-79.936865, 72.863623], [-80.051611, 72.977002], [-80.183301, 73.224658], [-80.61792, 73.270801], [-80.776416, 73.33418], [-80.82417, 73.380664], [-80.822949, 73.428955], [-80.797998, 73.471533], [-80.73584, 73.483105], [-80.827002, 73.534668], [-80.860742, 73.670557], [-80.822852, 73.743457], [-80.621387, 73.767334], [-79.366797, 73.641357], [-78.062939, 73.647656], [-77.206543, 73.499561], [-77.005322, 73.356055], [-76.758691, 73.31001]]]}}, {"type": "Feature", "properties": {"kind": "land"}, "geometry": {"type": "Polygon", "coordinates": [[[-79.69873, 75.883252], [-79.009326, 76.145898], [-78.845166, 76.106299], [-79.056641, 75.985156], [-79.051758, 75.866992], [-79.544531, 75.825635], [-79.69873, 75.883252]]]}}, {"type": "Feature", "properties": {"kind": "land"}, "geometry": {"type": "Polygon", "coordinates": [[[-72.246777, 77.463525], [-71.433447, 77.394385], [-71.46709, 77.353662], [-71.667334, 77.325293], [-72.023535, 77.316455], [-72.494922, 77.385547], [-72.489551, 77.431641], [-72.246777, 77.463525]]]}}, {"type": "Feature", "properties": {"kind": "land"}, "geometry": {"type": "Polygon", "coordinates": [[[-66.422559, 82.926855], [-66.836328, 82.81792], [-68.469336, 82.653369], [-67.39707, 82.668115], [-65.727441, 82.842432], [-65.299023, 82.799609], [-65.113184, 82.888916], [-64.904883, 82.90083], [-64.504004, 82.778418], [-63.983594, 82.829102], [-63.49873, 82.792578], [-63.473047, 82.77124], [-63.642529, 82.712988], [-63.085352, 82.565234], [-63.087061, 82.532813], [-63.246777, 82.450195], [-62.475195, 82.51958], [-61.697168, 82.488623], [-61.477051, 82.467432], [-61.207227, 82.341064], [-61.273535, 82.279834], [-62.176709, 82.043408], [-64.435791, 81.742627], [-65.226172, 81.743506], [-65.701074, 81.645557], [-66.625732, 81.616406], [-66.914062, 81.485107], [-68.688525, 81.293311], [-68.721191, 81.26123], [-68.542578, 81.247998], [-65.735693, 81.494238], [-64.780078, 81.492871], [-64.832764, 81.438623], [-65.483984, 81.284766], [-66.312842, 81.146143], [-66.726855, 81.040918], [-68.630469, 80.678711], [-69.550684, 80.383252], [-69.733789, 80.366943], [-70.143506, 80.397656], [-70.712598, 80.5396], [-70.212793, 80.277734], [-70.264893, 80.233594], [-72.055957, 80.123242], [-71.948682, 80.086182], [-71.616113, 80.071045], [-70.758496, 80.118652], [-70.559082, 80.070996], [-70.75752, 79.998242], [-71.355811, 79.911279], [-71.106348, 79.875537], [-71.110156, 79.847803], [-71.387842, 79.761768], [-71.964551, 79.701074], [-72.436523, 79.694385], [-73.448145, 79.8271], [-74.394482, 79.874072], [-74.660205, 79.835156], [-73.472461, 79.756445], [-73.229395, 79.643994], [-73.201123, 79.596582], [-73.293555, 79.521582], [-73.466064, 79.495166], [-73.865967, 79.501416], [-75.503418, 79.41416], [-76.898828, 79.512305], [-76.295703, 79.413623], [-76.116357, 79.326123], [-75.602734, 79.239551], [-75.093604, 79.203906], [-74.481201, 79.229492], [-74.532324, 79.052734], [-75.233154, 79.035547], [-75.911816, 79.117773], [-77.398047, 79.057275], [-78.581641, 79.075], [-77.882764, 78.942383], [-76.824805, 79.017871], [-76.255859, 79.006836], [-75.952686, 78.959033], [-75.795068, 78.889746], [-75.098535, 78.858301], [-74.433105, 78.724121], [-74.535059, 78.659277], [-74.546582, 78.620312], [-74.878613, 78.544824], [-76.416113, 78.511523], [-75.488379, 78.403516], [-75.193457, 78.327734], [-75.550684, 78.221094], [-75.865967, 78.009814], [-75.969629, 77.993115], [-76.355566, 77.991016], [-76.974023, 77.927246], [-78.012598, 77.946045], [-78.084131, 77.846094], [-78.047168, 77.615479], [-78.076172, 77.519043], [-78.28374, 77.413086], [-78.493213, 77.369385], [-79.906396, 77.299561], [-80.573047, 77.314795], [-81.659082, 77.525439], [-81.503564, 77.429785], [-81.277734, 77.365186], [-81.522949, 77.31084], [-82.056787, 77.296533], [-81.967822, 77.247852], [-81.756348, 77.204004], [-81.117188, 77.269629], [-80.672559, 77.244287], [-80.218701, 77.146582], [-79.92373, 77.193604], [-79.497266, 77.196094], [-79.340869, 77.158398], [-79.281104, 77.085156], [-79.273828, 77.025781], [-79.318945, 76.980371], [-79.220752, 76.936035], [-78.791797, 76.883594], [-78.455957, 76.967236], [-78.288867, 76.977979], [-77.99873, 76.851953], [-77.983301, 76.75498], [-78.118701, 76.644043], [-78.284326, 76.57124], [-79.511035, 76.310498], [-80.690283, 76.176465], [-80.962939, 76.183936], [-80.99668, 76.21499], [-80.834814, 76.369141], [-80.832373, 76.408643], [-80.974512, 76.470068], [-81.170703, 76.512744], [-81.717383, 76.494971], [-82.03418, 76.629395], [-82.311133, 76.655371], [-82.529834, 76.723291], [-82.261963, 76.574707], [-82.20835, 76.51377], [-82.233154, 76.46582], [-83.885693, 76.453125], [-83.986328, 76.49502], [-84.223779, 76.675342], [-84.275342, 76.356543], [-85.343604, 76.313379], [-86.11582, 76.434912], [-86.296191, 76.491846], [-86.453711, 76.584863], [-86.561914, 76.516504], [-86.680225, 76.376611], [-87.354199, 76.448047], [-87.489795, 76.58584], [-87.497559, 76.386279], [-88.395996, 76.405273], [-88.481641, 76.580078], [-88.49585, 76.772852], [-88.614111, 76.650879], [-88.545801, 76.420898], [-89.570068, 76.491943], [-89.499756, 76.826807], [-88.770898, 76.993359], [-88.556201, 77.072217], [-88.147949, 77.124023], [-87.361719, 77.13623], [-86.812256, 77.184912], [-87.182422, 77.332129], [-87.429688, 77.347803], [-87.681445, 77.436377], [-88.094678, 77.719189], [-88.016992, 77.784717], [-87.236035, 77.891797], [-86.755078, 77.863721], [-86.172998, 77.746143], [-85.588477, 77.461133], [-84.950879, 77.374951], [-84.487012, 77.367969], [-83.973584, 77.390527], [-83.608057, 77.442236], [-82.902734, 77.732715], [-82.710352, 77.849512], [-82.595312, 77.992139], [-83.428223, 77.621289], [-83.779395, 77.532617], [-84.167822, 77.522705], [-84.48584, 77.561963], [-84.860547, 77.499512], [-85.289355, 77.559033], [-85.292041, 77.763867], [-85.547559, 77.927686], [-84.61543, 78.195703], [-84.222705, 78.176025], [-84.55, 78.251367], [-84.910352, 78.239697], [-84.783203, 78.527588], [-85.024316, 78.312402], [-85.418994, 78.142432], [-85.585938, 78.10957], [-86.217773, 78.081201], [-86.062598, 78.186963], [-85.920068, 78.342871], [-86.427051, 78.197021], [-86.913232, 78.126807], [-87.339355, 78.132666], [-87.551758, 78.176611], [-87.491113, 78.284424], [-87.491309, 78.417187], [-86.95293, 78.663916], [-86.80791, 78.774365], [-85.00376, 78.912256], [-83.271436, 78.770313], [-82.989795, 78.844141], [-82.151074, 78.864111], [-81.750098, 78.975781], [-82.43877, 78.903662], [-84.145801, 78.959814], [-84.412012, 78.996582], [-84.567773, 79.071289], [-84.530273, 79.10127], [-84.256641, 79.122168], [-83.575879, 79.053662], [-84.197363, 79.225098], [-85.268506, 79.664111], [-86.031494, 79.721924], [-86.420752, 79.845215], [-86.494336, 80.018164], [-86.614502, 80.123535], [-86.498535, 80.258252], [-86.307178, 80.319336], [-84.056543, 80.261963], [-83.723633, 80.228955], [-82.67749, 79.992773], [-81.688379, 79.685791], [-81.038086, 79.614209], [-80.475928, 79.60625], [-80.124463, 79.669482], [-81.010156, 79.693115], [-82.681299, 80.174902], [-82.961133, 80.277881], [-82.987012, 80.322607], [-82.536133, 80.375537], [-80.979639, 80.445264], [-80.051074, 80.528564], [-79.629346, 80.647852], [-78.386182, 80.784375], [-76.862988, 80.864795], [-77.118555, 80.896436], [-78.550977, 80.921436], [-78.716211, 80.95166], [-78.629297, 81.043457], [-78.286816, 81.167627], [-76.885107, 81.430273], [-77.972363, 81.330811], [-78.733887, 81.151025], [-79.19834, 81.117578], [-79.402148, 81.036865], [-79.54541, 80.909326], [-79.761328, 80.841943], [-80.133545, 80.763916], [-81.007031, 80.654883], [-82.368213, 80.561328], [-82.884326, 80.577539], [-82.222363, 80.772314], [-83.401416, 80.713965], [-84.219775, 80.537793], [-85.14585, 80.521143], [-85.726221, 80.581152], [-86.250342, 80.565771], [-86.61543, 80.630029], [-86.603076, 80.664014], [-86.2521, 80.789551], [-85.246289, 80.987891], [-83.349219, 81.10332], [-83.288818, 81.147949], [-85.780859, 81.035059], [-86.233447, 80.950098], [-87.329883, 80.669775], [-87.71167, 80.65625], [-88.921436, 80.805615], [-89.14458, 80.853662], [-89.263281, 80.914307], [-88.413086, 80.999756], [-87.388672, 80.988379], [-86.476758, 81.035742], [-85.80957, 81.123584], [-84.941211, 81.28623], [-85.40249, 81.285303], [-86.622754, 81.122656], [-87.275098, 81.080811], [-89.623047, 81.032471], [-89.980957, 81.124707], [-89.947314, 81.172656], [-89.208691, 81.250098], [-89.673682, 81.328613], [-89.427002, 81.387451], [-88.621924, 81.501416], [-87.597021, 81.52583], [-88.479053, 81.564648], [-88.978369, 81.541504], [-90.303516, 81.401123], [-90.609033, 81.429541], [-89.82168, 81.634863], [-90.626318, 81.656006], [-91.292383, 81.57124], [-91.684082, 81.635693], [-91.647559, 81.683838], [-91.423828, 81.744238], [-90.941943, 81.827441], [-90.490186, 81.877246], [-89.381006, 81.916748], [-88.566846, 82.061084], [-88.063184, 82.096484], [-87.404395, 82.054199], [-87.018213, 81.95874], [-86.999219, 81.992139], [-86.834033, 82.03335], [-86.626807, 82.051025], [-86.15835, 82.025537], [-85.645654, 81.953271], [-85.044824, 81.982812], [-85.310596, 82.043994], [-86.580615, 82.187207], [-86.615625, 82.218555], [-85.794434, 82.291602], [-85.275977, 82.405225], [-84.896826, 82.449414], [-84.368115, 82.373926], [-83.590674, 82.326465], [-83.010156, 82.141699], [-82.633691, 82.077295], [-82.356006, 82.066016], [-82.327441, 82.09248], [-82.747461, 82.196436], [-82.638379, 82.245752], [-82.536914, 82.247266], [-80.153369, 81.977637], [-79.424854, 81.854443], [-79.629492, 81.932324], [-80.129834, 82.028369], [-81.468262, 82.192383], [-81.997607, 82.278271], [-82.447559, 82.39502], [-82.451367, 82.4271], [-82.268896, 82.464648], [-81.681152, 82.518652], [-82.12251, 82.601758], [-82.116846, 82.628662], [-81.579687, 82.643018], [-80.809668, 82.586377], [-81.178076, 82.744678], [-81.010156, 82.779053], [-80.075781, 82.706201], [-78.748779, 82.679395], [-79.833789, 82.816504], [-80.154932, 82.911133], [-79.886328, 82.938525], [-77.47959, 82.883154], [-76.420996, 82.670898], [-76.146484, 82.549854], [-76.009375, 82.535156], [-75.565625, 82.608545], [-76.908447, 82.919434], [-77.124902, 83.008545], [-75.744922, 83.047168], [-74.41416, 83.013135], [-74.197754, 82.989014], [-73.703125, 82.851855], [-73.272021, 82.771582], [-72.658691, 82.721631], [-73.234668, 82.844238], [-73.441895, 82.904834], [-73.440723, 82.94585], [-73.331152, 82.998779], [-72.81167, 83.081201], [-72.069238, 83.106055], [-70.940381, 82.902246], [-71.423535, 83.021143], [-70.870557, 83.098145], [-69.969922, 83.116113], [-69.488867, 83.016797], [-68.409033, 83.005273], [-67.924609, 82.956006], [-66.59165, 82.944043], [-66.422559, 82.926855]]]}}, {"type": "Feature", "properties": {"kind": "land"}, "geometry": {"type": "Polygon", "coordinates": [[[-59.787598, 43.9396], [-60.037744, 43.906641], [-60.11748, 43.953369], [-59.866357, 43.947168], [-59.727148, 44.002832], [-59.787598, 43.9396]]]}}, {"type": "Feature", "properties": {"kind": "land"}, "geometry": {"type": "Polygon", "coordinates": [[[-61.002881, 45.481738], [-61.081738, 45.557812], [-60.912451, 45.567285], [-60.961572, 45.489941], [-61.002881, 45.481738]]]}}, {"type": "Feature", "properties": {"kind": "land"}, "geometry": {"type": "Polygon", "coordinates": [[[-60.971533, 45.837988], [-61.09209, 45.748389], [-61.059033, 45.703369], [-60.699072, 45.77334], [-60.460596, 45.968701], [-60.704883, 45.93291], [-60.733301, 45.956592], [-60.573193, 46.061426], [-60.585742, 46.11665], [-60.504932, 46.203857], [-60.297949, 46.31123], [-60.243848, 46.270117], [-60.226465, 46.195557], [-60.09248, 46.206006], [-59.865039, 46.159521], [-59.848779, 46.112939], [-59.934033, 46.019434], [-59.828027, 45.965137], [-60.386084, 45.654639], [-60.672949, 45.59082], [-60.871582, 45.610693], [-61.283691, 45.573877], [-61.449805, 45.716211], [-61.495312, 45.941455], [-61.480615, 46.059766], [-61.408643, 46.170361], [-61.240527, 46.302539], [-60.870166, 46.796777], [-60.571045, 46.998828], [-60.408203, 47.003516], [-60.425439, 46.923193], [-60.33291, 46.737012], [-60.482422, 46.413525], [-60.494531, 46.270264], [-60.576855, 46.172168], [-61.105176, 45.944727], [-60.865234, 45.983496], [-60.868408, 45.948633], [-61.037549, 45.882227], [-60.971533, 45.837988]]]}}, {"type": "Feature", "properties": {"kind": "land"}, "geometry": {"type": "Polygon", "coordinates": [[[-63.368652, 46.508252], [-63.129395, 46.422217], [-62.163574, 46.487207], [-62.02373, 46.421582], [-62.526074, 46.202881], [-62.552002, 46.165918], [-62.543262, 46.028662], [-62.478076, 45.999707], [-62.804883, 45.973193], [-62.878369, 46.001367], [-62.903516, 46.068262], [-63.02207, 46.066602], [-62.894531, 46.123584], [-62.952637, 46.195166], [-63.015039, 46.189941], [-63.056348, 46.223926], [-63.05293, 46.269824], [-62.978467, 46.316357], [-63.270801, 46.2], [-63.152783, 46.18833], [-63.213477, 46.159863], [-63.568896, 46.209229], [-63.731787, 46.289062], [-63.800537, 46.367334], [-63.758643, 46.397607], [-64.11084, 46.425439], [-64.106543, 46.562109], [-64.136035, 46.599707], [-64.388037, 46.640869], [-64.403125, 46.691602], [-64.223242, 46.90127], [-63.993555, 47.061572], [-63.981494, 46.912988], [-64.087891, 46.775439], [-63.879297, 46.608984], [-63.863721, 46.572363], [-63.905566, 46.508789], [-63.784229, 46.454639], [-63.681445, 46.561914], [-63.368652, 46.508252]]]}}, {"type": "Feature", "properties": {"kind": "land"}, "geometry": {"type": "Polygon", "coordinates": [[[-56.17168, 46.752832], [-56.243262, 46.767187], [-56.152637, 46.811084], [-56.139258, 46.778662], [-56.17168, 46.752832]]]}}, {"type": "Feature", "properties": {"kind": "land"}, "geometry": {"type": "Polygon", "coordinates": [[[-56.287354, 47.070996], [-56.314893, 46.953857], [-56.255469, 46.860986], [-56.354199, 46.795312], [-56.384766, 46.819434], [-56.333936, 46.935645], [-56.386914, 47.067969], [-56.364648, 47.098975], [-56.287354, 47.070996]]]}}, {"type": "Feature", "properties": {"kind": "land"}, "geometry": {"type": "Polygon", "coordinates": [[[-61.924707, 47.425146], [-61.548047, 47.631787], [-61.395508, 47.637646], [-61.475537, 47.563965], [-61.582227, 47.56001], [-61.684082, 47.49873], [-61.886621, 47.344629], [-61.914111, 47.284521], [-61.772559, 47.259814], [-61.83374, 47.222607], [-62.008301, 47.234277], [-61.924707, 47.425146]]]}}, {"type": "Feature", "properties": {"kind": "land"}, "geometry": {"type": "Polygon", "coordinates": [[[-54.128174, 47.646826], [-54.227148, 47.441357], [-54.325977, 47.408105], [-54.214941, 47.585107], [-54.128174, 47.646826]]]}}, {"type": "Feature", "properties": {"kind": "land"}, "geometry": {"type": "Polygon", "coordinates": [[[-64.508594, 47.886719], [-64.533887, 47.81377], [-64.621289, 47.751904], [-64.68457, 47.753613], [-64.663281, 47.863037], [-64.508594, 47.886719]]]}}, {"type": "Feature", "properties": {"kind": "land"}, "geometry": {"type": "Polygon", "coordinates": [[[-64.540723, 47.984961], [-64.48125, 48.006934], [-64.476074, 47.958887], [-64.591309, 47.907227], [-64.540723, 47.984961]]]}}, {"type": "Feature", "properties": {"kind": "land"}, "geometry": {"type": "Polygon", "coordinates": [[[-55.999902, 51.199268], [-55.815088, 51.191162], [-55.785352, 51.131445], [-55.8, 51.033301], [-55.871387, 50.907373], [-56.106543, 50.759277], [-56.135645, 50.650977], [-56.195752, 50.584766], [-56.454346, 50.380029], [-56.483936, 50.27085], [-56.732324, 50.007715], [-56.754102, 49.88291], [-56.848633, 49.765332], [-56.809229, 49.7104], [-56.822168, 49.613477], [-56.500928, 49.869629], [-56.376416, 49.933691], [-56.24707, 50.090088], [-56.179395, 50.11499], [-56.122168, 50.062842], [-56.161279, 49.940137], [-55.927002, 50.017773], [-55.764746, 49.960449], [-55.50293, 49.983154], [-55.583691, 49.892383], [-56.03999, 49.704687], [-56.140186, 49.619141], [-55.978516, 49.678125], [-55.869824, 49.670166], [-55.892041, 49.580273], [-56.087305, 49.451953], [-55.815234, 49.515283], [-55.678125, 49.434619], [-55.375928, 49.489746], [-55.343848, 49.3729], [-55.280176, 49.412744], [-55.283008, 49.513818], [-55.229541, 49.508154], [-55.200293, 49.408496], [-55.259326, 49.266992], [-55.34248, 49.168115], [-55.353174, 49.079443], [-55.252344, 49.120898], [-55.244531, 49.199805], [-55.176123, 49.244434], [-55.026172, 49.305371], [-55.015918, 49.260352], [-54.982617, 49.268115], [-54.502197, 49.527344], [-54.469189, 49.529785], [-54.448242, 49.329443], [-54.316748, 49.424121], [-53.957715, 49.441846], [-53.619434, 49.321631], [-53.56958, 49.26416], [-53.573437, 49.141211], [-53.758057, 49.0354], [-53.903223, 48.88916], [-54.161279, 48.787695], [-53.852881, 48.811328], [-53.961523, 48.738867], [-53.966016, 48.706689], [-53.698047, 48.679834], [-53.706348, 48.655518], [-53.794629, 48.526367], [-54.114453, 48.393604], [-53.799316, 48.449219], [-53.738867, 48.495801], [-53.644434, 48.51123], [-53.552051, 48.481787], [-53.411328, 48.562158], [-53.220264, 48.577881], [-53.057275, 48.659033], [-53.027588, 48.634717], [-53.037305, 48.515869], [-53.135742, 48.401855], [-53.334326, 48.355957], [-53.405518, 48.294336], [-53.609766, 48.207715], [-53.560205, 48.173828], [-53.541846, 48.108447], [-53.569434, 48.088086], [-53.86958, 48.019678], [-53.638232, 48.014648], [-53.69502, 47.921191], [-53.863672, 47.787012], [-53.765137, 47.650098], [-53.672363, 47.648242], [-53.60376, 47.662305], [-53.50376, 47.743848], [-53.282715, 47.997852], [-52.920996, 48.14707], [-52.866016, 48.112988], [-52.998242, 47.975928], [-53.153857, 47.73457], [-53.169824, 47.512109], [-53.122461, 47.455127], [-52.94502, 47.552832], [-52.782422, 47.769434], [-52.711426, 47.745312], [-52.653662, 47.549414], [-52.683643, 47.426318], [-52.912402, 47.103223], [-52.889209, 46.974121], [-53.069775, 46.68125], [-53.166992, 46.646484], [-53.323047, 46.718359], [-53.536133, 46.63252], [-53.589795, 46.638867], [-53.616357, 46.680273], [-53.581348, 46.957275], [-53.612158, 47.010352], [-53.579639, 47.099414], [-53.597363, 47.145996], [-54.00957, 46.8396], [-54.102393, 46.824902], [-54.17373, 46.880371], [-54.092676, 47.08623], [-53.849512, 47.440332], [-53.989014, 47.756201], [-54.191846, 47.859814], [-54.488135, 47.403857], [-54.562549, 47.375195], [-54.473926, 47.54707], [-54.651172, 47.408203], [-54.856641, 47.38501], [-55.09043, 47.173926], [-55.139648, 47.045947], [-55.315723, 46.905713], [-55.530713, 46.914014], [-55.788525, 46.867236], [-55.949902, 46.927686], [-55.919238, 47.016895], [-55.838379, 47.071631], [-55.491504, 47.160645], [-55.19082, 47.448975], [-54.869531, 47.570898], [-54.784619, 47.664746], [-54.945947, 47.62085], [-55.074561, 47.657568], [-55.366309, 47.661084], [-55.434668, 47.50127], [-55.576123, 47.465234], [-55.862061, 47.530078], [-56.127246, 47.502832], [-55.86709, 47.592334], [-55.85791, 47.819189], [-56.020117, 47.763721], [-56.121436, 47.78916], [-56.262988, 47.658447], [-56.774121, 47.56499], [-57.659814, 47.625391], [-57.925537, 47.674902], [-58.333203, 47.676855], [-58.336865, 47.730859], [-58.613135, 47.626221], [-58.941162, 47.580469], [-59.116943, 47.570703], [-59.259766, 47.63418], [-59.362402, 47.865674], [-59.340869, 47.933643], [-58.60498, 48.411328], [-58.330225, 48.522119], [-59.166797, 48.521777], [-59.167676, 48.558496], [-58.841797, 48.746436], [-58.819189, 48.746826], [-58.906445, 48.650195], [-58.843408, 48.605322], [-58.716455, 48.598047], [-58.49375, 49.003223], [-58.403662, 49.084326], [-58.186133, 49.061914], [-58.049658, 48.987549], [-57.990527, 48.987939], [-58.098926, 49.077441], [-58.049072, 49.17998], [-57.980078, 49.229639], [-58.190918, 49.25874], [-58.213379, 49.38667], [-58.107422, 49.499707], [-58.01582, 49.54248], [-57.856055, 49.473828], [-57.791309, 49.48999], [-57.897461, 49.600391], [-57.926172, 49.70083], [-57.432617, 50.505811], [-57.330566, 50.605176], [-57.17959, 50.614844], [-57.26416, 50.649365], [-57.297998, 50.69873], [-57.053271, 50.857324], [-57.005664, 50.939648], [-57.035937, 51.01084], [-56.825146, 51.125732], [-56.750195, 51.274902], [-56.682422, 51.332764], [-56.517969, 51.399316], [-56.025586, 51.568359], [-55.9021, 51.563916], [-55.86582, 51.508301], [-55.69043, 51.471338], [-55.65957, 51.511035], [-55.700635, 51.559424], [-55.666406, 51.578906], [-55.521631, 51.596387], [-55.453223, 51.562305], [-55.583398, 51.388574], [-56.031104, 51.328369], [-56.043945, 51.261865], [-55.999902, 51.199268]]]}}, {"type": "Feature", "properties": {"kind": "land"}, "geometry": {"type": "Polygon", "coordinates": [[[-63.884912, 49.657715], [-64.440039, 49.827734], [-64.485205, 49.886963], [-64.372949, 49.925928], [-64.131445, 49.94165], [-63.088818, 49.772705], [-62.043066, 49.389795], [-61.817139, 49.283545], [-61.696143, 49.139014], [-61.801123, 49.093896], [-62.219531, 49.079102], [-63.041504, 49.224951], [-63.565869, 49.399316], [-63.676221, 49.534326], [-63.884912, 49.657715]]]}}, {"type": "Feature", "properties": {"kind": "land"}, "geometry": {"type": "Polygon", "coordinates": [[[-54.78877, 49.591211], [-54.733105, 49.562158], [-54.61875, 49.62207], [-54.537695, 49.619971], [-54.554395, 49.588867], [-54.786523, 49.496143], [-54.863574, 49.576074], [-54.78877, 49.591211]]]}}, {"type": "Feature", "properties": {"kind": "land"}, "geometry": {"type": "Polygon", "coordinates": [[[-54.258984, 49.718994], [-54.199365, 49.688525], [-54.137695, 49.751172], [-54.093701, 49.744434], [-53.980664, 49.661963], [-54.269238, 49.587012], [-54.28877, 49.66084], [-54.258984, 49.718994]]]}}, {"type": "Feature", "properties": {"kind": "land"}, "geometry": {"type": "Polygon", "coordinates": [[[-55.469287, 50.796387], [-55.536133, 50.719678], [-55.629346, 50.720801], [-55.604492, 50.780713], [-55.527197, 50.801221], [-55.469287, 50.796387]]]}}, {"type": "Feature", "properties": {"kind": "land"}, "geometry": {"type": "Polygon", "coordinates": [[[-55.419629, 51.900049], [-55.346484, 51.982861], [-55.274072, 51.995166], [-55.293555, 51.92998], [-55.36123, 51.889648], [-55.419629, 51.900049]]]}}, {"type": "Feature", "properties": {"kind": "land"}, "geometry": {"type": "Polygon", "coordinates": [[[-60.966406, 56.098828], [-60.982715, 56.015137], [-61.19585, 56.063916], [-61.157568, 56.118359], [-61.086914, 56.14082], [-60.966406, 56.098828]]]}}, {"type": "Feature", "properties": {"kind": "land"}, "geometry": {"type": "Polygon", "coordinates": [[[-62.01123, 57.548486], [-61.84834, 57.579346], [-61.659521, 57.524951], [-61.6375, 57.416064], [-61.795264, 57.422461], [-61.975488, 57.49541], [-62.01123, 57.548486]]]}}, {"type": "Feature", "properties": {"kind": "land"}, "geometry": {"type": "Polygon", "coordinates": [[[-64.646289, 60.5146], [-64.407031, 60.36709], [-64.441943, 60.297852], [-64.808984, 60.4104], [-64.836426, 60.501025], [-64.646289, 60.5146]]]}}, {"type": "Feature", "properties": {"kind": "land"}, "geometry": {"type": "Polygon", "coordinates": [[[-65.432129, 61.649512], [-64.954443, 61.685107], [-64.789648, 61.662207], [-64.66958, 61.593018], [-64.696387, 61.471484], [-64.856836, 61.354443], [-65.393896, 61.562842], [-65.432129, 61.649512]]]}}, {"type": "Feature", "properties": {"kind": "land"}, "geometry": {"type": "Polygon", "coordinates": [[[-64.84707, 61.761523], [-64.927734, 61.73252], [-65.165918, 61.797656], [-65.235352, 61.897705], [-65.173926, 61.943213], [-65.068359, 61.926025], [-65.030566, 61.879053], [-64.960547, 61.87168], [-64.84707, 61.761523]]]}}, {"type": "Feature", "properties": {"kind": "land"}, "geometry": {"type": "Polygon", "coordinates": [[[-64.901221, 62.421045], [-64.956494, 62.45835], [-64.8271, 62.50498], [-64.848779, 62.543311], [-64.823828, 62.55874], [-64.515332, 62.551807], [-64.418066, 62.487402], [-64.546484, 62.391406], [-64.901221, 62.421045]]]}}, {"type": "Feature", "properties": {"kind": "land"}, "geometry": {"type": "Polygon", "coordinates": [[[-52.450342, 65.221338], [-52.537695, 65.328809], [-52.0, 65.51826275326373], [-52.0, 64.25861185234567], [-52.093408, 64.415918], [-52.088867, 64.681543], [-52.259033, 65.154932], [-52.450342, 65.221338]]]}}, {"type": "Feature", "properties": {"kind": "land"}, "geometry": {"type": "Polygon", "coordinates": [[[-53.23374, 65.77085], [-53.106348, 65.977148], [-53.272217, 65.987402], [-53.392041, 66.04834], [-53.356934, 66.073291], [-52.0, 66.54379843609895], [-52.0, 65.58451989303342], [-52.348242, 65.461328], [-52.55127, 65.461377], [-52.760937, 65.59082], [-52.994922, 65.566016], [-53.198975, 65.594043], [-53.23374, 65.77085]]]}}, {"type": "Feature", "properties": {"kind": "land"}, "geometry": {"type": "Polygon", "coordinates": [[[-53.614697, 66.154492], [-53.648096, 66.273535], [-53.634717, 66.413672], [-53.570703, 66.513281], [-53.41875, 66.648535], [-53.114648, 66.753809], [-53.038281, 66.826807], [-52.491064, 66.850146], [-52.386865, 66.881152], [-52.560107, 66.909082], [-53.443604, 66.924658], [-53.687158, 66.986475], [-53.884424, 67.135547], [-53.798584, 67.418164], [-52.969531, 67.687256], [-52.666455, 67.749707], [-52.383594, 67.752344], [-52.0, 67.68070144709934], [-52.0, 66.62355216881508], [-53.035791, 66.201416], [-53.53877, 66.139355], [-53.614697, 66.154492]]]}}, {"type": "Feature", "properties": {"kind": "land"}, "geometry": {"type": "Polygon", "coordinates": [[[-62.396338, 67.17832], [-62.681543, 67.056299], [-62.80542, 67.028809], [-62.871631, 67.062598], [-62.625293, 67.176953], [-62.396338, 67.17832]]]}}, {"type": "Feature", "properties": {"kind": "land"}, "geometry": {"type": "Polygon", "coordinates": [[[-53.603613, 67.536475], [-53.735205, 67.549023], [-53.616211, 67.715332], [-53.577979, 67.836816], [-53.35293, 67.970508], [-53.151562, 68.207764], [-52.889844, 68.204541], [-52.0, 68.07154998566689], [-52.0, 67.76992220869218], [-52.344824, 67.836914], [-52.89834, 67.773242], [-53.418799, 67.574561], [-53.603613, 67.536475]]]}}, {"type": "Feature", "properties": {"kind": "land"}, "geometry": {"type": "Polygon", "coordinates": [[[-53.383154, 68.297363], [-53.213281, 68.412988], [-53.039453, 68.610889], [-52.893848, 68.661523], [-52.60459, 68.70874], [-52.302783, 68.701123], [-52.0, 68.61243707937653], [-52.0, 68.23640376938947], [-52.378516, 68.218604], [-52.698389, 68.261523], [-52.780029, 68.309863], [-53.383154, 68.297363]]]}}, {"type": "Feature", "properties": {"kind": "land"}, "geometry": {"type": "Polygon", "coordinates": [[[-52.112598, 69.489111], [-52.770459, 69.363916], [-53.578418, 69.256641], [-53.754346, 69.260156], [-54.051172, 69.337158], [-54.182715, 69.403516], [-54.158154, 69.427783], [-53.658301, 69.465137], [-53.825, 69.540332], [-54.734131, 69.610547], [-54.919141, 69.713623], [-54.84126, 69.901904], [-54.787891, 69.949854], [-54.322607, 69.941895], [-54.773633, 70.052539], [-54.830762, 70.132959], [-54.78623, 70.217773], [-54.371631, 70.317285], [-54.007227, 70.296436], [-53.296729, 70.205371], [-53.10293, 70.140869], [-52.731152, 69.944727], [-52.045312, 69.807227], [-52.0, 69.76623201555142], [-52.0, 69.54432546099702], [-52.112598, 69.489111]]]}}, {"type": "Feature", "properties": {"kind": "land"}, "geometry": {"type": "Polygon", "coordinates": [[[-54.014453, 70.42168], [-54.343311, 70.571191], [-54.530762, 70.699268], [-54.343555, 70.789209], [-54.16582, 70.820117], [-53.513086, 70.766602], [-52.801953, 70.750586], [-52.405225, 70.686768], [-52.0, 70.56708226788118], [-52.0, 70.03783899888202], [-52.336035, 70.078125], [-53.023047, 70.301904], [-54.014453, 70.42168]]]}}, {"type": "Feature", "properties": {"kind": "land"}, "geometry": {"type": "Polygon", "coordinates": [[[-52.148047, 70.904395], [-52.106738, 70.968018], [-52.0, 70.9746032716742], [-52.0, 70.86369326282774], [-52.119385, 70.870654], [-52.148047, 70.904395]]]}}, {"type": "Feature", "properties": {"kind": "land"}, "geometry": {"type": "Polygon", "coordinates": [[[-53.584473, 71.29707], [-53.432129, 71.153418], [-53.455469, 71.08291], [-53.535205, 71.04082], [-53.897559, 71.085156], [-53.957812, 71.127734], [-53.700977, 71.283008], [-53.584473, 71.29707]]]}}, {"type": "Feature", "properties": {"kind": "land"}, "geometry": {"type": "Polygon", "coordinates": [[[-53.117041, 71.312891], [-52.891846, 71.457666], [-52.749414, 71.501514], [-52.0, 71.59503828090251], [-52.0, 71.12356604201393], [-52.53457, 71.200439], [-53.007568, 71.17998], [-53.117041, 71.312891]]]}}, {"type": "Feature", "properties": {"kind": "land"}, "geometry": {"type": "Polygon", "coordinates": [[[-55.827148, 72.652148], [-56.140869, 72.668457], [-56.214795, 72.719189], [-55.993555, 72.782275], [-55.51626, 72.780713], [-55.205811, 72.84165], [-55.033008, 72.820508], [-55.016895, 72.791113], [-55.523633, 72.568408], [-55.781006, 72.617236], [-55.827148, 72.652148]]]}}, {"type": "Feature", "properties": {"kind": "land"}, "geometry": {"type": "Polygon", "coordinates": [[[-53.464844, 71.606787], [-53.476025, 71.640186], [-53.249707, 71.710156], [-53.138867, 71.775195], [-53.144531, 71.807422], [-53.333691, 71.789746], [-53.420117, 71.999756], [-53.692871, 72.159668], [-53.809863, 72.292578], [-53.652148, 72.362646], [-53.927734, 72.318799], [-53.792871, 72.134082], [-53.513672, 71.97627], [-53.4625, 71.893555], [-53.477588, 71.849951], [-53.71543, 71.757666], [-53.779687, 71.678516], [-53.894092, 71.641992], [-54.019922, 71.657861], [-53.912061, 71.525928], [-53.962988, 71.458984], [-54.317725, 71.384473], [-54.689062, 71.367236], [-55.336426, 71.426758], [-55.594043, 71.553516], [-55.667822, 71.626758], [-55.669336, 71.691504], [-55.549219, 71.768262], [-55.452441, 71.957666], [-55.315576, 72.110693], [-54.840137, 72.356104], [-54.896338, 72.394189], [-55.320117, 72.199561], [-55.581445, 72.178857], [-55.659473, 72.222607], [-55.63584, 72.300439], [-55.37793, 72.311133], [-55.295703, 72.354395], [-55.427979, 72.419873], [-55.601709, 72.453467], [-55.456787, 72.503271], [-55.121875, 72.499609], [-54.924951, 72.571973], [-54.740039, 72.700195], [-54.76084, 72.831738], [-54.737939, 72.87251], [-54.866211, 72.966846], [-55.073096, 73.015137], [-55.133984, 72.960645], [-55.288916, 72.933203], [-55.668555, 73.00791], [-55.692773, 73.112842], [-55.358691, 73.20293], [-55.297168, 73.262305], [-55.288281, 73.3271], [-55.332031, 73.397363], [-55.445703, 73.460498], [-55.738867, 73.383984], [-55.787061, 73.460498], [-55.875537, 73.504639], [-56.104053, 73.558154], [-56.10918, 73.590771], [-55.968408, 73.75957], [-55.838281, 73.759717], [-55.929492, 73.89541], [-56.225391, 74.129102], [-56.493164, 74.182178], [-57.230566, 74.125293], [-56.706348, 74.219189], [-56.638965, 74.278369], [-56.654297, 74.378125], [-56.717676, 74.429248], [-56.255469, 74.526807], [-56.871143, 74.694971], [-57.190869, 74.89375], [-57.813184, 75.03999], [-58.25332, 75.278955], [-58.565527, 75.352734], [-58.603467, 75.385303], [-58.281201, 75.47207], [-58.249658, 75.506689], [-58.516211, 75.689063], [-59.081592, 75.764697], [-59.445312, 75.858594], [-61.188232, 76.157861], [-62.09668, 76.242334], [-62.742871, 76.252148], [-63.291309, 76.352051], [-63.438867, 76.339453], [-63.843066, 76.217139], [-63.960352, 76.208936], [-64.307275, 76.316504], [-64.911963, 76.17251], [-65.369922, 76.130566], [-65.57373, 76.144238], [-65.954053, 76.241699], [-66.465771, 76.13916], [-66.874023, 76.217871], [-67.078711, 76.194824], [-67.054785, 76.151855], [-66.674805, 75.977393], [-66.826172, 75.968799], [-68.317285, 76.090771], [-69.3729, 76.331885], [-69.484082, 76.39917], [-68.86499, 76.561377], [-68.114258, 76.650635], [-68.223389, 76.677686], [-69.252051, 76.686133], [-69.673828, 76.735889], [-69.888086, 76.827051], [-69.872217, 76.876611], [-69.694238, 76.989453], [-70.441309, 76.807373], [-70.613135, 76.821826], [-70.792822, 76.869092], [-70.734668, 76.929004], [-71.015039, 76.984863], [-71.141455, 77.028662], [-71.154883, 77.073877], [-70.862842, 77.175439], [-70.603711, 77.193848], [-69.656543, 77.229004], [-68.97832, 77.195312], [-68.747461, 77.306934], [-68.591602, 77.342529], [-68.135547, 77.37959], [-66.937988, 77.364209], [-66.389453, 77.280273], [-66.371289, 77.297705], [-66.447656, 77.349805], [-66.453076, 77.393066], [-66.266455, 77.515381], [-66.306445, 77.564502], [-66.445361, 77.615674], [-66.823535, 77.686621], [-67.688086, 77.523779], [-68.137305, 77.530469], [-68.621533, 77.601855], [-68.974561, 77.492627], [-69.351367, 77.467139], [-69.976758, 77.547656], [-70.118164, 77.583496], [-70.126367, 77.637793], [-70.561914, 77.717187], [-70.081494, 77.831396], [-70.114453, 77.841357], [-70.412402, 77.843115], [-70.728711, 77.792725], [-71.271631, 77.813135], [-71.649902, 77.899805], [-72.158545, 77.956934], [-72.791504, 78.154883], [-72.818066, 78.194336], [-72.581299, 78.279102], [-72.570947, 78.29873], [-72.714795, 78.362305], [-72.47251, 78.482031], [-71.651318, 78.623145], [-70.905762, 78.638477], [-69.973535, 78.777686], [-68.993457, 78.857422], [-68.923926, 78.881934], [-69.030518, 78.942871], [-68.377051, 79.037842], [-67.354541, 79.12334], [-66.075342, 79.118213], [-65.825537, 79.17373], [-65.419873, 79.340234], [-65.287793, 79.437305], [-65.116943, 79.589014], [-64.792285, 80.000635], [-64.17915, 80.099268], [-64.439941, 80.141846], [-65.810449, 80.024072], [-66.447705, 80.080273], [-66.843652, 80.076221], [-67.141309, 80.166455], [-67.201465, 80.222168], [-67.193164, 80.280078], [-66.995898, 80.412988], [-66.610059, 80.52959], [-65.645215, 80.685059], [-64.515527, 81.0], [-63.721973, 81.057324], [-63.441699, 81.013867], [-63.058594, 80.885596], [-63.028662, 80.889551], [-63.235205, 81.08335], [-63.2125, 81.143115], [-62.993262, 81.206982], [-62.298877, 81.194385], [-61.635596, 81.115723], [-61.435986, 81.133594], [-61.162061, 81.281494], [-61.1, 81.396094], [-61.175977, 81.631885], [-61.235693, 81.69458], [-61.20293, 81.746875], [-60.842871, 81.855371], [-60.099463, 81.937354], [-59.281934, 81.884033], [-58.079932, 81.622217], [-57.504883, 81.539893], [-56.862061, 81.382715], [-56.615137, 81.362891], [-56.859668, 81.459961], [-57.853027, 81.662012], [-58.816748, 81.92041], [-59.268018, 81.98208], [-59.261816, 82.006641], [-58.717383, 82.093066], [-56.589355, 82.227148], [-55.548682, 82.245752], [-55.48623, 82.282861], [-55.343604, 82.299561], [-54.548877, 82.350635], [-53.987305, 82.279248], [-53.671338, 82.164062], [-53.582031, 82.061572], [-53.595508, 81.738037], [-53.590771, 81.676855], [-53.555664, 81.653271], [-53.14502, 81.799756], [-53.041211, 81.870996], [-52.925537, 82.038379], [-53.101953, 82.118945], [-53.110742, 82.251221], [-53.022559, 82.321729], [-52.775586, 82.321729], [-52.0, 82.1368590194052], [-52.0, 71.65246655932204], [-52.195801, 71.62998], [-52.656299, 71.672266], [-53.167529, 71.535938], [-53.284082, 71.539941], [-53.464844, 71.606787]]]}}]}