{"type": "FeatureCollection", "features": [{"type": "Feature", "properties": {"kind": "parallel", "lat": 60}, "geometry": {"type": "LineString", "coordinates": [[-180, 60], [-178, 60], [-176, 60], [-174, 60], [-172, 60], [-170, 60], [-168, 60], [-166, 60], [-164, 60], [-162, 60], [-160, 60], [-158, 60], [-156, 60], [-154, 60], [-152, 60], [-150, 60], [-148, 60], [-146, 60], [-144, 60], [-142, 60], [-140, 60], [-138, 60], [-136, 60], [-134, 60], [-132, 60], [-130, 60], [-128, 60], [-126, 60], [-124, 60], [-122, 60], [-120, 60], [-118, 60], [-116, 60], [-114, 60], [-112, 60], [-110, 60], [-108, 60], [-106, 60], [-104, 60], [-102, 60], [-100, 60], [-98, 60], [-96, 60], [-94, 60], [-92, 60], [-90, 60], [-88, 60], [-86, 60], [-84, 60], [-82, 60], [-80, 60], [-78, 60], [-76, 60], [-74, 60], [-72, 60], [-70, 60], [-68, 60], [-66, 60], [-64, 60], [-62, 60], [-60, 60], [-58, 60], [-56, 60], [-54, 60], [-52, 60], [-50, 60], [-48, 60], [-46, 60], [-44, 60], [-42, 60], [-40, 60], [-38, 60], [-36, 60], [-34, 60], [-32, 60], [-30, 60], [-28, 60], [-26, 60], [-24, 60], [-22, 60], [-20, 60], [-18, 60], [-16, 60], [-14, 60], [-12, 60], [-10, 60], [-8, 60], [-6, 60], [-4, 60], [-2, 60], [0, 60], [2, 60], [4, 60], [6, 60], [8, 60], [10, 60], [12, 60], [14, 60], [16, 60], [18, 60], [20, 60], [22, 60], [24, 60], [26, 60], [28, 60], [30, 60], [32, 60], [34, 60], [36, 60], [38, 60], [40, 60], [42, 60], [44, 60], [46, 60], [48, 60], [50, 60], [52, 60], [54, 60], [56, 60], [58, 60], [60, 60], [62, 60], [64, 60], [66, 60], [68, 60], [70, 60], [72, 60], [74, 60], [76, 60], [78, 60], [80, 60], [82, 60], [84, 60], [86, 60], [88, 60], [90, 60], [92, 60], [94, 60], [96, 60], [98, 60], [100, 60], [102, 60], [104, 60], [106, 60], [108, 60], [110, 60], [112, 60], [114, 60], [116, 60], [118, 60], [120, 60], [122, 60], [124, 60], [126, 60], [128, 60], [130, 60], [132, 60], [134, 60], [136, 60], [138, 60], [140, 60], [142, 60], [144, 60], [146, 60], [148, 60], [150, 60], [152, 60], [154, 60], [156, 60], [158, 60], [160, 60], [162, 60], [164, 60], [166, 60], [168, 60], [170, 60], [172, 60], [174, 60], [176, 60], [178, 60], [180, 60]]}}, {"type": "Feature", "properties": {"kind": "parallel", "lat": 70}, "geometry": {"type": "LineString", "coordinates": [[-180, 70], [-178, 70], [-176, 70], [-174, 70], [-172, 70], [-170, 70], [-168, 70], [-166, 70], [-164, 70], [-162, 70], [-160, 70], [-158, 70], [-156, 70], [-154, 70], [-152, 70], [-150, 70], [-148, 70], [-146, 70], [-144, 70], [-142, 70], [-140, 70], [-138, 70], [-136, 70], [-134, 70], [-132, 70], [-130, 70], [-128, 70], [-126, 70], [-124, 70], [-122, 70], [-120, 70], [-118, 70], [-116, 70], [-114, 70], [-112, 70], [-110, 70], [-108, 70], [-106, 70], [-104, 70], [-102, 70], [-100, 70], [-98, 70], [-96, 70], [-94, 70], [-92, 70], [-90, 70], [-88, 70], [-86, 70], [-84, 70], [-82, 70], [-80, 70], [-78, 70], [-76, 70], [-74, 70], [-72, 70], [-70, 70], [-68, 70], [-66, 70], [-64, 70], [-62, 70], [-60, 70], [-58, 70], [-56, 70], [-54, 70], [-52, 70], [-50, 70], [-48, 70], [-46, 70], [-44, 70], [-42, 70], [-40, 70], [-38, 70], [-36, 70], [-34, 70], [-32, 70], [-30, 70], [-28, 70], [-26, 70], [-24, 70], [-22, 70], [-20, 70], [-18, 70], [-16, 70], [-14, 70], [-12, 70], [-10, 70], [-8, 70], [-6, 70], [-4, 70], [-2, 70], [0, 70], [2, 70], [4, 70], [6, 70], [8, 70], [10, 70], [12, 70], [14, 70], [16, 70], [18, 70], [20, 70], [22, 70], [24, 70], [26, 70], [28, 70], [30, 70], [32, 70], [34, 70], [36, 70], [38, 70], [40, 70], [42, 70], [44, 70], [46, 70], [48, 70], [50, 70], [52, 70], [54, 70], [56, 70], [58, 70], [60, 70], [62, 70], [64, 70], [66, 70], [68, 70], [70, 70], [72, 70], [74, 70], [76, 70], [78, 70], [80, 70], [82, 70], [84, 70], [86, 70], [88, 70], [90, 70], [92, 70], [94, 70], [96, 70], [98, 70], [100, 70], [102, 70], [104, 70], [106, 70], [108, 70], [110, 70], [112, 70], [114, 70], [116, 70], [118, 70], [120, 70], [122, 70], [124, 70], [126, 70], [128, 70], [130, 70], [132, 70], [134, 70], [136, 70], [138, 70], [140, 70], [142, 70], [144, 70], [146, 70], [148, 70], [150, 70], [152, 70], [154, 70], [156, 70], [158, 70], [160, 70], [162, 70], [164, 70], [166, 70], [168, 70], [170, 70], [172, 70], [174, 70], [176, 70], [178, 70], [180, 70]]}}, {"type": "Feature", "properties": {"kind": "parallel", "lat": 80}, "geometry": {"type": "LineString", "coordinates": [[-180, 80], [-178, 80], [-176, 80], [-174, 80], [-172, 80], [-170, 80], [-168, 80], [-166, 80], [-164, 80], [-162, 80], [-160, 80], [-158, 80], [-156, 80], [-154, 80], [-152, 80], [-150, 80], [-148, 80], [-146, 80], [-144, 80], [-142, 80], [-140, 80], [-138, 80], [-136, 80], [-134, 80], [-132, 80], [-130, 80], [-128, 80], [-126, 80], [-124, 80], [-122, 80], [-120, 80], [-118, 80], [-116, 80], [-114, 80], [-112, 80], [-110, 80], [-108, 80], [-106, 80], [-104, 80], [-102, 80], [-100, 80], [-98, 80], [-96, 80], [-94, 80], [-92, 80], [-90, 80], [-88, 80], [-86, 80], [-84, 80], [-82, 80], [-80, 80], [-78, 80], [-76, 80], [-74, 80], [-72, 80], [-70, 80], [-68, 80], [-66, 80], [-64, 80], [-62, 80], [-60, 80], [-58, 80], [-56, 80], [-54, 80], [-52, 80], [-50, 80], [-48, 80], [-46, 80], [-44, 80], [-42, 80], [-40, 80], [-38, 80], [-36, 80], [-34, 80], [-32, 80], [-30, 80], [-28, 80], [-26, 80], [-24, 80], [-22, 80], [-20, 80], [-18, 80], [-16, 80], [-14, 80], [-12, 80], [-10, 80], [-8, 80], [-6, 80], [-4, 80], [-2, 80], [0, 80], [2, 80], [4, 80], [6, 80], [8, 80], [10, 80], [12, 80], [14, 80], [16, 80], [18, 80], [20, 80], [22, 80], [24, 80], [26, 80], [28, 80], [30, 80], [32, 80], [34, 80], [36, 80], [38, 80], [40, 80], [42, 80], [44, 80], [46, 80], [48, 80], [50, 80], [52, 80], [54, 80], [56, 80], [58, 80], [60, 80], [62, 80], [64, 80], [66, 80], [68, 80], [70, 80], [72, 80], [74, 80], [76, 80], [78, 80], [80, 80], [82, 80], [84, 80], [86, 80], [88, 80], [90, 80], [92, 80], [94, 80], [96, 80], [98, 80], [100, 80], [102, 80], [104, 80], [106, 80], [108, 80], [110, 80], [112, 80], [114, 80], [116, 80], [118, 80], [120, 80], [122, 80], [124, 80], [126, 80], [128, 80], [130, 80], [132, 80], [134, 80], [136, 80], [138, 80], [140, 80], [142, 80], [144, 80], [146, 80], [148, 80], [150, 80], [152, 80], [154, 80], [156, 80], [158, 80], [160, 80], [162, 80], [164, 80], [166, 80], [168, 80], [170, 80], [172, 80], [174, 80], [176, 80], [178, 80], [180, 80]]}}, {"type": "Feature", "properties": {"kind": "settlement", "region": "West Greenland", "population": 95}, "geometry": {"type": "Point", "coordinates": [-49.23168060802365, 64.4687382564296]}}, {"type": "Feature", "properties": {"kind": "settlement", "region": "West Greenland", "population": 22448}, "geometry": {"type": "Point", "coordinates": [-53.381728612266045, 69.83884355861248]}}, {"type": "Feature", "properties": {"kind": "settlement", "region": "West Greenland", "population": 159}, "geometry": {"type": "Point", "coordinates": [-46.28620876834367, 69.86826617066463]}}, {"type": "Feature", "properties": {"kind": "settlement", "region": "West Greenland", "population": 27366}, "geometry": {"type": "Point", "coordinates": [-55.812339741365975, 68.05263081336959]}}, {"type": "Feature", "properties": {"kind": "settlement", "region": "West Greenland", "population": 1450}, "geometry": {"type": "Point", "coordinates": [-53.281484057978645, 69.82949031993567]}}, {"type": "Feature", "properties": {"kind": "settlement", "region": "West Greenland", "population": 39}, "geometry": {"type": "Point", "coordinates": [-49.02385772927127, 64.00237508241892]}}, {"type": "Feature", "properties": {"kind": "settlement", "region": "West Greenland", "population": 62}, "geometry": {"type": "Point", "coordinates": [-51.163554773425034, 67.55194178703366]}}, {"type": "Feature", "properties": {"kind": "settlement", "region": "West Greenland", "population": 15645}, "geometry": {"type": "Point", "coordinates": [-55.29320742516161, 67.67732271380873]}}, {"type": "Feature", "properties": {"kind": "settlement", "region": "West Greenland", "population": 10771}, "geometry": {"type": "Point", "coordinates": [-44.490460713291384, 67.58956726392327]}}, {"type": "Feature", "properties": {"kind": "settlement", "region": "West Greenland", "population": 6413}, "geometry": {"type": "Point", "coordinates": [-52.358790295549625, 65.50286778900357]}}, {"type": "Feature", "properties": {"kind": "settlement", "region": "West Greenland", "population": 252}, "geometry": {"type": "Point", "coordinates": [-47.58377148504292, 66.497048007165]}}, {"type": "Feature", "properties": {"kind": "settlement", "region": "West Greenland", "population": 63}, "geometry": {"type": "Point", "coordinates": [-55.9827831902592, 68.15713304071504]}}, {"type": "Feature", "properties": {"kind": "settlement", "region": "West Greenland", "population": 32468}, "geometry": {"type": "Point", "coordinates": [-52.37860844816234, 68.80034061485962]}}, {"type": "Feature", "properties": {"kind": "settlement", "region": "West Greenland", "population": 3864}, "geometry": {"type": "Point", "coordinates": [-54.47354428789542, 69.08461522228615]}}, {"type": "Feature", "properties": {"kind": "settlement", "region": "West Greenland", "population": 11584}, "geometry": {"type": "Point", "coordinates": [-50.640589025600036, 69.98127204739149]}}, {"type": "Feature", "properties": {"kind": "settlement", "region": "West Greenland", "population": 649}, "geometry": {"type": "Point", "coordinates": [-54.846984719033756, 68.01497951418067]}}, {"type": "Feature", "properties": {"kind": "settlement", "region": "West Greenland", "population": 67}, "geometry": {"type": "Point", "coordinates": [-44.09506783222241, 66.42322106105652]}}, {"type": "Feature", "properties": {"kind": "settlement", "region": "West Greenland", "population": 4250}, "geometry": {"type": "Point", "coordinates": [-45.99743936431588, 64.67790199134494]}}, {"type": "Feature", "properties": {"kind": "settlement", "region": "West Greenland", "population": 101}, "geometry": {"type": "Point", "coordinates": [-46.42139745260792, 64.92969371032665]}}, {"type": "Feature", "properties": {"kind": "settlement", "region": "West Greenland", "population": 862}, "geometry": {"type": "Point", "coordinates": [-46.56371487824063, 69.97663914869747]}}, {"type": "Feature", "properties": {"kind": "settlement", "region": "West Greenland", "population": 3714}, "geometry": {"type": "Point", "coordinates": [-47.39279773222677, 66.55010944495841]}}, {"type": "Feature", "properties": {"kind": "settlement", "region": "West Greenland", "population": 2367}, "geometry": {"type": "Point", "coordinates": [-54.236154988472464, 66.89219839264594]}}, {"type": "Feature", "properties": {"kind": "settlement", "region": "West Greenland", "population": 58541}, "geometry": {"type": "Point", "coordinates": [-52.29160224696942, 66.08307157014353]}}, {"type": "Feature", "properties": {"kind": "settlement", "region": "West Greenland", "population": 630}, "geometry": {"type": "Point", "coordinates": [-44.093060029664855, 67.24489245646811]}}, {"type": "Feature", "properties": {"kind": "settlement", "region": "West Greenland", "population": 4450}, "geometry": {"type": "Point", "coordinates": [-44.306453353122436, 64.78862793515997]}}, {"type": "Feature", "properties": {"kind": "settlement", "region": "West Greenland", "population": 370}, "geometry": {"type": "Point", "coordinates": [-53.09581457428831, 64.62168578312753]}}, {"type": "Feature", "properties": {"kind": "settlement", "region": "West Greenland", "population": 2718}, "geometry": {"type": "Point", "coordinates": [-49.2631255710956, 66.68351266921734]}}, {"type": "Feature", "properties": {"kind": "settlement", "region": "West Greenland", "population": 49832}, "geometry": {"type": "Point", "coordinates": [-44.857437340016986, 67.14249460396121]}}, {"type": "Feature", "properties": {"kind": "settlement", "region": "West Greenland", "population": 986}, "geometry": {"type": "Point", "coordinates": [-44.32198199009326, 65.75643694631842]}}, {"type": "Feature", "properties": {"kind": "settlement", "region": "West Greenland", "population": 2298}, "geometry": {"type": "Point", "coordinates": [-53.47113650314492, 67.91668960822204]}}, {"type": "Feature", "properties": {"kind": "settlement", "region": "West Greenland", "population": 41176}, "geometry": {"type": "Point", "coordinates": [-54.15938342162937, 67.81547291664887]}}, {"type": "Feature", "properties": {"kind": "settlement", "region": "West Greenland", "population": 7649}, "geometry": {"type": "Point", "coordinates": [-52.411132115462095, 69.46697146727263]}}, {"type": "Feature", "properties": {"kind": "settlement", "region": "West Greenland", "population": 154}, "geometry": {"type": "Point", "coordinates": [-55.1452340701218, 64.56463896469585]}}, {"type": "Feature", "properties": {"kind": "settlement", "region": "West Greenland", "population": 6409}, "geometry": {"type": "Point", "coordinates": [-50.838990469317935, 68.29354122234972]}}, {"type": "Feature", "properties": {"kind": "settlement", "region": "West Greenland", "population": 414}, "geometry": {"type": "Point", "coordinates": [-48.08861028645458, 68.70814052608341]}}, {"type": "Feature", "properties": {"kind": "settlement", "region": "West Greenland", "population": 43}, "geometry": {"type": "Point", "coordinates": [-44.16009196307738, 66.30033275023432]}}, {"type": "Feature", "properties": {"kind": "settlement", "region": "West Greenland", "population": 584}, "geometry": {"type": "Point", "coordinates": [-45.38182360926331, 68.97610797571619]}}, {"type": "Feature", "properties": {"kind": "settlement", "region": "West Greenland", "population": 819}, "geometry": {"type": "Point", "coordinates": [-51.198704784534584, 69.5624008656505]}}, {"type": "Feature", "properties": {"kind": "settlement", "region": "West Greenland", "population": 202}, "geometry": {"type": "Point", "coordinates": [-48.552642867680504, 66.20441299941731]}}, {"type": "Feature", "properties": {"kind": "settlement", "region": "West Greenland", "population": 45451}, "geometry": {"type": "Point", "coordinates": [-50.87796189249838, 66.47854125038508]}}, {"type": "Feature", "properties": {"kind": "settlement", "region": "West Greenland", "population": 69}, "geometry": {"type": "Point", "coordinates": [-52.91499135947814, 64.3599689896253]}}, {"type": "Feature", "properties": {"kind": "settlement", "region": "West Greenland", "population": 26041}, "geometry": {"type": "Point", "coordinates": [-49.790297456941516, 65.28528581224721]}}, {"type": "Feature", "properties": {"kind": "settlement", "region": "West Greenland", "population": 35613}, "geometry": {"type": "Point", "coordinates": [-55.67683998828477, 66.91216102445142]}}, {"type": "Feature", "properties": {"kind": "settlement", "region": "West Greenland", "population": 193}, "geometry": {"type": "Point", "coordinates": [-50.327915696751404, 69.89618489705332]}}, {"type": "Feature", "properties": {"kind": "settlement", "region": "West Greenland", "population": 14834}, "geometry": {"type": "Point", "coordinates": [-55.89080398864442, 64.70048002325018]}}, {"type": "Feature", "properties": {"kind": "settlement", "region": "West Greenland", "population": 4432}, "geometry": {"type": "Point", "coordinates": [-49.345130260055555, 68.21471241042472]}}, {"type": "Feature", "properties": {"kind": "settlement", "region": "West Greenland", "population": 3037}, "geometry": {"type": "Point", "coordinates": [-53.08476884494959, 64.958119402751]}}, {"type": "Feature", "properties": {"kind": "settlement", "region": "West Greenland", "population": 194}, "geometry": {"type": "Point", "coordinates": [-51.01206355887993, 69.3114243009404]}}, {"type": "Feature", "properties": {"kind": "settlement", "region": "West Greenland", "population": 90}, "geometry": {"type": "Point", "coordinates": [-49.925386875511094, 66.25773639949276]}}, {"type": "Feature", "properties": {"kind": "settlement", "region": "West Greenland", "population": 797}, "geometry": {"type": "Point", "coordinates": [-48.15174695785663, 68.46712876457204]}}, {"type": "Feature", "properties": {"kind": "settlement", "region": "West Greenland", "population": 40271}, "geometry": {"type": "Point", "coordinates": [-44.744140158798245, 68.96557582553588]}}, {"type": "Feature", "properties": {"kind": "settlement", "region": "West Greenland", "population": 1300}, "geometry": {"type": "Point", "coordinates": [-44.063551083077414, 66.14314564720988]}}, {"type": "Feature", "properties": {"kind": "settlement", "region": "West Greenland", "population": 21275}, "geometry": {"type": "Point", "coordinates": [-44.36132570432153, 67.37716780621517]}}, {"type": "Feature", "properties": {"kind": "settlement", "region": "West Greenland", "population": 121}, "geometry": {"type": "Point", "coordinates": [-51.52086322532426, 66.55855201329376]}}, {"type": "Feature", "properties": {"kind": "settlement", "region": "West Greenland", "population": 179}, "geometry": {"type": "Point", "coordinates": [-48.12591667157423, 69.73405707078723]}}, {"type": "Feature", "properties": {"kind": "settlement", "region": "West Greenland", "population": 10973}, "geometry": {"type": "Point", "coordinates": [-45.482367996761354, 67.95959548464465]}}, {"type": "Feature", "properties": {"kind": "settlement", "region": "West Greenland", "population": 1080}, "geometry": {"type": "Point", "coordinates": [-47.20850910028429, 69.41773860966474]}}, {"type": "Feature", "properties": {"kind": "settlement", "region": "West Greenland", "population": 211}, "geometry": {"type": "Point", "coordinates": [-53.611791153419716, 68.26653399978449]}}, {"type": "Feature", "properties": {"kind": "settlement", "region": "West Greenland", "population": 768}, "geometry": {"type": "Point", "coordinates": [-45.50894003610534, 66.00812910809111]}}, {"type": "Feature", "properties": {"kind": "settlement", "region": "West Greenland", "population": 1606}, "geometry": {"type": "Point", "coordinates": [-51.61112837197342, 68.04312136325458]}}, {"type": "Feature", "properties": {"kind": "settlement", "region": "West Greenland", "population": 477}, "geometry": {"type": "Point", "coordinates": [-45.99729890214681, 66.5581603441096]}}, {"type": "Feature", "properties": {"kind": "settlement", "region": "West Greenland", "population": 12606}, "geometry": {"type": "Point", "coordinates": [-50.38517884722498, 64.89954577103381]}}, {"type": "Feature", "properties": {"kind": "settlement", "region": "West Greenland", "population": 1690}, "geometry": {"type": "Point", "coordinates": [-51.46271503765229, 64.841136352795]}}, {"type": "Feature", "properties": {"kind": "settlement", "region": "West Greenland", "population": 5363}, "geometry": {"type": "Point", "coordinates": [-55.81384805862044, 69.61764888821313]}}, {"type": "Feature", "properties": {"kind": "settlement", "region": "West Greenland", "population": 587}, "geometry": {"type": "Point", "coordinates": [-53.78905897855418, 69.02278904621592]}}, {"type": "Feature", "properties": {"kind": "settlement", "region": "West Greenland", "population": 67}, "geometry": {"type": "Point", "coordinates": [-49.82439612433441, 64.08548618156877]}}, {"type": "Feature", "properties": {"kind": "settlement", "region": "West Greenland", "population": 44359}, "geometry": {"type": "Point", "coordinates": [-44.800531210925016, 64.30021737427258]}}, {"type": "Feature", "properties": {"kind": "settlement", "region": "West Greenland", "population": 987}, "geometry": {"type": "Point", "coordinates": [-53.762329177262174, 69.75576017320057]}}, {"type": "Feature", "properties": {"kind": "settlement", "region": "West Greenland", "population": 1515}, "geometry": {"type": "Point", "coordinates": [-50.04394469509754, 67.51795983447892]}}, {"type": "Feature", "properties": {"kind": "settlement", "region": "West Greenland", "population": 14779}, "geometry": {"type": "Point", "coordinates": [-50.03517661433375, 64.87410331024583]}}, {"type": "Feature", "properties": {"kind": "settlement", "region": "Nunavut", "population": 21730}, "geometry": {"type": "Point", "coordinates": [-100.78601190581846, 66.96872651022883]}}, {"type": "Feature", "properties": {"kind": "settlement", "region": "Nunavut", "population": 438}, "geometry": {"type": "Point", "coordinates": [-96.39310636858754, 69.76617078430726]}}, {"type": "Feature", "properties": {"kind": "settlement", "region": "Nunavut", "population": 2576}, "geometry": {"type": "Point", "coordinates": [-100.33817544118205, 64.61744984899538]}}, {"type": "Feature", "properties": {"kind": "settlement", "region": "Nunavut", "population": 5314}, "geometry": {"type": "Point", "coordinates": [-101.05458148533545, 71.31606885629012]}}, {"type": "Feature", "properties": {"kind": "settlement", "region": "Nunavut", "population": 16286}, "geometry": {"type": "Point", "coordinates": [-96.03007127016754, 72.77936591998757]}}, {"type": "Feature", "properties": {"kind": "settlement", "region": "Nunavut", "population": 315}, "geometry": {"type": "Point", "coordinates": [-91.98472555022764, 68.49620217786112]}}, {"type": "Feature", "properties": {"kind": "settlement", "region": "Nunavut", "population": 705}, "geometry": {"type": "Point", "coordinates": [-101.38472961295963, 66.63726348076153]}}, {"type": "Feature", "properties": {"kind": "settlement", "region": "Nunavut", "population": 248}, "geometry": {"type": "Point", "coordinates": [-87.61368105301305, 63.71205347016344]}}, {"type": "Feature", "properties": {"kind": "settlement", "region": "Nunavut", "population": 21132}, "geometry": {"type": "Point", "coordinates": [-99.31202015164725, 64.32746839891199]}}, {"type": "Feature", "properties": {"kind": "settlement", "region": "Nunavut", "population": 3308}, "geometry": {"type": "Point", "coordinates": [-96.98694933584711, 69.69300957507805]}}, {"type": "Feature", "properties": {"kind": "settlement", "region": "Nunavut", "population": 1184}, "geometry": {"type": "Point", "coordinates": [-103.70071543321727, 64.24738178468077]}}, {"type": "Feature", "properties": {"kind": "settlement", "region": "Nunavut", "population": 1357}, "geometry": {"type": "Point", "coordinates": [-90.44275553683872, 64.33711570572947]}}, {"type": "Feature", "properties": {"kind": "settlement", "region": "Nunavut", "population": 37}, "geometry": {"type": "Point", "coordinates": [-102.83852943055426, 71.31978546949648]}}, {"type": "Feature", "properties": {"kind": "settlement", "region": "Nunavut", "population": 4846}, "geometry": {"type": "Point", "coordinates": [-95.91022398920923, 72.67338178435509]}}, {"type": "Feature", "properties": {"kind": "settlement", "region": "Nunavut", "population": 576}, "geometry": {"type": "Point", "coordinates": [-96.22368919075518, 66.24407598459047]}}, {"type": "Feature", "properties": {"kind": "settlement", "region": "Nunavut", "population": 31831}, "geometry": {"type": "Point", "coordinates": [-101.38738987879017, 63.78852026356159]}}, {"type": "Feature", "properties": {"kind": "settlement", "region": "Nunavut", "population": 62}, "geometry": {"type": "Point", "coordinates": [-97.71120769553683, 67.64326702114593]}}, {"type": "Feature", "properties": {"kind": "settlement", "region": "Nunavut", "population": 30883}, "geometry": {"type": "Point", "coordinates": [-98.34845228204246, 71.80716222222743]}}, {"type": "Feature", "properties": {"kind": "settlement", "region": "Nunavut", "population": 26058}, "geometry": {"type": "Point", "coordinates": [-87.00319940011202, 71.26345523138141]}}, {"type": "Feature", "properties": {"kind": "settlement", "region": "Nunavut", "population": 12691}, "geometry": {"type": "Point", "coordinates": [-97.38773808452476, 69.11233005517413]}}, {"type": "Feature", "properties": {"kind": "settlement", "region": "Nunavut", "population": 476}, "geometry": {"type": "Point", "coordinates": [-93.16571837351198, 69.61528234484024]}}, {"type": "Feature", "properties": {"kind": "settlement", "region": "Nunavut", "population": 10141}, "geometry": {"type": "Point", "coordinates": [-88.46293169000674, 66.19080944312313]}}, {"type": "Feature", "properties": {"kind": "settlement", "region": "Nunavut", "population": 792}, "geometry": {"type": "Point", "coordinates": [-94.18149424100335, 66.61048185838209]}}, {"type": "Feature", "properties": {"kind": "settlement", "region": "Nunavut", "population": 1428}, "geometry": {"type": "Point", "coordinates": [-104.17945083944436, 69.02206517538873]}}, {"type": "Feature", "properties": {"kind": "settlement", "region": "Nunavut", "population": 24030}, "geometry": {"type": "Point", "coordinates": [-96.54454039929367, 65.85124740278556]}}, {"type": "Feature", "properties": {"kind": "settlement", "region": "Nunavut", "population": 506}, "geometry": {"type": "Point", "coordinates": [-97.45346317897858, 65.70063128439521]}}, {"type": "Feature", "properties": {"kind": "settlement", "region": "Nunavut", "population": 1839}, "geometry": {"type": "Point", "coordinates": [-90.82322964168426, 65.07840450482671]}}, {"type": "Feature", "properties": {"kind": "settlement", "region": "Nunavut", "population": 358}, "geometry": {"type": "Point", "coordinates": [-85.94452802198992, 64.24820019035205]}}, {"type": "Feature", "properties": {"kind": "settlement", "region": "Nunavut", "population": 27731}, "geometry": {"type": "Point", "coordinates": [-98.36539555424064, 72.58640831160761]}}, {"type": "Feature", "properties": {"kind": "settlement", "region": "Nunavut", "population": 2781}, "geometry": {"type": "Point", "coordinates": [-92.6272806327838, 69.83638570695837]}}, {"type": "Feature", "properties": {"kind": "settlement", "region": "Nunavut", "population": 15567}, "geometry": {"type": "Point", "coordinates": [-99.81386083179945, 72.10573404094198]}}, {"type": "Feature", "properties": {"kind": "settlement", "region": "Nunavut", "population": 6175}, "geometry": {"type": "Point", "coordinates": [-103.34146201668722, 65.63225911936377]}}, {"type": "Feature", "properties": {"kind": "settlement", "region": "Nunavut", "population": 9008}, "geometry": {"type": "Point", "coordinates": [-87.91837065513445, 72.39642721717095]}}, {"type": "Feature", "properties": {"kind": "settlement", "region": "Nunavut", "population": 858}, "geometry": {"type": "Point", "coordinates": [-95.90502334843183, 72.51414711434305]}}, {"type": "Feature", "properties": {"kind": "settlement", "region": "Nunavut", "population": 1058}, "geometry": {"type": "Point", "coordinates": [-100.41314959894481, 65.58558506294234]}}, {"type": "Feature", "properties": {"kind": "settlement", "region": "Nunavut", "population": 50}, "geometry": {"type": "Point", "coordinates": [-104.57799654433661, 64.45597476796483]}}, {"type": "Feature", "properties": {"kind": "settlement", "region": "Nunavut", "population": 17056}, "geometry": {"type": "Point", "coordinates": [-101.92651717896904, 67.84914322823678]}}, {"type": "Feature", "properties": {"kind": "settlement", "region": "Nunavut", "population": 107}, "geometry": {"type": "Point", "coordinates": [-85.00174482758136, 67.77000132973133]}}, {"type": "Feature", "properties": {"kind": "settlement", "region": "Nunavut", "population": 44912}, "geometry": {"type": "Point", "coordinates": [-89.5964852557548, 68.58391744380633]}}, {"type": "Feature", "properties": {"kind": "settlement", "region": "Nunavut", "population": 563}, "geometry": {"type": "Point", "coordinates": [-91.61945319544776, 68.34550016404695]}}, {"type": "Feature", "properties": {"kind": "settlement", "region": "Nunavut", "population": 54}, "geometry": {"type": "Point", "coordinates": [-90.63781823891178, 67.58816382356538]}}, {"type": "Feature", "properties": {"kind": "settlement", "region": "Nunavut", "population": 61416}, "geometry": {"type": "Point", "coordinates": [-96.52840750250161, 69.99451615979181]}}, {"type": "Feature", "properties": {"kind": "settlement", "region": "Nunavut", "population": 35910}, "geometry": {"type": "Point", "coordinates": [-87.6812721734913, 68.78518956865021]}}, {"type": "Feature", "properties": {"kind": "settlement", "region": "Nunavut", "population": 1745}, "geometry": {"type": "Point", "coordinates": [-87.62009782583732, 67.88667783748905]}}, {"type": "Feature", "properties": {"kind": "settlement", "region": "Nunavut", "population": 7100}, "geometry": {"type": "Point", "coordinates": [-87.25523273086769, 63.86861992779699]}}, {"type": "Feature", "properties": {"kind": "settlement", "region": "Nunavut", "population": 740}, "geometry": {"type": "Point", "coordinates": [-93.06784438933175, 68.42288540635911]}}, {"type": "Feature", "properties": {"kind": "settlement", "region": "Nunavut", "population": 29909}, "geometry": {"type": "Point", "coordinates": [-99.77620182797465, 68.9761911731406]}}, {"type": "Feature", "properties": {"kind": "settlement", "region": "Nunavut", "population": 185}, "geometry": {"type": "Point", "coordinates": [-96.98606122813685, 65.51437755277085]}}, {"type": "Feature", "properties": {"kind": "settlement", "region": "Nunavut", "population": 96}, "geometry": {"type": "Point", "coordinates": [-91.37134673671167, 63.96843930405513]}}, {"type": "Feature", "properties": {"kind": "settlement", "region": "Nunavut", "population": 45681}, "geometry": {"type": "Point", "coordinates": [-90.33718091714505, 63.8931213896123]}}, {"type": "Feature", "properties": {"kind": "settlement", "region": "Nunavut", "population": 10626}, "geometry": {"type": "Point", "coordinates": [-93.63683870880465, 64.83315748440624]}}, {"type": "Feature", "properties": {"kind": "settlement", "region": "Nunavut", "population": 307}, "geometry": {"type": "Point", "coordinates": [-89.11550570277167, 68.35344368292213]}}, {"type": "Feature", "properties": {"kind": "settlement", "region": "Nunavut", "population": 989}, "geometry": {"type": "Point", "coordinates": [-86.81652002946876, 71.62505975936357]}}, {"type": "Feature", "properties": {"kind": "settlement", "region": "Nunavut", "population": 749}, "geometry": {"type": "Point", "coordinates": [-91.75123151657705, 65.52060666210554]}}, {"type": "Feature", "properties": {"kind": "settlement", "region": "Nunavut", "population": 2290}, "geometry": {"type": "Point", "coordinates": [-96.07953191344518, 70.22762462809604]}}, {"type": "Feature", "properties": {"kind": "settlement", "region": "Nunavut", "population": 18237}, "geometry": {"type": "Point", "coordinates": [-89.01066246780863, 63.732351545170886]}}, {"type": "Feature", "properties": {"kind": "settlement", "region": "Nunavut", "population": 317}, "geometry": {"type": "Point", "coordinates": [-101.4675250376986, 66.95338465697354]}}, {"type": "Feature", "properties": {"kind": "settlement", "region": "Nunavut", "population": 50436}, "geometry": {"type": "Point", "coordinates": [-88.53716613250423, 69.18957889143829]}}, {"type": "Feature", "properties": {"kind": "settlement", "region": "Nunavut", "population": 722}, "geometry": {"type": "Point", "coordinates": [-100.74917060956845, 65.20100564429818]}}, {"type": "Feature", "properties": {"kind": "settlement", "region": "Nunavut", "population": 1810}, "geometry": {"type": "Point", "coordinates": [-102.68941402329175, 63.487165771863936]}}, {"type": "Feature", "properties": {"kind": "settlement", "region": "Nunavut", "population": 7944}, "geometry": {"type": "Point", "coordinates": [-92.71887931177966, 66.38531645459592]}}, {"type": "Feature", "properties": {"kind": "settlement", "region": "Nunavut", "population": 50903}, "geometry": {"type": "Point", "coordinates": [-86.07797599968958, 66.30901312341334]}}, {"type": "Feature", "properties": {"kind": "settlement", "region": "Nunavut", "population": 7165}, "geometry": {"type": "Point", "coordinates": [-98.65479871778683, 67.9367150458999]}}, {"type": "Feature", "properties": {"kind": "settlement", "region": "Nunavut", "population": 200}, "geometry": {"type": "Point", "coordinates": [-93.45748567294946, 68.70736443334053]}}, {"type": "Feature", "properties": {"kind": "settlement", "region": "Nunavut", "population": 127}, "geometry": {"type": "Point", "coordinates": [-103.38633661255452, 67.49872332630977]}}, {"type": "Feature", "properties": {"kind": "settlement", "region": "Nunavut", "population": 958}, "geometry": {"type": "Point", "coordinates": [-97.51734697932761, 68.23829589833169]}}, {"type": "Feature", "properties": {"kind": "settlement", "region": "Nunavut", "population": 44397}, "geometry": {"type": "Point", "coordinates": [-87.43563921086681, 68.07758352707295]}}, {"type": "Feature", "properties": {"kind": "settlement", "region": "Nunavut", "population": 4909}, "geometry": {"type": "Point", "coordinates": [-98.53141683253756, 64.78826805224992]}}, {"type": "Feature", "properties": {"kind": "settlement", "region": "Nunavut", "population": 3405}, "geometry": {"type": "Point", "coordinates": [-103.94536106679807, 64.350049719437]}}, {"type": "Feature", "properties": {"kind": "settlement", "region": "Nunavut", "population": 33328}, "geometry": {"type": "Point", "coordinates": [-92.4975058597303, 71.34975180770763]}}, {"type": "Feature", "properties": {"kind": "settlement", "region": "Nunavut", "population": 275}, "geometry": {"type": "Point", "coordinates": [-90.07509756819448, 67.68860499344613]}}, {"type": "Feature", "properties": {"kind": "settlement", "region": "Nunavut", "population": 139}, "geometry": {"type": "Point", "coordinates": [-87.94199729265833, 71.09497324844219]}}, {"type": "Feature", "properties": {"kind": "settlement", "region": "Nunavut", "population": 148}, "geometry": {"type": "Point", "coordinates": [-104.67457485401843, 66.27925940539203]}}, {"type": "Feature", "properties": {"kind": "settlement", "region": "Nunavut", "population": 1865}, "geometry": {"type": "Point", "coordinates": [-103.34437404824772, 64.26709152669015]}}, {"type": "Feature", "properties": {"kind": "settlement", "region": "Nunavut", "population": 389}, "geometry": {"type": "Point", "coordinates": [-103.88061508462025, 69.67522740887631]}}, {"type": "Feature", "properties": {"kind": "settlement", "region": "Nunavut", "population": 49068}, "geometry": {"type": "Point", "coordinates": [-92.99765780319561, 71.78115627115076]}}, {"type": "Feature", "properties": {"kind": "settlement", "region": "Nunavut", "population": 1606}, "geometry": {"type": "Point", "coordinates": [-85.42806620727578, 71.3994560395189]}}, {"type": "Feature", "properties": {"kind": "settlement", "region": "Nunavut", "population": 36}, "geometry": {"type": "Point", "coordinates": [-99.00216584656869, 70.72495832297882]}}, {"type": "Feature", "properties": {"kind": "settlement", "region": "Nunavut", "population": 38453}, "geometry": {"type": "Point", "coordinates": [-104.88073755374462, 70.05828765018389]}}, {"type": "Feature", "properties": {"kind": "settlement", "region": "Nunavut", "population": 48192}, "geometry": {"type": "Point", "coordinates": [-102.16835648565241, 70.6054166971027]}}, {"type": "Feature", "properties": {"kind": "settlement", "region": "Alaska North Slope", "population": 10837}, "geometry": {"type": "Point", "coordinates": [-151.29868756202134, 71.14871058244982]}}, {"type": "Feature", "properties": {"kind": "settlement", "region": "Alaska North Slope", "population": 2248}, "geometry": {"type": "Point", "coordinates": [-150.50297232359628, 66.7901831877644]}}, {"type": "Feature", "properties": {"kind": "settlement", "region": "Alaska North Slope", "population": 115}, "geometry": {"type": "Point", "coordinates": [-157.2450328892649, 66.5653195106761]}}, {"type": "Feature", "properties": {"kind": "settlement", "region": "Alaska North Slope", "population": 163}, "geometry": {"type": "Point", "coordinates": [-143.73627145736634, 72.24030936336237]}}, {"type": "Feature", "properties": {"kind": "settlement", "region": "Alaska North Slope", "population": 12194}, "geometry": {"type": "Point", "coordinates": [-156.31639019705105, 71.70383052408017]}}, {"type": "Feature", "properties": {"kind": "settlement", "region": "Alaska North Slope", "population": 155}, "geometry": {"type": "Point", "coordinates": [-154.72497290332788, 69.27422976243551]}}, {"type": "Feature", "properties": {"kind": "settlement", "region": "Alaska North Slope", "population": 241}, "geometry": {"type": "Point", "coordinates": [-146.25716038393776, 69.51844826825725]}}, {"type": "Feature", "properties": {"kind": "settlement", "region": "Alaska North Slope", "population": 149}, "geometry": {"type": "Point", "coordinates": [-156.1780765076416, 70.71360004463968]}}, {"type": "Feature", "properties": {"kind": "settlement", "region": "Alaska North Slope", "population": 7848}, "geometry": {"type": "Point", "coordinates": [-155.50703963983946, 65.43939839782857]}}, {"type": "Feature", "properties": {"kind": "settlement", "region": "Alaska North Slope", "population": 41842}, "geometry": {"type": "Point", "coordinates": [-151.24386322852726, 71.12118328236961]}}, {"type": "Feature", "properties": {"kind": "settlement", "region": "Alaska North Slope", "population": 88}, "geometry": {"type": "Point", "coordinates": [-142.3403586189251, 67.85778510076247]}}, {"type": "Feature", "properties": {"kind": "settlement", "region": "Alaska North Slope", "population": 84}, "geometry": {"type": "Point", "coordinates": [-152.37864243530393, 68.36231075113974]}}, {"type": "Feature", "properties": {"kind": "settlement", "region": "Alaska North Slope", "population": 10217}, "geometry": {"type": "Point", "coordinates": [-157.32092439922417, 65.18139229120503]}}, {"type": "Feature", "properties": {"kind": "settlement", "region": "Alaska North Slope", "population": 32674}, "geometry": {"type": "Point", "coordinates": [-153.21740567011517, 65.59373478228572]}}, {"type": "Feature", "properties": {"kind": "settlement", "region": "Alaska North Slope", "population": 854}, "geometry": {"type": "Point", "coordinates": [-142.730441450975, 67.74175921549826]}}, {"type": "Feature", "properties": {"kind": "settlement", "region": "Alaska North Slope", "population": 1967}, "geometry": {"type": "Point", "coordinates": [-151.96865799848993, 71.18758610675958]}}, {"type": "Feature", "properties": {"kind": "settlement", "region": "Alaska North Slope", "population": 2872}, "geometry": {"type": "Point", "coordinates": [-148.6755544797207, 68.34799086974377]}}, {"type": "Feature", "properties": {"kind": "settlement", "region": "Alaska North Slope", "population": 24268}, "geometry": {"type": "Point", "coordinates": [-147.80430202215715, 69.50062304422025]}}, {"type": "Feature", "properties": {"kind": "settlement", "region": "Alaska North Slope", "population": 998}, "geometry": {"type": "Point", "coordinates": [-152.80078679129406, 69.91812403279478]}}, {"type": "Feature", "properties": {"kind": "settlement", "region": "Alaska North Slope", "population": 52726}, "geometry": {"type": "Point", "coordinates": [-155.1984734020227, 71.56440527715178]}}, {"type": "Feature", "properties": {"kind": "settlement", "region": "Alaska North Slope", "population": 22235}, "geometry": {"type": "Point", "coordinates": [-145.8624487412569, 66.6046916217733]}}, {"type": "Feature", "properties": {"kind": "settlement", "region": "Alaska North Slope", "population": 50124}, "geometry": {"type": "Point", "coordinates": [-142.70611512895658, 69.68273466985119]}}, {"type": "Feature", "properties": {"kind": "settlement", "region": "Alaska North Slope", "population": 13779}, "geometry": {"type": "Point", "coordinates": [-145.05471334860945, 65.60565622269999]}}, {"type": "Feature", "properties": {"kind": "settlement", "region": "Alaska North Slope", "population": 26864}, "geometry": {"type": "Point", "coordinates": [-150.0203285323203, 69.15256836283807]}}, {"type": "Feature", "properties": {"kind": "settlement", "region": "Alaska North Slope", "population": 174}, "geometry": {"type": "Point", "coordinates": [-152.9424941813583, 70.22072897388384]}}, {"type": "Feature", "properties": {"kind": "settlement", "region": "Alaska North Slope", "population": 10346}, "geometry": {"type": "Point", "coordinates": [-157.2143635951875, 71.59478782200064]}}, {"type": "Feature", "properties": {"kind": "settlement", "region": "Alaska North Slope", "population": 20727}, "geometry": {"type": "Point", "coordinates": [-154.0708214373886, 72.06214837471146]}}, {"type": "Feature", "properties": {"kind": "settlement", "region": "Alaska North Slope", "population": 272}, "geometry": {"type": "Point", "coordinates": [-145.99894416500786, 70.29971594721813]}}, {"type": "Feature", "properties": {"kind": "settlement", "region": "Alaska North Slope", "population": 98}, "geometry": {"type": "Point", "coordinates": [-156.1007236663146, 71.3733332039342]}}, {"type": "Feature", "properties": {"kind": "settlement", "region": "Alaska North Slope", "population": 2160}, "geometry": {"type": "Point", "coordinates": [-155.53861428784327, 72.28186865734315]}}, {"type": "Feature", "properties": {"kind": "settlement", "region": "Alaska North Slope", "population": 36645}, "geometry": {"type": "Point", "coordinates": [-156.8881906079782, 67.82577630634917]}}, {"type": "Feature", "properties": {"kind": "settlement", "region": "Alaska North Slope", "population": 262}, "geometry": {"type": "Point", "coordinates": [-145.64470992358306, 66.42796931584506]}}, {"type": "Feature", "properties": {"kind": "settlement", "region": "Alaska North Slope", "population": 44329}, "geometry": {"type": "Point", "coordinates": [-150.36098088639312, 71.17859228163111]}}, {"type": "Feature", "properties": {"kind": "settlement", "region": "Alaska North Slope", "population": 269}, "geometry": {"type": "Point", "coordinates": [-152.88114584159732, 70.22933716994703]}}, {"type": "Feature", "properties": {"kind": "settlement", "region": "Alaska North Slope", "population": 1843}, "geometry": {"type": "Point", "coordinates": [-154.31882325234798, 70.91533230023664]}}, {"type": "Feature", "properties": {"kind": "settlement", "region": "Alaska North Slope", "population": 3718}, "geometry": {"type": "Point", "coordinates": [-145.9270405047982, 70.05676139664656]}}, {"type": "Feature", "properties": {"kind": "settlement", "region": "Alaska North Slope", "population": 2178}, "geometry": {"type": "Point", "coordinates": [-142.66330004994492, 66.4445695109309]}}, {"type": "Feature", "properties": {"kind": "settlement", "region": "Alaska North Slope", "population": 219}, "geometry": {"type": "Point", "coordinates": [-151.02651442263885, 72.11255196238078]}}, {"type": "Feature", "properties": {"kind": "settlement", "region": "Alaska North Slope", "population": 919}, "geometry": {"type": "Point", "coordinates": [-149.46347628547707, 70.90748239305708]}}, {"type": "Feature", "properties": {"kind": "settlement", "region": "Alaska North Slope", "population": 18298}, "geometry": {"type": "Point", "coordinates": [-153.3911216614092, 71.36730787061313]}}, {"type": "Feature", "properties": {"kind": "settlement", "region": "Alaska North Slope", "population": 926}, "geometry": {"type": "Point", "coordinates": [-142.78624540495184, 68.56393486047642]}}, {"type": "Feature", "properties": {"kind": "settlement", "region": "Alaska North Slope", "population": 103}, "geometry": {"type": "Point", "coordinates": [-153.48615332938286, 65.02682936319077]}}, {"type": "Feature", "properties": {"kind": "settlement", "region": "Alaska North Slope", "population": 1563}, "geometry": {"type": "Point", "coordinates": [-143.27835781756042, 68.36143669280277]}}, {"type": "Feature", "properties": {"kind": "settlement", "region": "Alaska North Slope", "population": 836}, "geometry": {"type": "Point", "coordinates": [-157.53478669219257, 67.18114713683781]}}, {"type": "Feature", "properties": {"kind": "settlement", "region": "Alaska North Slope", "population": 40467}, "geometry": {"type": "Point", "coordinates": [-144.12244543860987, 65.32113004679812]}}, {"type": "Feature", "properties": {"kind": "settlement", "region": "Alaska North Slope", "population": 291}, "geometry": {"type": "Point", "coordinates": [-156.85458740445793, 66.45072776066412]}}, {"type": "Feature", "properties": {"kind": "settlement", "region": "Alaska North Slope", "population": 108}, "geometry": {"type": "Point", "coordinates": [-155.4485782908546, 72.26566163486206]}}, {"type": "Feature", "properties": {"kind": "settlement", "region": "Alaska North Slope", "population": 37}, "geometry": {"type": "Point", "coordinates": [-146.53330704675608, 65.44172938892713]}}, {"type": "Feature", "properties": {"kind": "settlement", "region": "Alaska North Slope", "population": 5322}, "geometry": {"type": "Point", "coordinates": [-153.36028285186032, 67.75719119490066]}}, {"type": "Feature", "properties": {"kind": "settlement", "region": "Alaska North Slope", "population": 234}, "geometry": {"type": "Point", "coordinates": [-146.83060760846584, 72.88192160929172]}}, {"type": "Feature", "properties": {"kind": "settlement", "region": "Alaska North Slope", "population": 204}, "geometry": {"type": "Point", "coordinates": [-156.53839439706974, 70.95572438253757]}}, {"type": "Feature", "properties": {"kind": "settlement", "region": "Alaska North Slope", "population": 732}, "geometry": {"type": "Point", "coordinates": [-149.01510012745416, 66.90520823354287]}}, {"type": "Feature", "properties": {"kind": "settlement", "region": "Alaska North Slope", "population": 34}, "geometry": {"type": "Point", "coordinates": [-155.62496536258269, 66.4996592580728]}}, {"type": "Feature", "properties": {"kind": "settlement", "region": "Alaska North Slope", "population": 282}, "geometry": {"type": "Point", "coordinates": [-144.12909787778187, 69.11700007612951]}}, {"type": "Feature", "properties": {"kind": "settlement", "region": "Alaska North Slope", "population": 763}, "geometry": {"type": "Point", "coordinates": [-154.14129449787995, 69.18604406801667]}}, {"type": "Feature", "properties": {"kind": "settlement", "region": "Alaska North Slope", "population": 1958}, "geometry": {"type": "Point", "coordinates": [-152.62688621070237, 66.79827534553444]}}, {"type": "Feature", "properties": {"kind": "settlement", "region": "Alaska North Slope", "population": 922}, "geometry": {"type": "Point", "coordinates": [-142.79126984842466, 68.11899994852712]}}, {"type": "Feature", "properties": {"kind": "settlement", "region": "Alaska North Slope", "population": 228}, "geometry": {"type": "Point", "coordinates": [-142.2714860914938, 69.54150885952595]}}, {"type": "Feature", "properties": {"kind": "settlement", "region": "Alaska North Slope", "population": 115}, "geometry": {"type": "Point", "coordinates": [-154.6174459629778, 72.88636886393017]}}, {"type": "Feature", "properties": {"kind": "settlement", "region": "Alaska North Slope", "population": 1309}, "geometry": {"type": "Point", "coordinates": [-147.8351471506751, 67.89647575731041]}}, {"type": "Feature", "properties": {"kind": "settlement", "region": "Chukotka", "population": 9146}, "geometry": {"type": "Point", "coordinates": [-179.36017872568414, 63.678604667639114]}}, {"type": "Feature", "properties": {"kind": "settlement", "region": "Chukotka", "population": 790}, "geometry": {"type": "Point", "coordinates": [170.51961344330823, 69.20022195869991]}}, {"type": "Feature", "properties": {"kind": "settlement", "region": "Chukotka", "population": 85}, "geometry": {"type": "Point", "coordinates": [166.5365243843886, 63.922470438370915]}}, {"type": "Feature", "properties": {"kind": "settlement", "region": "Chukotka", "population": 60596}, "geometry": {"type": "Point", "coordinates": [178.07666339118964, 65.44524339886229]}}, {"type": "Feature", "properties": {"kind": "settlement", "region": "Chukotka", "population": 36}, "geometry": {"type": "Point", "coordinates": [176.164258650212, 71.03795543314183]}}, {"type": "Feature", "properties": {"kind": "settlement", "region": "Chukotka", "population": 3966}, "geometry": {"type": "Point", "coordinates": [169.97728595339015, 65.82626481089527]}}, {"type": "Feature", "properties": {"kind": "settlement", "region": "Chukotka", "population": 72}, "geometry": {"type": "Point", "coordinates": [166.95123495552605, 69.72018979094705]}}, {"type": "Feature", "properties": {"kind": "settlement", "region": "Chukotka", "population": 206}, "geometry": {"type": "Point", "coordinates": [-177.07180746473745, 65.78940095923117]}}, {"type": "Feature", "properties": {"kind": "settlement", "region": "Chukotka", "population": 45}, "geometry": {"type": "Point", "coordinates": [172.03964871570201, 62.73932441671012]}}, {"type": "Feature", "properties": {"kind": "settlement", "region": "Chukotka", "population": 15048}, "geometry": {"type": "Point", "coordinates": [178.21645713735506, 70.82115331660755]}}, {"type": "Feature", "properties": {"kind": "settlement", "region": "Chukotka", "population": 94}, "geometry": {"type": "Point", "coordinates": [166.56293710392185, 70.18580882115528]}}, {"type": "Feature", "properties": {"kind": "settlement", "region": "Chukotka", "population": 47}, "geometry": {"type": "Point", "coordinates": [-177.0282868759972, 65.64802340287225]}}, {"type": "Feature", "properties": {"kind": "settlement", "region": "Chukotka", "population": 11821}, "geometry": {"type": "Point", "coordinates": [167.86741429595406, 71.30696955537637]}}, {"type": "Feature", "properties": {"kind": "settlement", "region": "Chukotka", "population": 11741}, "geometry": {"type": "Point", "coordinates": [172.00001320566105, 67.59278596539541]}}, {"type": "Feature", "properties": {"kind": "settlement", "region": "Chukotka", "population": 507}, "geometry": {"type": "Point", "coordinates": [167.30444035827975, 64.89660457512248]}}, {"type": "Feature", "properties": {"kind": "settlement", "region": "Chukotka", "population": 251}, "geometry": {"type": "Point", "coordinates": [-178.09474582405574, 66.55989315537127]}}, {"type": "Feature", "properties": {"kind": "settlement", "region": "Chukotka", "population": 17709}, "geometry": {"type": "Point", "coordinates": [178.6623781116731, 70.4008120673499]}}, {"type": "Feature", "properties": {"kind": "settlement", "region": "Chukotka", "population": 2790}, "geometry": {"type": "Point", "coordinates": [169.67804669396912, 67.23360287662733]}}, {"type": "Feature", "properties": {"kind": "settlement", "region": "Chukotka", "population": 673}, "geometry": {"type": "Point", "coordinates": [170.6501476743265, 67.068641649906]}}, {"type": "Feature", "properties": {"kind": "settlement", "region": "Chukotka", "population": 95}, "geometry": {"type": "Point", "coordinates": [179.86212337795723, 67.90507131907857]}}, {"type": "Feature", "properties": {"kind": "settlement", "region": "Chukotka", "population": 1931}, "geometry": {"type": "Point", "coordinates": [177.89625610694725, 70.70108575430113]}}, {"type": "Feature", "properties": {"kind": "settlement", "region": "Chukotka", "population": 32}, "geometry": {"type": "Point", "coordinates": [-177.4323129711446, 69.38936453511312]}}, {"type": "Feature", "properties": {"kind": "settlement", "region": "Chukotka", "population": 1020}, "geometry": {"type": "Point", "coordinates": [175.10616350076538, 63.95237167580427]}}, {"type": "Feature", "properties": {"kind": "settlement", "region": "Chukotka", "population": 3110}, "geometry": {"type": "Point", "coordinates": [172.58333779141407, 67.48464817418854]}}, {"type": "Feature", "properties": {"kind": "settlement", "region": "Chukotka", "population": 56}, "geometry": {"type": "Point", "coordinates": [177.32131405470932, 67.64992043133931]}}, {"type": "Feature", "properties": {"kind": "settlement", "region": "Chukotka", "population": 103}, "geometry": {"type": "Point", "coordinates": [166.1151106226265, 64.11923365702863]}}, {"type": "Feature", "properties": {"kind": "settlement", "region": "Chukotka", "population": 1643}, "geometry": {"type": "Point", "coordinates": [169.64080104263087, 70.66793948029783]}}, {"type": "Feature", "properties": {"kind": "settlement", "region": "Chukotka", "population": 54}, "geometry": {"type": "Point", "coordinates": [-179.00898476097217, 63.66884496163586]}}, {"type": "Feature", "properties": {"kind": "settlement", "region": "Chukotka", "population": 45809}, "geometry": {"type": "Point", "coordinates": [170.52279587230026, 67.99041130482419]}}, {"type": "Feature", "properties": {"kind": "settlement", "region": "Chukotka", "population": 58}, "geometry": {"type": "Point", "coordinates": [-179.02319036012562, 68.4903057755749]}}, {"type": "Feature", "properties": {"kind": "settlement", "region": "Chukotka", "population": 17919}, "geometry": {"type": "Point", "coordinates": [-178.56419994048667, 69.99426958123374]}}, {"type": "Feature", "properties": {"kind": "settlement", "region": "Chukotka", "population": 9586}, "geometry": {"type": "Point", "coordinates": [-177.41386759903082, 68.32884998200919]}}, {"type": "Feature", "properties": {"kind": "settlement", "region": "Chukotka", "population": 1619}, "geometry": {"type": "Point", "coordinates": [-176.74258606430817, 63.06417103487243]}}, {"type": "Feature", "properties": {"kind": "settlement", "region": "Chukotka", "population": 3756}, "geometry": {"type": "Point", "coordinates": [170.672567407756, 70.50530055001286]}}, {"type": "Feature", "properties": {"kind": "settlement", "region": "Chukotka", "population": 15091}, "geometry": {"type": "Point", "coordinates": [166.90794235917087, 68.39502477947661]}}, {"type": "Feature", "properties": {"kind": "settlement", "region": "Chukotka", "population": 434}, "geometry": {"type": "Point", "coordinates": [173.43032707776126, 62.70538317862037]}}, {"type": "Feature", "properties": {"kind": "settlement", "region": "Chukotka", "population": 13924}, "geometry": {"type": "Point", "coordinates": [170.52300097360956, 67.87518413131602]}}, {"type": "Feature", "properties": {"kind": "settlement", "region": "Chukotka", "population": 40}, "geometry": {"type": "Point", "coordinates": [171.3151411858961, 69.48582178160625]}}, {"type": "Feature", "properties": {"kind": "settlement", "region": "Chukotka", "population": 907}, "geometry": {"type": "Point", "coordinates": [174.07917966649552, 70.59924435550913]}}, {"type": "Feature", "properties": {"kind": "settlement", "region": "Chukotka", "population": 8338}, "geometry": {"type": "Point", "coordinates": [171.0408918441741, 66.1539466521913]}}, {"type": "Feature", "properties": {"kind": "settlement", "region": "Chukotka", "population": 1356}, "geometry": {"type": "Point", "coordinates": [171.53291525440375, 64.84472482998544]}}, {"type": "Feature", "properties": {"kind": "settlement", "region": "Chukotka", "population": 2524}, "geometry": {"type": "Point", "coordinates": [-176.75763486302355, 71.23114093435221]}}, {"type": "Feature", "properties": {"kind": "settlement", "region": "Chukotka", "population": 2749}, "geometry": {"type": "Point", "coordinates": [171.69262774062906, 65.43280674928548]}}, {"type": "Feature", "properties": {"kind": "settlement", "region": "Chukotka", "population": 59196}, "geometry": {"type": "Point", "coordinates": [-178.49245721681746, 66.20490561417323]}}, {"type": "Feature", "properties": {"kind": "settlement", "region": "Chukotka", "population": 25378}, "geometry": {"type": "Point", "coordinates": [-177.99619509510637, 65.16853093707833]}}, {"type": "Feature", "properties": {"kind": "settlement", "region": "Chukotka", "population": 17176}, "geometry": {"type": "Point", "coordinates": [176.39827993020828, 65.39883595137368]}}, {"type": "Feature", "properties": {"kind": "settlement", "region": "Chukotka", "population": 50747}, "geometry": {"type": "Point", "coordinates": [173.48504991397954, 66.31182291257335]}}, {"type": "Feature", "properties": {"kind": "settlement", "region": "Chukotka", "population": 44}, "geometry": {"type": "Point", "coordinates": [173.66750444491822, 70.38914512908757]}}, {"type": "Feature", "properties": {"kind": "settlement", "region": "Chukotka", "population": 56705}, "geometry": {"type": "Point", "coordinates": [172.26671794911232, 65.93233406494889]}}, {"type": "Feature", "properties": {"kind": "settlement", "region": "Chukotka", "population": 103}, "geometry": {"type": "Point", "coordinates": [170.86698412345015, 69.4130391998553]}}, {"type": "Feature", "properties": {"kind": "settlement", "region": "Taymyr / Siberia", "population": 2369}, "geometry": {"type": "Point", "coordinates": [87.77950722012775, 72.95562509817674]}}, {"type": "Feature", "properties": {"kind": "settlement", "region": "Taymyr / Siberia", "population": 131}, "geometry": {"type": "Point", "coordinates": [85.20892915597301, 72.92793178492853]}}, {"type": "Feature", "properties": {"kind": "settlement", "region": "Taymyr / Siberia", "population": 340}, "geometry": {"type": "Point", "coordinates": [105.10165882357802, 76.99424613845281]}}, {"type": "Feature", "properties": {"kind": "settlement", "region": "Taymyr / Siberia", "population": 17318}, "geometry": {"type": "Point", "coordinates": [97.66906179208723, 76.48460331526805]}}, {"type": "Feature", "properties": {"kind": "settlement", "region": "Taymyr / Siberia", "population": 68}, "geometry": {"type": "Point", "coordinates": [89.8768480869308, 73.48994751528416]}}, {"type": "Feature", "properties": {"kind": "settlement", "region": "Taymyr / Siberia", "population": 5531}, "geometry": {"type": "Point", "coordinates": [99.28815077063035, 66.2709580092996]}}, {"type": "Feature", "properties": {"kind": "settlement", "region": "Taymyr / Siberia", "population": 6211}, "geometry": {"type": "Point", "coordinates": [98.48482067531279, 68.90695816212668]}}, {"type": "Feature", "properties": {"kind": "settlement", "region": "Taymyr / Siberia", "population": 184}, "geometry": {"type": "Point", "coordinates": [105.20524243348927, 72.33296957221346]}}, {"type": "Feature", "properties": {"kind": "settlement", "region": "Taymyr / Siberia", "population": 268}, "geometry": {"type": "Point", "coordinates": [95.62911635335746, 75.79383130461872]}}, {"type": "Feature", "properties": {"kind": "settlement", "region": "Taymyr / Siberia", "population": 33081}, "geometry": {"type": "Point", "coordinates": [91.64118892485902, 66.53058592802532]}}, {"type": "Feature", "properties": {"kind": "settlement", "region": "Taymyr / Siberia", "population": 544}, "geometry": {"type": "Point", "coordinates": [90.45101655984479, 70.16967152876603]}}, {"type": "Feature", "properties": {"kind": "settlement", "region": "Taymyr / Siberia", "population": 19232}, "geometry": {"type": "Point", "coordinates": [83.16734206297684, 70.66261082032618]}}, {"type": "Feature", "properties": {"kind": "settlement", "region": "Taymyr / Siberia", "population": 382}, "geometry": {"type": "Point", "coordinates": [99.77907628205202, 67.98675074111223]}}, {"type": "Feature", "properties": {"kind": "settlement", "region": "Taymyr / Siberia", "population": 928}, "geometry": {"type": "Point", "coordinates": [90.38300059599555, 77.3231448684903]}}, {"type": "Feature", "properties": {"kind": "settlement", "region": "Taymyr / Siberia", "population": 44212}, "geometry": {"type": "Point", "coordinates": [88.44362308727023, 75.28016422562233]}}, {"type": "Feature", "properties": {"kind": "settlement", "region": "Taymyr / Siberia", "population": 10971}, "geometry": {"type": "Point", "coordinates": [101.02972384774637, 66.71428396061225]}}, {"type": "Feature", "properties": {"kind": "settlement", "region": "Taymyr / Siberia", "population": 56582}, "geometry": {"type": "Point", "coordinates": [86.57917936451724, 73.06010857229262]}}, {"type": "Feature", "properties": {"kind": "settlement", "region": "Taymyr / Siberia", "population": 900}, "geometry": {"type": "Point", "coordinates": [103.26544597504358, 66.91307857075537]}}, {"type": "Feature", "properties": {"kind": "settlement", "region": "Taymyr / Siberia", "population": 168}, "geometry": {"type": "Point", "coordinates": [99.50990119058247, 73.5121377401178]}}, {"type": "Feature", "properties": {"kind": "settlement", "region": "Taymyr / Siberia", "population": 33}, "geometry": {"type": "Point", "coordinates": [83.68012191502919, 76.9712979343465]}}, {"type": "Feature", "properties": {"kind": "settlement", "region": "Taymyr / Siberia", "population": 7080}, "geometry": {"type": "Point", "coordinates": [89.95623315319864, 68.10469001758808]}}, {"type": "Feature", "properties": {"kind": "settlement", "region": "Taymyr / Siberia", "population": 135}, "geometry": {"type": "Point", "coordinates": [100.520293018894, 74.57462336029505]}}, {"type": "Feature", "properties": {"kind": "settlement", "region": "Taymyr / Siberia", "population": 3566}, "geometry": {"type": "Point", "coordinates": [87.96621873467302, 69.58367395051528]}}, {"type": "Feature", "properties": {"kind": "settlement", "region": "Taymyr / Siberia", "population": 5545}, "geometry": {"type": "Point", "coordinates": [105.44576763627083, 77.51332239434112]}}, {"type": "Feature", "properties": {"kind": "settlement", "region": "Taymyr / Siberia", "population": 281}, "geometry": {"type": "Point", "coordinates": [98.50747017716276, 70.70340947376751]}}, {"type": "Feature", "properties": {"kind": "settlement", "region": "Taymyr / Siberia", "population": 860}, "geometry": {"type": "Point", "coordinates": [87.13868356500643, 70.3115275567851]}}, {"type": "Feature", "properties": {"kind": "settlement", "region": "Taymyr / Siberia", "population": 62}, "geometry": {"type": "Point", "coordinates": [94.33775486416391, 75.33780149428442]}}, {"type": "Feature", "properties": {"kind": "settlement", "region": "Taymyr / Siberia", "population": 20856}, "geometry": {"type": "Point", "coordinates": [85.61390558021901, 74.54902213408593]}}, {"type": "Feature", "properties": {"kind": "settlement", "region": "Taymyr / Siberia", "population": 3777}, "geometry": {"type": "Point", "coordinates": [102.4991890193557, 77.61314642498401]}}, {"type": "Feature", "properties": {"kind": "settlement", "region": "Taymyr / Siberia", "population": 377}, "geometry": {"type": "Point", "coordinates": [86.5694373890779, 68.72422726902622]}}, {"type": "Feature", "properties": {"kind": "settlement", "region": "Taymyr / Siberia", "population": 103}, "geometry": {"type": "Point", "coordinates": [100.53502647558935, 67.93096847013294]}}, {"type": "Feature", "properties": {"kind": "settlement", "region": "Taymyr / Siberia", "population": 39865}, "geometry": {"type": "Point", "coordinates": [105.8582063107417, 71.58347726825961]}}, {"type": "Feature", "properties": {"kind": "settlement", "region": "Taymyr / Siberia", "population": 28919}, "geometry": {"type": "Point", "coordinates": [104.98274294236012, 70.8951099192213]}}, {"type": "Feature", "properties": {"kind": "settlement", "region": "Taymyr / Siberia", "population": 348}, "geometry": {"type": "Point", "coordinates": [101.79262313661394, 71.11940961715618]}}, {"type": "Feature", "properties": {"kind": "settlement", "region": "Taymyr / Siberia", "population": 6619}, "geometry": {"type": "Point", "coordinates": [86.83605622483265, 75.91266206320309]}}, {"type": "Feature", "properties": {"kind": "settlement", "region": "Taymyr / Siberia", "population": 636}, "geometry": {"type": "Point", "coordinates": [87.39666446582953, 73.31315661176586]}}, {"type": "Feature", "properties": {"kind": "settlement", "region": "Taymyr / Siberia", "population": 2296}, "geometry": {"type": "Point", "coordinates": [106.39979321929366, 67.21904102825422]}}, {"type": "Feature", "properties": {"kind": "settlement", "region": "Taymyr / Siberia", "population": 2604}, "geometry": {"type": "Point", "coordinates": [86.97718308167606, 68.18939787791575]}}, {"type": "Feature", "properties": {"kind": "settlement", "region": "Taymyr / Siberia", "population": 47582}, "geometry": {"type": "Point", "coordinates": [95.94393436146902, 66.4747555038976]}}, {"type": "Feature", "properties": {"kind": "settlement", "region": "Taymyr / Siberia", "population": 272}, "geometry": {"type": "Point", "coordinates": [84.17366106182305, 66.47014905047087]}}, {"type": "Feature", "properties": {"kind": "settlement", "region": "Taymyr / Siberia", "population": 1426}, "geometry": {"type": "Point", "coordinates": [97.00779627655538, 76.4285222696423]}}, {"type": "Feature", "properties": {"kind": "settlement", "region": "Taymyr / Siberia", "population": 151}, "geometry": {"type": "Point", "coordinates": [105.33980579466106, 75.03660584557277]}}, {"type": "Feature", "properties": {"kind": "settlement", "region": "Taymyr / Siberia", "population": 689}, "geometry": {"type": "Point", "coordinates": [96.30189558225379, 74.83855708046389]}}, {"type": "Feature", "properties": {"kind": "settlement", "region": "Taymyr / Siberia", "population": 1118}, "geometry": {"type": "Point", "coordinates": [101.36407189067393, 69.38695378023023]}}, {"type": "Feature", "properties": {"kind": "settlement", "region": "Taymyr / Siberia", "population": 74}, "geometry": {"type": "Point", "coordinates": [104.41147256221194, 70.60694197662687]}}, {"type": "Feature", "properties": {"kind": "settlement", "region": "Taymyr / Siberia", "population": 718}, "geometry": {"type": "Point", "coordinates": [86.22822020636227, 66.70817463710847]}}, {"type": "Feature", "properties": {"kind": "settlement", "region": "Taymyr / Siberia", "population": 77}, "geometry": {"type": "Point", "coordinates": [104.78109899725735, 69.05544445613633]}}, {"type": "Feature", "properties": {"kind": "settlement", "region": "Taymyr / Siberia", "population": 707}, "geometry": {"type": "Point", "coordinates": [85.69442788778997, 69.4971533889365]}}, {"type": "Feature", "properties": {"kind": "settlement", "region": "Taymyr / Siberia", "population": 221}, "geometry": {"type": "Point", "coordinates": [85.64580174118498, 66.62534106271903]}}, {"type": "Feature", "properties": {"kind": "settlement", "region": "Taymyr / Siberia", "population": 1235}, "geometry": {"type": "Point", "coordinates": [106.01038789469914, 72.12734168306734]}}, {"type": "Feature", "properties": {"kind": "settlement", "region": "Taymyr / Siberia", "population": 12854}, "geometry": {"type": "Point", "coordinates": [86.85464474893581, 69.8497516023018]}}, {"type": "Feature", "properties": {"kind": "settlement", "region": "Taymyr / Siberia", "population": 5030}, "geometry": {"type": "Point", "coordinates": [85.52897148676078, 73.37264478050075]}}, {"type": "Feature", "properties": {"kind": "settlement", "region": "Taymyr / Siberia", "population": 56538}, "geometry": {"type": "Point", "coordinates": [88.4668172942441, 66.95568657743961]}}, {"type": "Feature", "properties": {"kind": "settlement", "region": "Taymyr / Siberia", "population": 84}, "geometry": {"type": "Point", "coordinates": [94.48363705194822, 70.80193541128341]}}, {"type": "Feature", "properties": {"kind": "settlement", "region": "Taymyr / Siberia", "population": 2759}, "geometry": {"type": "Point", "coordinates": [85.09073971470514, 68.50506511883336]}}, {"type": "Feature", "properties": {"kind": "settlement", "region": "Taymyr / Siberia", "population": 47048}, "geometry": {"type": "Point", "coordinates": [106.00573711445918, 71.29282490688642]}}, {"type": "Feature", "properties": {"kind": "settlement", "region": "Taymyr / Siberia", "population": 23925}, "geometry": {"type": "Point", "coordinates": [84.77311164080612, 72.17787070596493]}}, {"type": "Feature", "properties": {"kind": "settlement", "region": "Taymyr / Siberia", "population": 549}, "geometry": {"type": "Point", "coordinates": [91.19563220476851, 68.18154322500438]}}, {"type": "Feature", "properties": {"kind": "settlement", "region": "Taymyr / Siberia", "population": 1557}, "geometry": {"type": "Point", "coordinates": [106.99283605602972, 73.60989242537008]}}, {"type": "Feature", "properties": {"kind": "settlement", "region": "Taymyr / Siberia", "population": 10389}, "geometry": {"type": "Point", "coordinates": [97.00394388343159, 70.85256544662651]}}, {"type": "Feature", "properties": {"kind": "settlement", "region": "Taymyr / Siberia", "population": 1352}, "geometry": {"type": "Point", "coordinates": [84.5357206075339, 77.39668635548645]}}, {"type": "Feature", "properties": {"kind": "settlement", "region": "Taymyr / Siberia", "population": 142}, "geometry": {"type": "Point", "coordinates": [83.41419557088506, 69.3610115633929]}}, {"type": "Feature", "properties": {"kind": "settlement", "region": "Taymyr / Siberia", "population": 73}, "geometry": {"type": "Point", "coordinates": [100.23628337528811, 77.97251839081844]}}, {"type": "Feature", "properties": {"kind": "settlement", "region": "Taymyr / Siberia", "population": 4642}, "geometry": {"type": "Point", "coordinates": [93.46752370870433, 76.23786333083495]}}, {"type": "Feature", "properties": {"kind": "settlement", "region": "Taymyr / Siberia", "population": 179}, "geometry": {"type": "Point", "coordinates": [98.13305828919187, 74.73952599018165]}}, {"type": "Feature", "properties": {"kind": "settlement", "region": "Taymyr / Siberia", "population": 244}, "geometry": {"type": "Point", "coordinates": [106.8330429976491, 73.53437189072476]}}, {"type": "Feature", "properties": {"kind": "settlement", "region": "Taymyr / Siberia", "population": 22047}, "geometry": {"type": "Point", "coordinates": [90.36348925707046, 69.6966420867579]}}, {"type": "Feature", "properties": {"kind": "settlement", "region": "Taymyr / Siberia", "population": 1565}, "geometry": {"type": "Point", "coordinates": [96.08789485107775, 71.20458597377026]}}, {"type": "Feature", "properties": {"kind": "settlement", "region": "Taymyr / Siberia", "population": 2381}, "geometry": {"type": "Point", "coordinates": [93.62347785709164, 70.55901292737677]}}, {"type": "Feature", "properties": {"kind": "settlement", "region": "Taymyr / Siberia", "population": 43570}, "geometry": {"type": "Point", "coordinates": [102.97816234298614, 72.51934144156552]}}, {"type": "Feature", "properties": {"kind": "settlement", "region": "Scandinavia / Kola", "population": 18385}, "geometry": {"type": "Point", "coordinates": [20.91618213911994, 72.37432345456709]}}, {"type": "Feature", "properties": {"kind": "settlement", "region": "Scandinavia / Kola", "population": 1776}, "geometry": {"type": "Point", "coordinates": [30.482735336679383, 68.81642663273388]}}, {"type": "Feature", "properties": {"kind": "settlement", "region": "Scandinavia / Kola", "population": 760}, "geometry": {"type": "Point", "coordinates": [32.0713565375882, 68.21837962605862]}}, {"type": "Feature", "properties": {"kind": "settlement", "region": "Scandinavia / Kola", "population": 14028}, "geometry": {"type": "Point", "coordinates": [17.921776180145173, 65.76197823718928]}}, {"type": "Feature", "properties": {"kind": "settlement", "region": "Scandinavia / Kola", "population": 822}, "geometry": {"type": "Point", "coordinates": [23.83753602022591, 69.21770820515891]}}, {"type": "Feature", "properties": {"kind": "settlement", "region": "Scandinavia / Kola", "population": 132}, "geometry": {"type": "Point", "coordinates": [28.30075118807767, 70.70610652263564]}}, {"type": "Feature", "properties": {"kind": "settlement", "region": "Scandinavia / Kola", "population": 45}, "geometry": {"type": "Point", "coordinates": [17.783784218098873, 67.83350625682587]}}, {"type": "Feature", "properties": {"kind": "settlement", "region": "Scandinavia / Kola", "population": 59091}, "geometry": {"type": "Point", "coordinates": [18.166795824538156, 67.883943998037]}}, {"type": "Feature", "properties": {"kind": "settlement", "region": "Scandinavia / Kola", "population": 542}, "geometry": {"type": "Point", "coordinates": [25.2727566724015, 67.64506829786801]}}, {"type": "Feature", "properties": {"kind": "settlement", "region": "Scandinavia / Kola", "population": 21965}, "geometry": {"type": "Point", "coordinates": [27.893517727519566, 71.15426871437509]}}, {"type": "Feature", "properties": {"kind": "settlement", "region": "Scandinavia / Kola", "population": 17962}, "geometry": {"type": "Point", "coordinates": [20.717027090995998, 66.0091826675325]}}, {"type": "Feature", "properties": {"kind": "settlement", "region": "Scandinavia / Kola", "population": 1138}, "geometry": {"type": "Point", "coordinates": [19.60642974263868, 69.82475280616947]}}, {"type": "Feature", "properties": {"kind": "settlement", "region": "Scandinavia / Kola", "population": 7916}, "geometry": {"type": "Point", "coordinates": [19.64695901512735, 69.76186932911665]}}, {"type": "Feature", "properties": {"kind": "settlement", "region": "Scandinavia / Kola", "population": 57}, "geometry": {"type": "Point", "coordinates": [32.22475680630299, 70.74755968300478]}}, {"type": "Feature", "properties": {"kind": "settlement", "region": "Scandinavia / Kola", "population": 405}, "geometry": {"type": "Point", "coordinates": [19.816777727234125, 70.0578114123808]}}, {"type": "Feature", "properties": {"kind": "settlement", "region": "Scandinavia / Kola", "population": 972}, "geometry": {"type": "Point", "coordinates": [26.690278714642886, 67.3995269204416]}}, {"type": "Feature", "properties": {"kind": "settlement", "region": "Scandinavia / Kola", "population": 366}, "geometry": {"type": "Point", "coordinates": [23.36366535003748, 66.3250672588488]}}, {"type": "Feature", "properties": {"kind": "settlement", "region": "Scandinavia / Kola", "population": 18282}, "geometry": {"type": "Point", "coordinates": [29.239462144213235, 70.28431603498014]}}, {"type": "Feature", "properties": {"kind": "settlement", "region": "Scandinavia / Kola", "population": 31677}, "geometry": {"type": "Point", "coordinates": [25.827619408115993, 72.83762643711265]}}, {"type": "Feature", "properties": {"kind": "settlement", "region": "Scandinavia / Kola", "population": 832}, "geometry": {"type": "Point", "coordinates": [25.536850345976973, 70.13789088867819]}}, {"type": "Feature", "properties": {"kind": "settlement", "region": "Scandinavia / Kola", "population": 872}, "geometry": {"type": "Point", "coordinates": [25.80791190719836, 68.72466902867285]}}, {"type": "Feature", "properties": {"kind": "settlement", "region": "Scandinavia / Kola", "population": 141}, "geometry": {"type": "Point", "coordinates": [17.31687212290015, 65.08180160855942]}}, {"type": "Feature", "properties": {"kind": "settlement", "region": "Scandinavia / Kola", "population": 777}, "geometry": {"type": "Point", "coordinates": [24.183553135231023, 68.05574810940041]}}, {"type": "Feature", "properties": {"kind": "settlement", "region": "Scandinavia / Kola", "population": 376}, "geometry": {"type": "Point", "coordinates": [26.354203534388603, 68.0751264212094]}}, {"type": "Feature", "properties": {"kind": "settlement", "region": "Scandinavia / Kola", "population": 334}, "geometry": {"type": "Point", "coordinates": [31.897814496265312, 72.07842651374953]}}, {"type": "Feature", "properties": {"kind": "settlement", "region": "Scandinavia / Kola", "population": 4618}, "geometry": {"type": "Point", "coordinates": [23.429151262027148, 67.38788431892554]}}, {"type": "Feature", "properties": {"kind": "settlement", "region": "Scandinavia / Kola", "population": 88}, "geometry": {"type": "Point", "coordinates": [22.73289781624584, 66.60793593499761]}}, {"type": "Feature", "properties": {"kind": "settlement", "region": "Scandinavia / Kola", "population": 3131}, "geometry": {"type": "Point", "coordinates": [28.04748910263629, 72.98541475232159]}}, {"type": "Feature", "properties": {"kind": "settlement", "region": "Scandinavia / Kola", "population": 132}, "geometry": {"type": "Point", "coordinates": [29.13350472646556, 70.64991952235034]}}, {"type": "Feature", "properties": {"kind": "settlement", "region": "Scandinavia / Kola", "population": 327}, "geometry": {"type": "Point", "coordinates": [30.195701525161695, 65.22400820712453]}}, {"type": "Feature", "properties": {"kind": "settlement", "region": "Scandinavia / Kola", "population": 377}, "geometry": {"type": "Point", "coordinates": [27.990615074342912, 66.278484410489]}}, {"type": "Feature", "properties": {"kind": "settlement", "region": "Scandinavia / Kola", "population": 92}, "geometry": {"type": "Point", "coordinates": [29.550167710096872, 66.52454221687103]}}, {"type": "Feature", "properties": {"kind": "settlement", "region": "Scandinavia / Kola", "population": 141}, "geometry": {"type": "Point", "coordinates": [26.489116470311245, 68.75947803084874]}}, {"type": "Feature", "properties": {"kind": "settlement", "region": "Scandinavia / Kola", "population": 59310}, "geometry": {"type": "Point", "coordinates": [21.2438839092614, 66.32583480704336]}}, {"type": "Feature", "properties": {"kind": "settlement", "region": "Scandinavia / Kola", "population": 47}, "geometry": {"type": "Point", "coordinates": [20.153660529059522, 66.43629319277123]}}, {"type": "Feature", "properties": {"kind": "settlement", "region": "Scandinavia / Kola", "population": 64}, "geometry": {"type": "Point", "coordinates": [26.60415673618772, 72.54969503527144]}}, {"type": "Feature", "properties": {"kind": "settlement", "region": "Scandinavia / Kola", "population": 160}, "geometry": {"type": "Point", "coordinates": [20.43196496282519, 71.835407722318]}}, {"type": "Feature", "properties": {"kind": "settlement", "region": "Scandinavia / Kola", "population": 7614}, "geometry": {"type": "Point", "coordinates": [29.03671497614505, 65.07007522060931]}}, {"type": "Feature", "properties": {"kind": "settlement", "region": "Scandinavia / Kola", "population": 54}, "geometry": {"type": "Point", "coordinates": [17.87625569737088, 72.94414078118085]}}, {"type": "Feature", "properties": {"kind": "settlement", "region": "Scandinavia / Kola", "population": 10163}, "geometry": {"type": "Point", "coordinates": [23.03815603738002, 69.67393411127117]}}, {"type": "Feature", "properties": {"kind": "settlement", "region": "Scandinavia / Kola", "population": 2256}, "geometry": {"type": "Point", "coordinates": [18.924022776271954, 71.13338683941842]}}, {"type": "Feature", "properties": {"kind": "settlement", "region": "Scandinavia / Kola", "population": 157}, "geometry": {"type": "Point", "coordinates": [18.742207626403115, 72.63538105262431]}}, {"type": "Feature", "properties": {"kind": "settlement", "region": "Scandinavia / Kola", "population": 1275}, "geometry": {"type": "Point", "coordinates": [30.564488258272803, 71.52100944505405]}}, {"type": "Feature", "properties": {"kind": "settlement", "region": "Scandinavia / Kola", "population": 742}, "geometry": {"type": "Point", "coordinates": [24.926512102833783, 70.43925812336356]}}, {"type": "Feature", "properties": {"kind": "settlement", "region": "Scandinavia / Kola", "population": 11597}, "geometry": {"type": "Point", "coordinates": [20.0017491200621, 65.70201150948702]}}, {"type": "Feature", "properties": {"kind": "settlement", "region": "Scandinavia / Kola", "population": 266}, "geometry": {"type": "Point", "coordinates": [20.828592191597068, 70.50131015012823]}}, {"type": "Feature", "properties": {"kind": "settlement", "region": "Scandinavia / Kola", "population": 16171}, "geometry": {"type": "Point", "coordinates": [29.385547484197986, 69.69955317563792]}}, {"type": "Feature", "properties": {"kind": "settlement", "region": "Scandinavia / Kola", "population": 1416}, "geometry": {"type": "Point", "coordinates": [26.094808684789285, 65.20311465838606]}}, {"type": "Feature", "properties": {"kind": "settlement", "region": "Scandinavia / Kola", "population": 9544}, "geometry": {"type": "Point", "coordinates": [24.553917342101897, 69.39233829709336]}}, {"type": "Feature", "properties": {"kind": "settlement", "region": "Scandinavia / Kola", "population": 756}, "geometry": {"type": "Point", "coordinates": [17.799860010334697, 66.7650085191759]}}, {"type": "Feature", "properties": {"kind": "settlement", "region": "Scandinavia / Kola", "population": 102}, "geometry": {"type": "Point", "coordinates": [21.44634575185364, 70.51837568426042]}}, {"type": "Feature", "properties": {"kind": "settlement", "region": "Scandinavia / Kola", "population": 4116}, "geometry": {"type": "Point", "coordinates": [30.818188305733912, 69.29029154634561]}}, {"type": "Feature", "properties": {"kind": "settlement", "region": "Scandinavia / Kola", "population": 7494}, "geometry": {"type": "Point", "coordinates": [27.594642133608033, 72.26463211729993]}}, {"type": "Feature", "properties": {"kind": "settlement", "region": "Scandinavia / Kola", "population": 544}, "geometry": {"type": "Point", "coordinates": [32.827470426138376, 71.9918733480791]}}, {"type": "Feature", "properties": {"kind": "settlement", "region": "Scandinavia / Kola", "population": 17476}, "geometry": {"type": "Point", "coordinates": [23.179172028652403, 72.57658382610443]}}, {"type": "Feature", "properties": {"kind": "settlement", "region": "Scandinavia / Kola", "population": 1300}, "geometry": {"type": "Point", "coordinates": [27.392127388622185, 69.57941395558989]}}, {"type": "Feature", "properties": {"kind": "settlement", "region": "Scandinavia / Kola", "population": 138}, "geometry": {"type": "Point", "coordinates": [26.149586285238655, 69.20039550032057]}}, {"type": "Feature", "properties": {"kind": "settlement", "region": "Scandinavia / Kola", "population": 3543}, "geometry": {"type": "Point", "coordinates": [27.8428221741882, 66.85338925771177]}}, {"type": "Feature", "properties": {"kind": "settlement", "region": "Scandinavia / Kola", "population": 1529}, "geometry": {"type": "Point", "coordinates": [24.492795461388255, 65.15792251956897]}}, {"type": "Feature", "properties": {"kind": "settlement", "region": "Scandinavia / Kola", "population": 1503}, "geometry": {"type": "Point", "coordinates": [24.16787572133353, 71.29144370274757]}}, {"type": "Feature", "properties": {"kind": "settlement", "region": "Scandinavia / Kola", "population": 37515}, "geometry": {"type": "Point", "coordinates": [30.217110608577798, 66.91247361252374]}}, {"type": "Feature", "properties": {"kind": "settlement", "region": "Scandinavia / Kola", "population": 2286}, "geometry": {"type": "Point", "coordinates": [27.84744975514522, 65.00384703727553]}}, {"type": "Feature", "properties": {"kind": "settlement", "region": "Scandinavia / Kola", "population": 59}, "geometry": {"type": "Point", "coordinates": [21.496609055473726, 67.90095228788594]}}, {"type": "Feature", "properties": {"kind": "settlement", "region": "Scandinavia / Kola", "population": 110}, "geometry": {"type": "Point", "coordinates": [25.136093807794026, 70.6818749550819]}}, {"type": "Feature", "properties": {"kind": "settlement", "region": "Scandinavia / Kola", "population": 100}, "geometry": {"type": "Point", "coordinates": [25.308303675816887, 66.59103053822953]}}, {"type": "Feature", "properties": {"kind": "settlement", "region": "Scandinavia / Kola", "population": 4731}, "geometry": {"type": "Point", "coordinates": [28.132338980289262, 66.25466370207805]}}, {"type": "Feature", "properties": {"kind": "settlement", "region": "Scandinavia / Kola", "population": 23407}, "geometry": {"type": "Point", "coordinates": [22.714281235434612, 66.85769678186858]}}, {"type": "Feature", "properties": {"kind": "settlement", "region": "Scandinavia / Kola", "population": 11581}, "geometry": {"type": "Point", "coordinates": [31.727919267956906, 72.2733945003711]}}, {"type": "Feature", "properties": {"kind": "settlement", "region": "Scandinavia / Kola", "population": 33}, "geometry": {"type": "Point", "coordinates": [32.047930617179276, 68.481666972343]}}, {"type": "Feature", "properties": {"kind": "settlement", "region": "Scandinavia / Kola", "population": 186}, "geometry": {"type": "Point", "coordinates": [26.956442929878307, 71.76172521157464]}}, {"type": "Feature", "properties": {"kind": "settlement", "region": "Scandinavia / Kola", "population": 70}, "geometry": {"type": "Point", "coordinates": [30.40321594518852, 69.23845129966747]}}, {"type": "Feature", "properties": {"kind": "settlement", "region": "Scandinavia / Kola", "population": 1814}, "geometry": {"type": "Point", "coordinates": [29.388306285050987, 67.87761981639102]}}, {"type": "Feature", "properties": {"kind": "settlement", "region": "Scandinavia / Kola", "population": 690}, "geometry": {"type": "Point", "coordinates": [18.003696127515752, 71.60028146863183]}}, {"type": "Feature", "properties": {"kind": "settlement", "region": "Scandinavia / Kola", "population": 785}, "geometry": {"type": "Point", "coordinates": [27.399788359571517, 65.17499280452982]}}, {"type": "Feature", "properties": {"kind": "settlement", "region": "Scandinavia / Kola", "population": 33062}, "geometry": {"type": "Point", "coordinates": [32.60281837684704, 72.49043407221667]}}, {"type": "Feature", "properties": {"kind": "settlement", "region": "Scandinavia / Kola", "population": 1519}, "geometry": {"type": "Point", "coordinates": [26.551428413158874, 68.29644956821394]}}, {"type": "Feature", "properties": {"kind": "settlement", "region": "Scandinavia / Kola", "population": 19815}, "geometry": {"type": "Point", "coordinates": [21.250601182526623, 70.51970589518623]}}, {"type": "Feature", "properties": {"kind": "settlement", "region": "Scandinavia / Kola", "population": 655}, "geometry": {"type": "Point", "coordinates": [32.88267837628234, 72.63123520326191]}}, {"type": "Feature", "properties": {"kind": "settlement", "region": "Scandinavia / Kola", "population": 41}, "geometry": {"type": "Point", "coordinates": [19.554248180588274, 70.6413184848704]}}, {"type": "Feature", "properties": {"kind": "settlement", "region": "Scandinavia / Kola", "population": 57050}, "geometry": {"type": "Point", "coordinates": [32.425669765096586, 67.22501230379841]}}, {"type": "Feature", "properties": {"kind": "settlement", "region": "Scandinavia / Kola", "population": 95}, "geometry": {"type": "Point", "coordinates": [21.10938065682504, 72.62752031455634]}}, {"type": "Feature", "properties": {"kind": "settlement", "region": "Scandinavia / Kola", "population": 174}, "geometry": {"type": "Point", "coordinates": [31.28539025812273, 67.73158068413746]}}, {"type": "Feature", "properties": {"kind": "settlement", "region": "Scandinavia / Kola", "population": 280}, "geometry": {"type": "Point", "coordinates": [26.845689486959287, 70.57344101164696]}}, {"type": "Feature", "properties": {"kind": "settlement", "region": "Scandinavia / Kola", "population": 246}, "geometry": {"type": "Point", "coordinates": [25.72416650108795, 72.19745434714638]}}, {"type": "Feature", "properties": {"kind": "settlement", "region": "Scandinavia / Kola", "population": 29290}, "geometry": {"type": "Point", "coordinates": [28.735102637571174, 70.43261838408462]}}, {"type": "Feature", "properties": {"kind": "settlement", "region": "Scandinavia / Kola", "population": 39951}, "geometry": {"type": "Point", "coordinates": [27.999839473873323, 69.85030753080248]}}, {"type": "Feature", "properties": {"kind": "settlement", "region": "Scandinavia / Kola", "population": 5771}, "geometry": {"type": "Point", "coordinates": [21.121153469822872, 66.9148765198383]}}, {"type": "Feature", "properties": {"kind": "settlement", "region": "Scandinavia / Kola", "population": 158}, "geometry": {"type": "Point", "coordinates": [20.73523485742959, 65.6358360308368]}}, {"type": "Feature", "properties": {"kind": "settlement", "region": "Scandinavia / Kola", "population": 23377}, "geometry": {"type": "Point", "coordinates": [25.307788380974102, 66.54562286554685]}}, {"type": "Feature", "properties": {"kind": "settlement", "region": "Scandinavia / Kola", "population": 964}, "geometry": {"type": "Point", "coordinates": [27.79831144790242, 65.74580531578536]}}, {"type": "Feature", "properties": {"kind": "settlement", "region": "Svalbard", "population": 2268}, "geometry": {"type": "Point", "coordinates": [14.243211495397134, 77.37294840703396]}}, {"type": "Feature", "properties": {"kind": "settlement", "region": "Svalbard", "population": 1711}, "geometry": {"type": "Point", "coordinates": [16.785013143243987, 78.30372367700355]}}, {"type": "Feature", "properties": {"kind": "settlement", "region": "Svalbard", "population": 1466}, "geometry": {"type": "Point", "coordinates": [13.460211257057807, 78.40216258238951]}}, {"type": "Feature", "properties": {"kind": "settlement", "region": "Svalbard", "population": 553}, "geometry": {"type": "Point", "coordinates": [14.481044582104886, 78.10852813337151]}}, {"type": "Feature", "properties": {"kind": "settlement", "region": "Svalbard", "population": 36708}, "geometry": {"type": "Point", "coordinates": [16.447504014787455, 78.53174616344815]}}, {"type": "Feature", "properties": {"kind": "settlement", "region": "Svalbard", "population": 2086}, "geometry": {"type": "Point", "coordinates": [18.076384602505414, 76.56103160684015]}}, {"type": "Feature", "properties": {"kind": "settlement", "region": "Svalbard", "population": 104}, "geometry": {"type": "Point", "coordinates": [18.71192174398135, 78.13076256341583]}}, {"type": "Feature", "properties": {"kind": "settlement", "region": "Svalbard", "population": 34280}, "geometry": {"type": "Point", "coordinates": [17.751614059387038, 79.06719715720493]}}, {"type": "Feature", "properties": {"kind": "settlement", "region": "Svalbard", "population": 5752}, "geometry": {"type": "Point", "coordinates": [16.315015889997966, 78.85487561441661]}}, {"type": "Feature", "properties": {"kind": "settlement", "region": "Svalbard", "population": 2576}, "geometry": {"type": "Point", "coordinates": [18.67588877045813, 79.02284983938358]}}, {"type": "Feature", "properties": {"kind": "settlement", "region": "Svalbard", "population": 53}, "geometry": {"type": "Point", "coordinates": [18.671411753511364, 77.0359934609762]}}, {"type": "Feature", "properties": {"kind": "settlement", "region": "Svalbard", "population": 912}, "geometry": {"type": "Point", "coordinates": [14.202809528913093, 79.26353040887327]}}, {"type": "Feature", "properties": {"kind": "settlement", "region": "Svalbard", "population": 54}, "geometry": {"type": "Point", "coordinates": [17.006207296751654, 79.09937468952083]}}, {"type": "Feature", "properties": {"kind": "settlement", "region": "Svalbard", "population": 631}, "geometry": {"type": "Point", "coordinates": [15.760286114672653, 77.67531094576157]}}, {"type": "Feature", "properties": {"kind": "settlement", "region": "Svalbard", "population": 1436}, "geometry": {"type": "Point", "coordinates": [13.721379833451294, 77.43408261783503]}}, {"type": "Feature", "properties": {"kind": "settlement", "region": "Svalbard", "population": 25546}, "geometry": {"type": "Point", "coordinates": [13.7509715689539, 78.29405199165488]}}, {"type": "Feature", "properties": {"kind": "settlement", "region": "Svalbard", "population": 498}, "geometry": {"type": "Point", "coordinates": [14.726130427682818, 79.47983497745321]}}, {"type": "Feature", "properties": {"kind": "settlement", "region": "Svalbard", "population": 43}, "geometry": {"type": "Point", "coordinates": [13.74872998761117, 78.07644920832263]}}, {"type": "Feature", "properties": {"kind": "settlement", "region": "Svalbard", "population": 2968}, "geometry": {"type": "Point", "coordinates": [17.280985125286094, 78.47889533474819]}}, {"type": "Feature", "properties": {"kind": "settlement", "region": "Svalbard", "population": 2575}, "geometry": {"type": "Point", "coordinates": [18.32249858748756, 78.2064262403894]}}, {"type": "Feature", "properties": {"kind": "settlement", "region": "Svalbard", "population": 4757}, "geometry": {"type": "Point", "coordinates": [14.857688554383543, 77.05068197322993]}}, {"type": "Feature", "properties": {"kind": "settlement", "region": "Svalbard", "population": 47578}, "geometry": {"type": "Point", "coordinates": [13.154441352807567, 76.94985118082174]}}, {"type": "Feature", "properties": {"kind": "settlement", "region": "Svalbard", "population": 1179}, "geometry": {"type": "Point", "coordinates": [17.41179086415289, 76.52996769963147]}}, {"type": "Feature", "properties": {"kind": "settlement", "region": "Svalbard", "population": 923}, "geometry": {"type": "Point", "coordinates": [18.285184121491767, 77.3520180314659]}}, {"type": "Feature", "properties": {"kind": "settlement", "region": "Svalbard", "population": 25126}, "geometry": {"type": "Point", "coordinates": [15.066669803798106, 76.69346832285741]}}, {"type": "Feature", "properties": {"kind": "settlement", "region": "Svalbard", "population": 187}, "geometry": {"type": "Point", "coordinates": [15.028295894975116, 77.74711411586992]}}, {"type": "Feature", "properties": {"kind": "settlement", "region": "Svalbard", "population": 52}, "geometry": {"type": "Point", "coordinates": [17.31458635988068, 79.35846543409639]}}, {"type": "Feature", "properties": {"kind": "settlement", "region": "Svalbard", "population": 18460}, "geometry": {"type": "Point", "coordinates": [13.50197646961226, 77.88671395164063]}}, {"type": "Feature", "properties": {"kind": "settlement", "region": "Svalbard", "population": 4885}, "geometry": {"type": "Point", "coordinates": [18.614876197060397, 78.69364563882401]}}, {"type": "Feature", "properties": {"kind": "settlement", "region": "Svalbard", "population": 126}, "geometry": {"type": "Point", "coordinates": [16.954816154091787, 77.07200306760744]}}, {"type": "Feature", "properties": {"kind": "settlement", "region": "Iceland", "population": 2701}, "geometry": {"type": "Point", "coordinates": [-16.054394021212545, 64.43694128601048]}}, {"type": "Feature", "properties": {"kind": "settlement", "region": "Iceland", "population": 37}, "geometry": {"type": "Point", "coordinates": [-17.505264261405813, 64.38968239683346]}}, {"type": "Feature", "properties": {"kind": "settlement", "region": "Iceland", "population": 1763}, "geometry": {"type": "Point", "coordinates": [-18.38952690576454, 63.98296610464031]}}, {"type": "Feature", "properties": {"kind": "settlement", "region": "Iceland", "population": 7133}, "geometry": {"type": "Point", "coordinates": [-21.126975434405892, 64.2330177046324]}}, {"type": "Feature", "properties": {"kind": "settlement", "region": "Iceland", "population": 513}, "geometry": {"type": "Point", "coordinates": [-19.45357068673269, 66.04167086340611]}}, {"type": "Feature", "properties": {"kind": "settlement", "region": "Iceland", "population": 1660}, "geometry": {"type": "Point", "coordinates": [-21.279551504137345, 65.9478917142926]}}, {"type": "Feature", "properties": {"kind": "settlement", "region": "Iceland", "population": 1468}, "geometry": {"type": "Point", "coordinates": [-16.395921169419154, 63.58994897944746]}}, {"type": "Feature", "properties": {"kind": "settlement", "region": "Iceland", "population": 6299}, "geometry": {"type": "Point", "coordinates": [-20.22846366304691, 63.87219574444035]}}, {"type": "Feature", "properties": {"kind": "settlement", "region": "Iceland", "population": 1805}, "geometry": {"type": "Point", "coordinates": [-19.268446030545107, 66.0593592413782]}}, {"type": "Feature", "properties": {"kind": "settlement", "region": "Iceland", "population": 402}, "geometry": {"type": "Point", "coordinates": [-17.90984312458386, 65.03198093892944]}}, {"type": "Feature", "properties": {"kind": "settlement", "region": "Iceland", "population": 178}, "geometry": {"type": "Point", "coordinates": [-17.662710074283723, 66.30713796946478]}}, {"type": "Feature", "properties": {"kind": "settlement", "region": "Iceland", "population": 3691}, "geometry": {"type": "Point", "coordinates": [-20.964796811580015, 64.58267105132141]}}, {"type": "Feature", "properties": {"kind": "settlement", "region": "Iceland", "population": 33}, "geometry": {"type": "Point", "coordinates": [-20.166984930458995, 65.27875411932675]}}, {"type": "Feature", "properties": {"kind": "settlement", "region": "Iceland", "population": 46363}, "geometry": {"type": "Point", "coordinates": [-17.486405304669773, 65.37654938140417]}}, {"type": "Feature", "properties": {"kind": "settlement", "region": "Iceland", "population": 45}, "geometry": {"type": "Point", "coordinates": [-19.88984197904557, 65.65979567821276]}}, {"type": "Feature", "properties": {"kind": "settlement", "region": "Iceland", "population": 33}, "geometry": {"type": "Point", "coordinates": [-19.937391200581715, 65.8227775429663]}}, {"type": "Feature", "properties": {"kind": "settlement", "region": "Iceland", "population": 305}, "geometry": {"type": "Point", "coordinates": [-17.85213394213133, 66.30559293306064]}}, {"type": "Feature", "properties": {"kind": "settlement", "region": "Iceland", "population": 240}, "geometry": {"type": "Point", "coordinates": [-19.88387205513726, 64.69683163554218]}}, {"type": "Feature", "properties": {"kind": "settlement", "region": "Iceland", "population": 46217}, "geometry": {"type": "Point", "coordinates": [-19.581638806102234, 64.1360916732415]}}, {"type": "Feature", "properties": {"kind": "settlement", "region": "Iceland", "population": 3784}, "geometry": {"type": "Point", "coordinates": [-17.418438737001225, 63.66416516387062]}}, {"type": "Feature", "properties": {"kind": "settlement", "region": "Iceland", "population": 55033}, "geometry": {"type": "Point", "coordinates": [-20.110514047842287, 63.81815975587704]}}, {"type": "Feature", "properties": {"kind": "settlement", "region": "Iceland", "population": 47}, "geometry": {"type": "Point", "coordinates": [-19.099146280406472, 63.89297468099321]}}, {"type": "Feature", "properties": {"kind": "settlement", "region": "Iceland", "population": 96}, "geometry": {"type": "Point", "coordinates": [-18.226361044638736, 65.74643546523863]}}, {"type": "Feature", "properties": {"kind": "settlement", "region": "Iceland", "population": 439}, "geometry": {"type": "Point", "coordinates": [-16.673644754681618, 64.09000541228022]}}, {"type": "Feature", "properties": {"kind": "settlement", "region": "Iceland", "population": 371}, "geometry": {"type": "Point", "coordinates": [-18.708233857297188, 64.82760171156096]}}, {"type": "Feature", "properties": {"kind": "settlement", "region": "Iceland", "population": 963}, "geometry": {"type": "Point", "coordinates": [-21.77903977386859, 65.3060830299673]}}, {"type": "Feature", "properties": {"kind": "settlement", "region": "Iceland", "population": 1846}, "geometry": {"type": "Point", "coordinates": [-17.5475689974449, 65.85812095792829]}}, {"type": "Feature", "properties": {"kind": "settlement", "region": "Iceland", "population": 5611}, "geometry": {"type": "Point", "coordinates": [-17.53928202295151, 64.91209625983792]}}, {"type": "Feature", "properties": {"kind": "settlement", "region": "Iceland", "population": 7836}, "geometry": {"type": "Point", "coordinates": [-21.989035745455254, 64.24375505279578]}}, {"type": "Feature", "properties": {"kind": "settlement", "region": "Iceland", "population": 19357}, "geometry": {"type": "Point", "coordinates": [-17.623459915564496, 65.84118628687544]}}, {"type": "Feature", "properties": {"kind": "settlement", "region": "Iceland", "population": 15656}, "geometry": {"type": "Point", "coordinates": [-21.6769720020105, 66.04843705995455]}}, {"type": "Feature", "properties": {"kind": "settlement", "region": "Iceland", "population": 110}, "geometry": {"type": "Point", "coordinates": [-16.078215170981053, 64.03587065388494]}}, {"type": "Feature", "properties": {"kind": "settlement", "region": "Iceland", "population": 180}, "geometry": {"type": "Point", "coordinates": [-20.724454006988196, 63.98374976444785]}}, {"type": "Feature", "properties": {"kind": "settlement", "region": "Iceland", "population": 114}, "geometry": {"type": "Point", "coordinates": [-20.69944289760258, 64.34783593483611]}}, {"type": "Feature", "properties": {"kind": "settlement", "region": "Iceland", "population": 1163}, "geometry": {"type": "Point", "coordinates": [-19.714625616796923, 65.5207043206326]}}, {"type": "Feature", "properties": {"kind": "settlement", "region": "Iceland", "population": 33}, "geometry": {"type": "Point", "coordinates": [-16.40083215191106, 66.30281371508686]}}, {"type": "Feature", "properties": {"kind": "settlement", "region": "Iceland", "population": 161}, "geometry": {"type": "Point", "coordinates": [-17.050646841176302, 64.53876617019023]}}, {"type": "Feature", "properties": {"kind": "settlement", "region": "Iceland", "population": 53}, "geometry": {"type": "Point", "coordinates": [-17.085005908842163, 64.39205037913324]}}, {"type": "Feature", "properties": {"kind": "settlement", "region": "Iceland", "population": 11704}, "geometry": {"type": "Point", "coordinates": [-19.9448626669315, 66.03137188689826]}}, {"type": "Feature", "properties": {"kind": "settlement", "region": "Iceland", "population": 6793}, "geometry": {"type": "Point", "coordinates": [-19.85576088845113, 64.39972252221139]}}, {"type": "Feature", "properties": {"kind": "settlement", "region": "Iceland", "population": 11968}, "geometry": {"type": "Point", "coordinates": [-21.358805587663852, 64.97759618799289]}}, {"type": "Feature", "properties": {"kind": "settlement", "region": "Iceland", "population": 59}, "geometry": {"type": "Point", "coordinates": [-21.758917849346034, 66.05172987101784]}}, {"type": "Feature", "properties": {"kind": "settlement", "region": "Iceland", "population": 3399}, "geometry": {"type": "Point", "coordinates": [-21.27956949672435, 64.88091901046771]}}, {"type": "Feature", "properties": {"kind": "settlement", "region": "Iceland", "population": 190}, "geometry": {"type": "Point", "coordinates": [-16.61337654657291, 65.84994935398582]}}, {"type": "Feature", "properties": {"kind": "settlement", "region": "Iceland", "population": 6726}, "geometry": {"type": "Point", "coordinates": [-18.092165854643866, 63.84045596646654]}}, {"type": "Feature", "properties": {"kind": "settlement", "region": "Iceland", "population": 3605}, "geometry": {"type": "Point", "coordinates": [-20.494030536376385, 64.82582516286442]}}, {"type": "Feature", "properties": {"kind": "settlement", "region": "Iceland", "population": 70}, "geometry": {"type": "Point", "coordinates": [-19.866083794388175, 64.11351846058267]}}, {"type": "Feature", "properties": {"kind": "settlement", "region": "Iceland", "population": 2112}, "geometry": {"type": "Point", "coordinates": [-19.33870685689945, 64.68191823621073]}}, {"type": "Feature", "properties": {"kind": "settlement", "region": "Iceland", "population": 772}, "geometry": {"type": "Point", "coordinates": [-16.59932701462131, 64.93736871133585]}}, {"type": "Feature", "properties": {"kind": "settlement", "region": "Iceland", "population": 1030}, "geometry": {"type": "Point", "coordinates": [-17.6125342712364, 64.52500756460171]}}, {"type": "Feature", "properties": {"kind": "settlement", "region": "Yamal", "population": 4386}, "geometry": {"type": "Point", "coordinates": [66.391517659128, 65.77061432721288]}}, {"type": "Feature", "properties": {"kind": "settlement", "region": "Yamal", "population": 104}, "geometry": {"type": "Point", "coordinates": [73.59720391147187, 65.57843911128276]}}, {"type": "Feature", "properties": {"kind": "settlement", "region": "Yamal", "population": 92}, "geometry": {"type": "Point", "coordinates": [72.63754326665145, 66.74127254651702]}}, {"type": "Feature", "properties": {"kind": "settlement", "region": "Yamal", "population": 2241}, "geometry": {"type": "Point", "coordinates": [67.31720264436024, 68.1839073753566]}}, {"type": "Feature", "properties": {"kind": "settlement", "region": "Yamal", "population": 11602}, "geometry": {"type": "Point", "coordinates": [64.04189711793805, 66.22358610004042]}}, {"type": "Feature", "properties": {"kind": "settlement", "region": "Yamal", "population": 1045}, "geometry": {"type": "Point", "coordinates": [67.91878092700455, 66.75737103746042]}}, {"type": "Feature", "properties": {"kind": "settlement", "region": "Yamal", "population": 2415}, "geometry": {"type": "Point", "coordinates": [67.42536809427145, 70.18771582574392]}}, {"type": "Feature", "properties": {"kind": "settlement", "region": "Yamal", "population": 5413}, "geometry": {"type": "Point", "coordinates": [69.4966729765556, 67.01649629074451]}}, {"type": "Feature", "properties": {"kind": "settlement", "region": "Yamal", "population": 138}, "geometry": {"type": "Point", "coordinates": [64.02630407168442, 69.14125017675102]}}, {"type": "Feature", "properties": {"kind": "settlement", "region": "Yamal", "population": 26537}, "geometry": {"type": "Point", "coordinates": [64.66635423417608, 70.00523959258845]}}, {"type": "Feature", "properties": {"kind": "settlement", "region": "Yamal", "population": 1898}, "geometry": {"type": "Point", "coordinates": [68.2837658279858, 65.40520990974353]}}, {"type": "Feature", "properties": {"kind": "settlement", "region": "Yamal", "population": 34}, "geometry": {"type": "Point", "coordinates": [69.49065795407708, 70.81675224219725]}}, {"type": "Feature", "properties": {"kind": "settlement", "region": "Yamal", "population": 8518}, "geometry": {"type": "Point", "coordinates": [71.73590971683677, 69.98021279957547]}}, {"type": "Feature", "properties": {"kind": "settlement", "region": "Yamal", "population": 352}, "geometry": {"type": "Point", "coordinates": [75.06698596843978, 68.7239195338078]}}, {"type": "Feature", "properties": {"kind": "settlement", "region": "Yamal", "population": 59}, "geometry": {"type": "Point", "coordinates": [72.74677023563655, 65.14269125571312]}}, {"type": "Feature", "properties": {"kind": "settlement", "region": "Yamal", "population": 1210}, "geometry": {"type": "Point", "coordinates": [69.00488583937295, 65.00681901556439]}}, {"type": "Feature", "properties": {"kind": "settlement", "region": "Yamal", "population": 8652}, "geometry": {"type": "Point", "coordinates": [73.43792945215279, 66.53414998598535]}}, {"type": "Feature", "properties": {"kind": "settlement", "region": "Yamal", "population": 2916}, "geometry": {"type": "Point", "coordinates": [69.31466339764788, 68.17658555766282]}}, {"type": "Feature", "properties": {"kind": "settlement", "region": "Yamal", "population": 2627}, "geometry": {"type": "Point", "coordinates": [68.82250793278948, 68.17232069507075]}}, {"type": "Feature", "properties": {"kind": "settlement", "region": "Yamal", "population": 39701}, "geometry": {"type": "Point", "coordinates": [64.59102920380553, 68.17754534499542]}}, {"type": "Feature", "properties": {"kind": "settlement", "region": "Yamal", "population": 20691}, "geometry": {"type": "Point", "coordinates": [64.05931598886428, 66.26684865924643]}}, {"type": "Feature", "properties": {"kind": "settlement", "region": "Yamal", "population": 8955}, "geometry": {"type": "Point", "coordinates": [67.75809356482455, 68.41705301164097]}}, {"type": "Feature", "properties": {"kind": "settlement", "region": "Yamal", "population": 99}, "geometry": {"type": "Point", "coordinates": [67.31977419836443, 70.86627600389279]}}, {"type": "Feature", "properties": {"kind": "settlement", "region": "Yamal", "population": 7776}, "geometry": {"type": "Point", "coordinates": [64.26427741698961, 67.03166863581261]}}, {"type": "Feature", "properties": {"kind": "settlement", "region": "Yamal", "population": 19527}, "geometry": {"type": "Point", "coordinates": [71.26409893422272, 70.80341915565039]}}, {"type": "Feature", "properties": {"kind": "settlement", "region": "Yamal", "population": 40}, "geometry": {"type": "Point", "coordinates": [72.3773334954032, 68.94628759590482]}}, {"type": "Feature", "properties": {"kind": "settlement", "region": "Yamal", "population": 8799}, "geometry": {"type": "Point", "coordinates": [73.40071513064825, 65.43620605362288]}}, {"type": "Feature", "properties": {"kind": "settlement", "region": "Yamal", "population": 1917}, "geometry": {"type": "Point", "coordinates": [74.48701067370774, 66.45555202240688]}}, {"type": "Feature", "properties": {"kind": "settlement", "region": "Yamal", "population": 187}, "geometry": {"type": "Point", "coordinates": [74.62688838598501, 68.47886307735811]}}, {"type": "Feature", "properties": {"kind": "settlement", "region": "Yamal", "population": 4086}, "geometry": {"type": "Point", "coordinates": [75.85952361288673, 66.47724262278857]}}, {"type": "Feature", "properties": {"kind": "settlement", "region": "Yamal", "population": 172}, "geometry": {"type": "Point", "coordinates": [65.24633281467914, 70.76818783020018]}}, {"type": "Feature", "properties": {"kind": "settlement", "region": "Yamal", "population": 34740}, "geometry": {"type": "Point", "coordinates": [67.17082615941393, 70.91771102278508]}}, {"type": "Feature", "properties": {"kind": "settlement", "region": "Yamal", "population": 20128}, "geometry": {"type": "Point", "coordinates": [68.18572440702917, 66.23866500393213]}}, {"type": "Feature", "properties": {"kind": "settlement", "region": "Yamal", "population": 4966}, "geometry": {"type": "Point", "coordinates": [64.2251335396794, 68.08449449325092]}}, {"type": "Feature", "properties": {"kind": "settlement", "region": "Yamal", "population": 32}, "geometry": {"type": "Point", "coordinates": [71.5584843856432, 67.10126941156122]}}, {"type": "Feature", "properties": {"kind": "settlement", "region": "Yamal", "population": 82}, "geometry": {"type": "Point", "coordinates": [65.20529021775542, 70.50925355742511]}}, {"type": "Feature", "properties": {"kind": "settlement", "region": "Yamal", "population": 39}, "geometry": {"type": "Point", "coordinates": [67.2293257917996, 67.36555739371293]}}, {"type": "Feature", "properties": {"kind": "settlement", "region": "Yamal", "population": 129}, "geometry": {"type": "Point", "coordinates": [74.09940627576484, 70.30077932690968]}}, {"type": "Feature", "properties": {"kind": "settlement", "region": "Yamal", "population": 49305}, "geometry": {"type": "Point", "coordinates": [72.00640508478745, 70.08496246944333]}}, {"type": "Feature", "properties": {"kind": "settlement", "region": "Yamal", "population": 5845}, "geometry": {"type": "Point", "coordinates": [71.52697977321614, 69.05580365079824]}}, {"type": "Feature", "properties": {"kind": "settlement", "region": "Yamal", "population": 180}, "geometry": {"type": "Point", "coordinates": [71.82282273336313, 70.64604845833061]}}, {"type": "Feature", "properties": {"kind": "settlement", "region": "Yamal", "population": 604}, "geometry": {"type": "Point", "coordinates": [69.58822596227861, 65.34391783215234]}}, {"type": "Feature", "properties": {"kind": "settlement", "region": "Yamal", "population": 40487}, "geometry": {"type": "Point", "coordinates": [74.12717171106857, 69.94585206162192]}}, {"type": "Feature", "properties": {"kind": "settlement", "region": "Yamal", "population": 130}, "geometry": {"type": "Point", "coordinates": [71.04128975479443, 66.15658757366161]}}, {"type": "Feature", "properties": {"kind": "settlement", "region": "Yamal", "population": 61314}, "geometry": {"type": "Point", "coordinates": [75.41456998427125, 69.27287029551373]}}, {"type": "Feature", "properties": {"kind": "settlement", "region": "Yamal", "population": 15219}, "geometry": {"type": "Point", "coordinates": [69.40712863951978, 65.8240341192182]}}, {"type": "Feature", "properties": {"kind": "settlement", "region": "Yamal", "population": 4192}, "geometry": {"type": "Point", "coordinates": [64.95459516038957, 66.54377368767494]}}, {"type": "Feature", "properties": {"kind": "settlement", "region": "Yamal", "population": 164}, "geometry": {"type": "Point", "coordinates": [68.49883060650757, 65.03174352947107]}}, {"type": "Feature", "properties": {"kind": "settlement", "region": "Yamal", "population": 46}, "geometry": {"type": "Point", "coordinates": [75.20557490066912, 65.08827326751323]}}, {"type": "Feature", "properties": {"kind": "settlement", "region": "Yamal", "population": 42}, "geometry": {"type": "Point", "coordinates": [70.46342840569585, 69.23452496509131]}}]}